slaughterhouse_id,year,supplier_type,distance_km,moran_i,z_score,p_value,connected_share,selected
SH_MT_01,2013,direct,50.0,0.9133250071678994,2.533125917436747,0.02,0.5625,False
SH_MT_01,2013,direct,60.0,0.4653121898103882,1.8901440438658053,0.12,0.8125,False
SH_MT_01,2013,direct,70.0,0.3315601199161694,1.2258784076283247,0.28,0.875,False
SH_MT_01,2013,direct,80.0,0.3254874777578595,1.4599158995488626,0.23,0.875,False
SH_MT_01,2013,direct,90.0,0.32959619686760905,2.398425126187364,0.13,0.875,False
SH_MT_01,2013,direct,100.0,0.34282517781893324,2.4836793843821376,0.05,0.875,False
SH_MT_01,2013,direct,110.0,0.37008300915539377,2.6480253408622874,0.06,0.875,False
SH_MT_01,2013,direct,120.0,0.3052958445860849,2.4479836581439596,0.04,0.9375,False
SH_MT_01,2013,direct,130.0,0.2843326987954984,2.6709809659830266,0.05,0.9375,True
SH_MT_01,2013,direct,140.0,0.24207872332871602,2.6135419689298356,0.04,0.9375,False
SH_MT_01,2013,direct,150.0,0.1422707280483026,2.1286122850536047,0.28,0.9375,False
SH_MT_01,2013,direct,160.0,0.06886273722479362,1.565191884828823,0.66,0.9375,False
SH_MT_01,2013,direct,170.0,0.15212379683678615,1.8436029181280778,0.27,1.0,False
SH_MT_01,2013,direct,180.0,0.03308572013698946,1.2566584475969562,0.76,1.0,False
SH_MT_01,2013,direct,190.0,0.017704963029316408,1.116073846191839,0.91,1.0,False
SH_MT_01,2013,direct,200.0,-0.06832347739793403,-0.012767767444127729,0.61,1.0,False
SH_MT_01,2013,direct,210.0,-0.08772873163023263,-0.42660520505036414,0.35,1.0,False
SH_MT_01,2013,direct,220.0,-0.06051644714715336,0.25283835649786107,0.62,1.0,False
SH_MT_01,2013,tier1_indirect,50.0,,,,,True
SH_MT_01,2014,direct,50.0,0.7134816149505481,3.526007632889063,0.02,0.7368421052631579,True
SH_MT_01,2014,direct,60.0,0.5226189997599555,2.3140918334318967,0.03,0.8421052631578947,False
SH_MT_01,2014,direct,70.0,0.466495004646665,2.7446153674257894,0.05,0.8947368421052632,False
SH_MT_01,2014,direct,80.0,0.4201536474170593,2.4834268566430198,0.02,0.8947368421052632,False
SH_MT_01,2014,direct,90.0,0.26164516038186464,2.0965472567966947,0.1,0.8947368421052632,False
SH_MT_01,2014,direct,100.0,0.2742260327492694,2.288294791548851,0.08,0.8947368421052632,False
SH_MT_01,2014,direct,110.0,0.26755368225031834,2.926194228393654,0.05,0.8947368421052632,False
SH_MT_01,2014,direct,120.0,0.15989844443985746,2.1240605248468123,0.2,0.9473684210526315,False
SH_MT_01,2014,direct,130.0,0.1368013206837764,1.9656359840383866,0.29,0.9473684210526315,False
SH_MT_01,2014,direct,140.0,0.13223639502837553,2.509201480125204,0.2,0.9473684210526315,False
SH_MT_01,2014,direct,150.0,0.08504902308816208,1.955168490293793,0.38,0.9473684210526315,False
SH_MT_01,2014,direct,160.0,0.04768985992342801,1.435006527550786,0.67,0.9473684210526315,False
SH_MT_01,2014,direct,170.0,0.12034717374955198,2.398212096123593,0.27,1.0,False
SH_MT_01,2014,direct,180.0,-0.0007742212759464298,0.8965604047987578,0.99,1.0,False
SH_MT_01,2014,direct,190.0,-0.015838186713830794,0.7515116574638583,0.91,1.0,False
SH_MT_01,2014,direct,200.0,-0.06833153728850425,-0.39696719165899663,0.4,1.0,False
SH_MT_01,2014,direct,210.0,-0.07028332375394136,-0.4075867121431731,0.32,1.0,False
SH_MT_01,2014,direct,220.0,-0.06454354729887393,-0.36575503512617846,0.38,1.0,False
SH_MT_01,2014,tier1_indirect,160.0,,,,,True
SH_MT_01,2015,direct,50.0,0.9771818580540472,3.9454188980388536,0.01,0.75,False
SH_MT_01,2015,direct,60.0,0.847864164432529,3.4290614547891325,0.01,0.9375,False
SH_MT_01,2015,direct,70.0,0.8209996362509597,4.4509512964980384,0.01,1.0,False
SH_MT_01,2015,direct,80.0,0.717918746034526,4.507756892740365,0.01,1.0,False
SH_MT_01,2015,direct,90.0,0.5458458368056293,4.9124278013994775,0.01,1.0,False
SH_MT_01,2015,direct,100.0,0.5400146975141249,5.780967187815024,0.01,1.0,True
SH_MT_01,2015,direct,110.0,0.4908649742606389,4.484310114068839,0.01,1.0,False
SH_MT_01,2015,direct,120.0,0.3789676840247724,3.9441802806339874,0.01,1.0,False
SH_MT_01,2015,direct,130.0,0.3271333662497929,4.148893805163251,0.01,1.0,False
SH_MT_01,2015,direct,140.0,0.2480522416989606,3.8585730278893067,0.01,1.0,False
SH_MT_01,2015,direct,150.0,0.15897407854680815,4.107522842214862,0.05,1.0,False
SH_MT_01,2015,direct,160.0,0.06612212460502166,1.964802717514309,0.5,1.0,False
SH_MT_01,2015,direct,170.0,-0.01535065280804702,0.8290661835193028,0.95,1.0,False
SH_MT_01,2015,direct,180.0,-0.030002171012450292,1.0850469320416927,0.9,1.0,False
SH_MT_01,2015,direct,190.0,-0.05879047793741906,0.11292533492124719,0.58,1.0,False
SH_MT_01,2015,direct,200.0,-0.07520633015028587,-0.3398357791046738,0.41,1.0,False
SH_MT_01,2015,direct,210.0,-0.09201537389595646,-0.8302161509990476,0.15,1.0,False
SH_MT_01,2015,direct,220.0,-0.09590682694917003,-1.2646729007146582,0.1,1.0,False
SH_MT_01,2015,tier1_indirect,50.0,,,,0.0,False
SH_MT_01,2015,tier1_indirect,60.0,,,,0.0,False
SH_MT_01,2015,tier1_indirect,70.0,,,,0.0,False
SH_MT_01,2015,tier1_indirect,80.0,,,,0.0,False
SH_MT_01,2015,tier1_indirect,90.0,,,,0.0,False
SH_MT_01,2015,tier1_indirect,100.0,,,,0.0,False
SH_MT_01,2015,tier1_indirect,110.0,-0.5839874411302982,-0.31812910910967934,0.68,0.4,False
SH_MT_01,2015,tier1_indirect,120.0,-0.823910333364115,-0.8491817426891591,0.54,0.8,False
SH_MT_01,2015,tier1_indirect,130.0,-0.823910333364115,-0.8200488070240916,0.63,0.8,False
SH_MT_01,2015,tier1_indirect,140.0,-0.823910333364115,-0.7232943040154237,0.54,0.8,False
SH_MT_01,2015,tier1_indirect,150.0,-0.823910333364115,-0.7507296241263702,0.54,0.8,False
SH_MT_01,2015,tier1_indirect,160.0,-0.823910333364115,-0.7274727186909543,0.59,0.8,False
SH_MT_01,2015,tier1_indirect,170.0,-0.823910333364115,-0.7308762122757572,0.53,0.8,False
SH_MT_01,2015,tier1_indirect,180.0,-0.823910333364115,-0.5194004944353625,0.57,0.8,True
SH_MT_01,2015,tier1_indirect,190.0,-0.823910333364115,-0.9172325879389936,0.54,0.8,False
SH_MT_01,2015,tier1_indirect,200.0,-0.823910333364115,-0.7888293931790912,0.62,0.8,False
SH_MT_01,2015,tier1_indirect,210.0,-0.823910333364115,-0.8477265921274835,0.49,0.8,False
SH_MT_01,2015,tier1_indirect,220.0,-0.9831471049958447,-1.2394993497193125,0.11,1.0,False
SH_MT_01,2016,direct,50.0,0.6348329621380846,1.8731287044310319,0.12,0.7142857142857143,False
SH_MT_01,2016,direct,60.0,0.43169265033407567,1.6547761741157205,0.25,0.7142857142857143,False
SH_MT_01,2016,direct,70.0,0.6053223399548565,2.8582801483024385,0.04,0.7857142857142857,False
SH_MT_01,2016,direct,80.0,0.5560111133607794,2.413903666013011,0.03,0.7857142857142857,False
SH_MT_01,2016,direct,90.0,0.5209011420815429,3.2573712983325334,0.02,0.7857142857142857,False
SH_MT_01,2016,direct,100.0,0.5209011420815429,2.9896842360112528,0.02,0.7857142857142857,False
SH_MT_01,2016,direct,110.0,0.580237789925986,3.9695876640684937,0.01,0.7857142857142857,True
SH_MT_01,2016,direct,120.0,0.3685210275234403,3.2718233253458453,0.01,0.8571428571428571,False
SH_MT_01,2016,direct,130.0,0.1460936458987684,1.8092229168031082,0.41,0.9285714285714286,False
SH_MT_01,2016,direct,140.0,0.10902882209489488,1.353686273880251,0.53,0.9285714285714286,False
SH_MT_01,2016,direct,150.0,0.12388185098467204,1.7977562452102567,0.4,0.9285714285714286,False
SH_MT_01,2016,direct,160.0,0.014537195667485204,0.8285135054149897,0.93,0.9285714285714286,False
SH_MT_01,2016,direct,170.0,0.13696183250470553,1.8002195337888078,0.35,1.0,False
SH_MT_01,2016,direct,180.0,0.11429045465793794,1.3378674849496315,0.43,1.0,False
SH_MT_01,2016,direct,190.0,0.09448011239770704,1.717077782755076,0.53,1.0,False
SH_MT_01,2016,direct,200.0,0.05002587118400034,1.4036137912688575,0.77,1.0,False
SH_MT_01,2016,direct,210.0,0.05291197048435357,1.3656222922009444,0.73,1.0,False
SH_MT_01,2016,direct,220.0,0.05158840231780099,1.5505102421331247,0.63,1.0,False
SH_MT_01,2016,tier1_indirect,50.0,-1.0936914428482196,-0.874418013024319,0.36,0.4,False
SH_MT_01,2016,tier1_indirect,60.0,-1.0936914428482196,-0.9745056772885258,0.33,0.4,False
SH_MT_01,2016,tier1_indirect,70.0,-1.0936914428482196,-0.9015817522240306,0.37,0.4,False
SH_MT_01,2016,tier1_indirect,80.0,-1.014053716427233,-1.3747534359966482,0.15,0.6,False
SH_MT_01,2016,tier1_indirect,90.0,-1.014053716427233,-1.4270574325564023,0.11,0.6,False
SH_MT_01,2016,tier1_indirect,100.0,-0.36151016725657564,-0.2553419254870334,0.75,0.6,False
SH_MT_01,2016,tier1_indirect,110.0,-0.1832361718370463,0.3368828038698392,0.58,0.8,False
SH_MT_01,2016,tier1_indirect,120.0,-0.1832361718370463,0.248230199941704,0.55,0.8,False
SH_MT_01,2016,tier1_indirect,130.0,-0.1832361718370463,0.3443200646093791,0.6,0.8,False
SH_MT_01,2016,tier1_indirect,140.0,-0.1832361718370463,0.3432356263254005,0.58,0.8,False
SH_MT_01,2016,tier1_indirect,150.0,0.01401034075924773,1.0904099142371477,0.95,1.0,True
SH_MT_01,2016,tier1_indirect,160.0,-0.057316607675758156,1.062772152779509,0.85,1.0,False
SH_MT_01,2016,tier1_indirect,170.0,-0.20465507668818092,0.3333113001950596,0.6,1.0,False
SH_MT_01,2016,tier1_indirect,180.0,-0.20465507668818092,0.3759060421404913,0.57,1.0,False
SH_MT_01,2016,tier1_indirect,190.0,-0.20465507668818092,0.33412315776537066,0.59,1.0,False
SH_MT_01,2016,tier1_indirect,200.0,-0.20465507668818092,0.44082677046308816,0.65,1.0,False
SH_MT_01,2016,tier1_indirect,210.0,-0.20465507668818092,0.4915271389659908,0.63,1.0,False
SH_MT_01,2016,tier1_indirect,220.0,-0.20465507668818092,0.3261000189317591,0.58,1.0,False
SH_MT_01,2017,direct,50.0,0.6508604578078905,2.188159799896362,0.06,0.7333333333333333,False
SH_MT_01,2017,direct,60.0,0.5769727107286211,2.5422975219556996,0.03,0.8,False
SH_MT_01,2017,direct,70.0,0.5878095492961539,3.4741307141655904,0.01,0.8,False
SH_MT_01,2017,direct,80.0,0.564802541130916,3.2570507070980192,0.02,0.8,False
SH_MT_01,2017,direct,90.0,0.39111547696767135,2.933045062347552,0.05,0.8666666666666667,False
SH_MT_01,2017,direct,100.0,0.3823505618864518,3.4952878410607395,0.02,0.8666666666666667,True
SH_MT_01,2017,direct,110.0,0.25021420032015457,2.501735730885792,0.07,0.8666666666666667,False
SH_MT_01,2017,direct,120.0,0.10173122418506998,1.2044813063773592,0.46,0.9333333333333333,False
SH_MT_01,2017,direct,130.0,0.09073423456140062,1.2249808630818675,0.59,0.9333333333333333,False
SH_MT_01,2017,direct,140.0,0.10080222375549808,1.3341785516266915,0.57,0.9333333333333333,False
SH_MT_01,2017,direct,150.0,-0.010120500784924682,0.4808836003721519,0.93,0.9333333333333333,False
SH_MT_01,2017,direct,160.0,-0.044721915854996734,0.2604894774679102,0.72,0.9333333333333333,False
SH_MT_01,2017,direct,170.0,-0.06952038083430341,0.023545821886013545,0.57,0.9333333333333333,False
SH_MT_01,2017,direct,180.0,-0.07293514244255471,0.05094279832316042,0.58,1.0,False
SH_MT_01,2017,direct,190.0,-0.08164487674214631,-0.0676159547128751,0.52,1.0,False
SH_MT_01,2017,direct,200.0,-0.12698871930965208,-1.1037546125037425,0.13,1.0,False
SH_MT_01,2017,direct,210.0,-0.1281163088805456,-1.0692005350569627,0.14,1.0,False
SH_MT_01,2017,direct,220.0,-0.08193030290834562,-0.2876044282496348,0.42,1.0,False
SH_MT_01,2017,tier1_indirect,50.0,,,,0.0,False
SH_MT_01,2017,tier1_indirect,60.0,,,,0.0,False
SH_MT_01,2017,tier1_indirect,70.0,,,,0.0,False
SH_MT_01,2017,tier1_indirect,80.0,,,,0.0,False
SH_MT_01,2017,tier1_indirect,90.0,-1.09375,-0.9242801904862034,0.34,0.4,False
SH_MT_01,2017,tier1_indirect,100.0,-1.09375,-0.8952425346566848,0.21,0.4,False
SH_MT_01,2017,tier1_indirect,110.0,-1.0416666666666667,-1.3352944262825122,0.1,0.6,False
SH_MT_01,2017,tier1_indirect,120.0,-1.0416666666666667,-1.4982852175552792,0.13,0.6,False
SH_MT_01,2017,tier1_indirect,130.0,-0.19680059523809523,0.05960451350059135,0.9,1.0,False
SH_MT_01,2017,tier1_indirect,140.0,-0.361297123015873,-0.39834059099498353,0.38,1.0,False
SH_MT_01,2017,tier1_indirect,150.0,-0.361297123015873,-0.5045294311869657,0.3,1.0,False
SH_MT_01,2017,tier1_indirect,160.0,-0.361297123015873,-0.22160114986343862,0.42,1.0,False
SH_MT_01,2017,tier1_indirect,170.0,-0.1461433531746032,0.42898667294164095,0.81,1.0,False
SH_MT_01,2017,tier1_indirect,180.0,-0.1461433531746032,0.4923731667212249,0.82,1.0,False
SH_MT_01,2017,tier1_indirect,190.0,-0.1461433531746032,0.425142586638144,0.79,1.0,False
SH_MT_01,2017,tier1_indirect,200.0,-0.1461433531746032,0.44418997955863704,0.68,1.0,False
SH_MT_01,2017,tier1_indirect,210.0,-0.26624503968253965,-0.02297616513049687,0.58,1.0,False
SH_MT_01,2017,tier1_indirect,220.0,-0.13504464285714288,1.0072004766031475,1.0,1.0,True
SH_MT_01,2018,direct,50.0,1.0153537475649372,3.0237544992243945,0.01,0.5625,True
SH_MT_01,2018,direct,60.0,0.49490264131486655,1.64406973159294,0.11,0.8125,False
SH_MT_01,2018,direct,70.0,0.31304256690045645,1.776519613496323,0.23,0.875,False
SH_MT_01,2018,direct,80.0,0.3089872719715403,1.2647172368477217,0.29,0.875,False
SH_MT_01,2018,direct,90.0,0.2882489343685352,1.5527867840936656,0.22,0.875,False
SH_MT_01,2018,direct,100.0,0.2986076225252876,1.648497161057956,0.18,0.875,False
SH_MT_01,2018,direct,110.0,0.32237139559823125,2.3791946846040943,0.07,0.875,False
SH_MT_01,2018,direct,120.0,0.3206109104305838,2.4763309468394286,0.02,0.9375,False
SH_MT_01,2018,direct,130.0,0.29451261759792885,2.6645290479856727,0.04,0.9375,False
SH_MT_01,2018,direct,140.0,0.2505536652018907,2.7959620157371092,0.04,0.9375,False
SH_MT_01,2018,direct,150.0,0.1503483766555572,2.586781370864859,0.21,0.9375,False
SH_MT_01,2018,direct,160.0,0.058676328011795564,1.5845001022144494,0.64,0.9375,False
SH_MT_01,2018,direct,170.0,0.15165493599015348,2.5705858316954173,0.15,1.0,False
SH_MT_01,2018,direct,180.0,-0.00913403570032636,0.5427292813272494,0.96,1.0,False
SH_MT_01,2018,direct,190.0,-0.01670779432046719,0.6242783761430928,0.89,1.0,False
SH_MT_01,2018,direct,200.0,-0.09559797897872829,-0.5333952103239713,0.27,1.0,False
SH_MT_01,2018,direct,210.0,-0.10496322242314293,-0.7286591318132721,0.21,1.0,False
SH_MT_01,2018,direct,220.0,-0.0905961111560992,-0.4155197912752551,0.37,1.0,False
SH_MT_01,2018,tier1_indirect,50.0,,,,,True
SH_MT_02,2013,direct,50.0,1.096479415036407,4.075903651986571,0.01,0.6086956521739131,False
SH_MT_02,2013,direct,60.0,1.1710902063146766,4.902025089684827,0.01,0.782608695652174,False
SH_MT_02,2013,direct,70.0,0.9534518294904387,5.374076174873138,0.01,0.8260869565217391,False
SH_MT_02,2013,direct,80.0,0.7589696669504784,5.693928949764214,0.01,0.9565217391304348,False
SH_MT_02,2013,direct,90.0,0.69818932736365,4.620314567215814,0.01,0.9565217391304348,False
SH_MT_02,2013,direct,100.0,0.7230253344512387,5.5076024564909725,0.01,0.9565217391304348,False
SH_MT_02,2013,direct,110.0,0.6714490135124124,6.987264313449292,0.01,0.9565217391304348,False
SH_MT_02,2013,direct,120.0,0.6754663671999364,7.137599412096056,0.01,1.0,False
SH_MT_02,2013,direct,130.0,0.6750884343048705,6.74022281090119,0.01,1.0,False
SH_MT_02,2013,direct,140.0,0.6381743603878537,7.429015478118176,0.01,1.0,False
SH_MT_02,2013,direct,150.0,0.5649386698081184,7.611130622223282,0.01,1.0,False
SH_MT_02,2013,direct,160.0,0.4876178043646692,6.617855025396973,0.01,1.0,False
SH_MT_02,2013,direct,170.0,0.4174046039053668,7.807218767007661,0.01,1.0,True
SH_MT_02,2013,direct,180.0,0.33212421428344835,6.3292022468094125,0.01,1.0,False
SH_MT_02,2013,direct,190.0,0.28965694500820616,5.797435267855245,0.01,1.0,False
SH_MT_02,2013,direct,200.0,0.24037630683741928,5.063857647697447,0.01,1.0,False
SH_MT_02,2013,direct,210.0,0.17834266181203165,5.123575104338696,0.01,1.0,False
SH_MT_02,2013,direct,220.0,0.1337160721286225,4.0389345714923675,0.01,1.0,False
SH_MT_02,2013,tier1_indirect,160.0,,,,,True
SH_MT_02,2014,direct,50.0,0.9047434586987618,4.432773654419789,0.01,0.7083333333333334,False
SH_MT_02,2014,direct,60.0,1.0043274270043194,4.950796626036303,0.01,0.875,False
SH_MT_02,2014,direct,70.0,0.9068240443567129,6.132571809373512,0.01,0.875,False
SH_MT_02,2014,direct,80.0,0.7387194995690906,6.422747326903237,0.01,0.9166666666666666,False
SH_MT_02,2014,direct,90.0,0.6613430858139466,5.562996631722874,0.01,0.9166666666666666,False
SH_MT_02,2014,direct,100.0,0.6711350341380252,6.07805264402134,0.01,0.9166666666666666,False
SH_MT_02,2014,direct,110.0,0.5792382110385756,5.762661901928624,0.01,0.9583333333333334,False
SH_MT_02,2014,direct,120.0,0.5533070216390228,5.134256542463444,0.01,1.0,False
SH_MT_02,2014,direct,130.0,0.5319188779269541,7.088865596168186,0.01,1.0,True
SH_MT_02,2014,direct,140.0,0.4696332741801203,5.945595324740704,0.01,1.0,False
SH_MT_02,2014,direct,150.0,0.44219752481702984,6.7551079289353195,0.01,1.0,False
SH_MT_02,2014,direct,160.0,0.3917169449394111,6.251801721947591,0.01,1.0,False
SH_MT_02,2014,direct,170.0,0.34227785586680104,5.557024991104427,0.01,1.0,False
SH_MT_02,2014,direct,180.0,0.2552132326213891,5.600772364221326,0.01,1.0,False
SH_MT_02,2014,direct,190.0,0.2189480701753316,4.974954943965271,0.01,1.0,False
SH_MT_02,2014,direct,200.0,0.17256166103715787,4.878456157424216,0.01,1.0,False
SH_MT_02,2014,direct,210.0,0.14008362244773886,5.334612368990136,0.01,1.0,False
SH_MT_02,2014,direct,220.0,0.12464723977269124,4.933868934827587,0.02,1.0,False
SH_MT_02,2014,tier1_indirect,160.0,,,,,True
SH_MT_02,2015,direct,50.0,1.0439002737613292,4.9320776329841545,0.01,0.6666666666666666,False
SH_MT_02,2015,direct,60.0,1.0149768112807243,4.496391929553706,0.01,0.8095238095238095,False
SH_MT_02,2015,direct,70.0,0.9741439465428648,5.127260952368044,0.01,0.8571428571428571,False
SH_MT_02,2015,direct,80.0,0.7773678149596893,6.00278423339782,0.01,0.9523809523809523,False
SH_MT_02,2015,direct,90.0,0.69948091711148,5.637569369593055,0.01,0.9523809523809523,False
SH_MT_02,2015,direct,100.0,0.7090973204433698,6.8820722273686155,0.01,0.9523809523809523,True
SH_MT_02,2015,direct,110.0,0.6839804006599015,6.051680655721347,0.01,1.0,False
SH_MT_02,2015,direct,120.0,0.5854241309448177,5.181759961951878,0.01,1.0,False
SH_MT_02,2015,direct,130.0,0.5248536075494785,6.53622874439943,0.01,1.0,False
SH_MT_02,2015,direct,140.0,0.41941708745040746,5.942778803371157,0.01,1.0,False
SH_MT_02,2015,direct,150.0,0.38177330966637474,5.733050497641804,0.01,1.0,False
SH_MT_02,2015,direct,160.0,0.29075243454209815,4.418189512710003,0.01,1.0,False
SH_MT_02,2015,direct,170.0,0.1947575625854243,3.9661789714855216,0.01,1.0,False
SH_MT_02,2015,direct,180.0,0.12941965601883534,3.307414685063295,0.04,1.0,False
SH_MT_02,2015,direct,190.0,0.11042621773607081,2.697496692247465,0.07,1.0,False
SH_MT_02,2015,direct,200.0,0.07678316457073979,2.5521977653335677,0.29,1.0,False
SH_MT_02,2015,direct,210.0,0.04548786219272942,2.1180882074867764,0.67,1.0,False
SH_MT_02,2015,direct,220.0,0.045066493340308975,2.5906719745155184,0.63,1.0,False
SH_MT_02,2015,tier1_indirect,50.0,,,,0.0,False
SH_MT_02,2015,tier1_indirect,60.0,,,,0.0,False
SH_MT_02,2015,tier1_indirect,70.0,,,,0.0,False
SH_MT_02,2015,tier1_indirect,80.0,,,,0.0,False
SH_MT_02,2015,tier1_indirect,90.0,,,,0.0,False
SH_MT_02,2015,tier1_indirect,100.0,,,,0.0,False
SH_MT_02,2015,tier1_indirect,110.0,,,,0.0,False
SH_MT_02,2015,tier1_indirect,120.0,-0.9734449760765552,-1.0920793956575152,0.21,0.6666666666666666,False
SH_MT_02,2015,tier1_indirect,130.0,-0.9734449760765552,-1.4154560436647565,0.14,0.6666666666666666,False
SH_MT_02,2015,tier1_indirect,140.0,-0.9734449760765552,-1.1753418555768942,0.16,0.6666666666666666,False
SH_MT_02,2015,tier1_indirect,150.0,-0.9734449760765552,-1.2299707763202454,0.2,0.6666666666666666,False
SH_MT_02,2015,tier1_indirect,160.0,-0.9734449760765552,-1.0599316914583214,0.22,0.6666666666666666,True
SH_MT_02,2015,tier1_indirect,170.0,-0.9734449760765552,-1.1381907445833936,0.21,0.6666666666666666,False
SH_MT_02,2015,tier1_indirect,180.0,-0.9734449760765552,-1.2424833888227729,0.14,0.6666666666666666,False
SH_MT_02,2015,tier1_indirect,190.0,-0.8961722488038278,-1.199843395263857,0.05,1.0,False
SH_MT_02,2015,tier1_indirect,200.0,-0.8961722488038278,-1.2769955836509301,0.05,1.0,False
SH_MT_02,2015,tier1_indirect,210.0,-0.8575358851674643,-1.4690872554083798,0.06,1.0,False
SH_MT_02,2015,tier1_indirect,220.0,-0.8575358851674643,-1.573314495418979,0.05,1.0,False
SH_MT_02,2016,direct,50.0,1.0395455147884674,3.579582573374578,0.01,0.55,False
SH_MT_02,2016,direct,60.0,1.1072118117233982,4.145142004295266,0.01,0.6,False
SH_MT_02,2016,direct,70.0,1.0588776476419892,5.620340108846364,0.01,0.75,False
SH_MT_02,2016,direct,80.0,0.8094876980684582,4.30395118666835,0.01,0.9,False
SH_MT_02,2016,direct,90.0,0.7273182368178541,4.452197124591221,0.01,0.95,False
SH_MT_02,2016,direct,100.0,0.7213345830183189,5.473471298252232,0.01,0.95,False
SH_MT_02,2016,direct,110.0,0.6745356897344069,4.830535084808751,0.01,0.95,False
SH_MT_02,2016,direct,120.0,0.7412439719658149,5.718564870998673,0.01,1.0,False
SH_MT_02,2016,direct,130.0,0.6755842371733252,6.857830036718233,0.01,1.0,False
SH_MT_02,2016,direct,140.0,0.6175757803294987,6.290467089397068,0.01,1.0,False
SH_MT_02,2016,direct,150.0,0.6247833043208944,6.162861491087977,0.01,1.0,False
SH_MT_02,2016,direct,160.0,0.5666168510657974,7.03763757395149,0.01,1.0,True
SH_MT_02,2016,direct,170.0,0.49716154589465766,5.60977575581842,0.01,1.0,False
SH_MT_02,2016,direct,180.0,0.3957087589797136,6.099205318545413,0.01,1.0,False
SH_MT_02,2016,direct,190.0,0.37666690476831466,5.218356557740012,0.01,1.0,False
SH_MT_02,2016,direct,200.0,0.28543515369454814,4.80531715422928,0.01,1.0,False
SH_MT_02,2016,direct,210.0,0.2203520460089998,4.294919792629584,0.01,1.0,False
SH_MT_02,2016,direct,220.0,0.17529090890346968,4.286833242601646,0.01,1.0,False
SH_MT_02,2016,tier1_indirect,50.0,-0.3668779993836129,-0.544739669817431,0.51,0.42857142857142855,False
SH_MT_02,2016,tier1_indirect,60.0,-0.3668779993836129,-0.5014796677300546,0.57,0.42857142857142855,False
SH_MT_02,2016,tier1_indirect,70.0,-0.3668779993836129,-0.43117684480553753,0.58,0.42857142857142855,False
SH_MT_02,2016,tier1_indirect,80.0,-0.5347856954167216,-0.8644361201826282,0.28,0.5714285714285714,False
SH_MT_02,2016,tier1_indirect,90.0,-0.3774397921894949,-0.6244711355054299,0.39,0.7142857142857143,False
SH_MT_02,2016,tier1_indirect,100.0,0.014869017743142695,0.5912097895785202,0.94,0.7142857142857143,False
SH_MT_02,2016,tier1_indirect,110.0,-0.05683221062827459,0.6003128585141493,0.79,0.7142857142857143,False
SH_MT_02,2016,tier1_indirect,120.0,-0.10409060890239068,0.31470862165496316,0.69,0.7142857142857143,False
SH_MT_02,2016,tier1_indirect,130.0,-0.10409060890239068,0.36604463387742764,0.77,0.7142857142857143,False
SH_MT_02,2016,tier1_indirect,140.0,-0.10409060890239068,0.42351505256100463,0.77,0.7142857142857143,False
SH_MT_02,2016,tier1_indirect,150.0,0.1346299476070973,1.3489723891728134,0.67,0.8571428571428571,False
SH_MT_02,2016,tier1_indirect,160.0,0.043830222046111665,1.3813285679588394,0.82,0.8571428571428571,True
SH_MT_02,2016,tier1_indirect,170.0,-0.05496892381749071,0.9099140309187733,0.79,0.8571428571428571,False
SH_MT_02,2016,tier1_indirect,180.0,-0.0807603575045128,0.8775607922501084,0.78,0.8571428571428571,False
SH_MT_02,2016,tier1_indirect,190.0,-0.2338204992735437,-0.37919501640686204,0.5,1.0,False
SH_MT_02,2016,tier1_indirect,200.0,-0.2338204992735437,-0.21439638760628507,0.51,1.0,False
SH_MT_02,2016,tier1_indirect,210.0,-0.2338204992735437,-0.38829505565823996,0.43,1.0,False
SH_MT_02,2016,tier1_indirect,220.0,-0.2338204992735437,-0.4600154141398712,0.41,1.0,False
SH_MT_02,2017,direct,50.0,1.0832289623745763,3.736951694398787,0.01,0.65,False
SH_MT_02,2017,direct,60.0,1.0709315862200308,3.740007121530402,0.01,0.75,False
SH_MT_02,2017,direct,70.0,1.0253027834415602,4.439893304815695,0.01,0.8,False
SH_MT_02,2017,direct,80.0,0.8410877169327946,5.653746828995259,0.01,0.85,False
SH_MT_02,2017,direct,90.0,0.842151301517077,5.997178948904119,0.01,0.85,False
SH_MT_02,2017,direct,100.0,0.8482342697630563,5.22193352332883,0.01,0.85,False
SH_MT_02,2017,direct,110.0,0.6935320977680053,5.834790980177275,0.01,0.9,False
SH_MT_02,2017,direct,120.0,0.6850326141367524,6.59850404455274,0.01,0.95,True
SH_MT_02,2017,direct,130.0,0.5722854571445782,5.141735877970086,0.01,1.0,False
SH_MT_02,2017,direct,140.0,0.5272658317312989,4.695612304489322,0.01,1.0,False
SH_MT_02,2017,direct,150.0,0.455397332035447,5.1733868726548256,0.01,1.0,False
SH_MT_02,2017,direct,160.0,0.40788404804791256,5.241414348124595,0.01,1.0,False
SH_MT_02,2017,direct,170.0,0.3623603729010215,4.982701818126529,0.01,1.0,False
SH_MT_02,2017,direct,180.0,0.2783746265839773,5.112222646664593,0.01,1.0,False
SH_MT_02,2017,direct,190.0,0.2410335362234992,5.7097580318920516,0.02,1.0,False
SH_MT_02,2017,direct,200.0,0.2136262557429086,5.067647517092954,0.01,1.0,False
SH_MT_02,2017,direct,210.0,0.16049052677793743,4.210546135739571,0.01,1.0,False
SH_MT_02,2017,direct,220.0,0.14599254669744754,4.171714630262878,0.02,1.0,False
SH_MT_02,2017,tier1_indirect,50.0,,,,0.0,False
SH_MT_02,2017,tier1_indirect,60.0,,,,0.0,False
SH_MT_02,2017,tier1_indirect,70.0,,,,0.0,False
SH_MT_02,2017,tier1_indirect,80.0,,,,0.0,False
SH_MT_02,2017,tier1_indirect,90.0,,,,0.0,False
SH_MT_02,2017,tier1_indirect,100.0,,,,0.0,False
SH_MT_02,2017,tier1_indirect,110.0,,,,0.0,False
SH_MT_02,2017,tier1_indirect,120.0,,,,0.0,False
SH_MT_02,2017,tier1_indirect,130.0,-0.028207461328480437,0.6381946711704989,0.92,0.75,False
SH_MT_02,2017,tier1_indirect,140.0,-0.2914771003942978,0.8056945643417185,0.86,1.0,False
SH_MT_02,2017,tier1_indirect,150.0,-0.2914771003942978,0.5540234025451704,0.69,1.0,False
SH_MT_02,2017,tier1_indirect,160.0,-0.2914771003942978,0.4994933305861619,0.68,1.0,False
SH_MT_02,2017,tier1_indirect,170.0,0.18531998786775858,1.666782614905126,0.84,1.0,True
SH_MT_02,2017,tier1_indirect,180.0,0.18531998786775858,1.490374107395509,0.82,1.0,False
SH_MT_02,2017,tier1_indirect,190.0,0.18531998786775858,1.552646202944561,0.83,1.0,False
SH_MT_02,2017,tier1_indirect,200.0,0.18531998786775858,1.5000186476482555,0.81,1.0,False
SH_MT_02,2017,tier1_indirect,210.0,-0.13709432817713071,0.70967563507923,1.0,1.0,False
SH_MT_02,2017,tier1_indirect,220.0,-0.13709432817713071,0.8570937375188684,1.0,1.0,False
SH_MT_02,2018,direct,50.0,0.8960807899979902,3.5404397454897434,0.01,0.6086956521739131,False
SH_MT_02,2018,direct,60.0,1.0084191169320793,4.650288972961787,0.01,0.782608695652174,False
SH_MT_02,2018,direct,70.0,0.8547206663271816,4.242869333213523,0.01,0.8260869565217391,False
SH_MT_02,2018,direct,80.0,0.6651306846936701,3.8602414681610937,0.01,0.9565217391304348,False
SH_MT_02,2018,direct,90.0,0.6160369122141658,4.075455868578759,0.01,0.9565217391304348,False
SH_MT_02,2018,direct,100.0,0.6097105289985507,4.664034021890869,0.01,0.9565217391304348,False
SH_MT_02,2018,direct,110.0,0.5728325076777531,5.222647824559843,0.01,0.9565217391304348,False
SH_MT_02,2018,direct,120.0,0.565997891145672,5.507143949786834,0.01,1.0,False
SH_MT_02,2018,direct,130.0,0.5786877445313886,6.380699459944172,0.01,1.0,False
SH_MT_02,2018,direct,140.0,0.5310694444393051,5.537664961189968,0.01,1.0,False
SH_MT_02,2018,direct,150.0,0.4758136522228574,6.034111916217367,0.01,1.0,False
SH_MT_02,2018,direct,160.0,0.3961782825149235,6.774399326100493,0.01,1.0,False
SH_MT_02,2018,direct,170.0,0.35658450280958365,6.849722571752888,0.01,1.0,True
SH_MT_02,2018,direct,180.0,0.26890865886561943,5.38846836151193,0.01,1.0,False
SH_MT_02,2018,direct,190.0,0.23474729009593856,5.019462613188269,0.01,1.0,False
SH_MT_02,2018,direct,200.0,0.19507440532303785,4.593299502058517,0.01,1.0,False
SH_MT_02,2018,direct,210.0,0.14481792233091714,3.05270958767739,0.04,1.0,False
SH_MT_02,2018,direct,220.0,0.10942207312085868,3.443221290073386,0.06,1.0,False
SH_MT_02,2018,tier1_indirect,160.0,,,,,True
SH_MT_03,2013,direct,50.0,0.5187283925287764,1.8203934479095036,0.14,0.7333333333333333,False
SH_MT_03,2013,direct,60.0,0.18261575448132897,0.8671712784247262,0.58,0.9333333333333333,False
SH_MT_03,2013,direct,70.0,-0.01570753245931472,0.25747747078869726,0.98,0.9333333333333333,False
SH_MT_03,2013,direct,80.0,0.21869081956568245,1.3815586479115902,0.25,0.9333333333333333,False
SH_MT_03,2013,direct,90.0,0.3266890858661492,2.1668828178372275,0.06,0.9333333333333333,False
SH_MT_03,2013,direct,100.0,0.2604484241651777,2.1981937257465045,0.19,1.0,True
SH_MT_03,2013,direct,110.0,0.1925991814487496,1.953948050826464,0.26,1.0,False
SH_MT_03,2013,direct,120.0,0.13655830134357005,1.6328359224456899,0.41,1.0,False
SH_MT_03,2013,direct,130.0,0.08119891725509358,1.0783734153123716,0.76,1.0,False
SH_MT_03,2013,direct,140.0,0.060917391242302645,1.3015708960160912,0.76,1.0,False
SH_MT_03,2013,direct,150.0,-0.04512155513030839,0.2834049754457407,0.72,1.0,False
SH_MT_03,2013,direct,160.0,-0.06807554851376435,0.03676399777442491,0.6,1.0,False
SH_MT_03,2013,direct,170.0,-0.03343144981016468,0.7729818705265826,0.82,1.0,False
SH_MT_03,2013,direct,180.0,-0.0340689975815527,0.7513935473953375,0.85,1.0,False
SH_MT_03,2013,direct,190.0,-0.03211853742848658,0.9380041715666528,0.9,1.0,False
SH_MT_03,2013,direct,200.0,-0.03305927410961053,0.9993972049346372,0.83,1.0,False
SH_MT_03,2013,direct,210.0,-0.04779839078472307,0.5135845247866709,0.8,1.0,False
SH_MT_03,2013,direct,220.0,-0.058484520794427786,0.5175449015450108,0.71,1.0,False
SH_MT_03,2013,tier1_indirect,160.0,,,,,True
SH_MT_03,2014,direct,50.0,0.6410046682680929,2.8716065383595537,0.01,0.8666666666666667,False
SH_MT_03,2014,direct,60.0,0.5047570485167071,2.6441702992522207,0.01,0.9333333333333333,False
SH_MT_03,2014,direct,70.0,0.35902909759835827,2.346280578284904,0.1,0.9333333333333333,False
SH_MT_03,2014,direct,80.0,0.35604788158319556,1.934875577930559,0.06,1.0,False
SH_MT_03,2014,direct,90.0,0.39062494682439136,3.01833315112821,0.02,1.0,True
SH_MT_03,2014,direct,100.0,0.239982700570293,2.2228027229881047,0.18,1.0,False
SH_MT_03,2014,direct,110.0,0.17972045465745612,1.758121751006435,0.23,1.0,False
SH_MT_03,2014,direct,120.0,0.019227448463668893,1.0192920333833673,0.92,1.0,False
SH_MT_03,2014,direct,130.0,-0.06459639994209164,0.07269802477057959,0.62,1.0,False
SH_MT_03,2014,direct,140.0,-0.05670478395132767,0.23444435565034805,0.66,1.0,False
SH_MT_03,2014,direct,150.0,-0.06632926526124759,-0.03748445000918809,0.55,1.0,False
SH_MT_03,2014,direct,160.0,-0.08910934728384988,-0.5259046334110679,0.32,1.0,False
SH_MT_03,2014,direct,170.0,-0.0850706197504755,-0.016162289624606488,0.53,1.0,False
SH_MT_03,2014,direct,180.0,-0.04760916641163623,0.6135951842132857,0.86,1.0,False
SH_MT_03,2014,direct,190.0,-0.0920600229912884,-1.3036707000123138,0.1,1.0,False
SH_MT_03,2014,direct,200.0,-0.0920600229912884,-1.29166396300248,0.09,1.0,False
SH_MT_03,2014,direct,210.0,-0.08511172117824214,-0.978596153355579,0.17,1.0,False
SH_MT_03,2014,direct,220.0,-0.08511172117824214,-0.7632589332132662,0.16,1.0,False
SH_MT_03,2014,tier1_indirect,160.0,,,,,True
SH_MT_03,2015,direct,50.0,0.6707774160929453,2.514406280501993,0.04,0.75,False
SH_MT_03,2015,direct,60.0,0.2568826121430941,1.260379076490728,0.42,0.9375,False
SH_MT_03,2015,direct,70.0,0.2276885753368021,1.7380556987360938,0.37,0.9375,False
SH_MT_03,2015,direct,80.0,0.3269352774285231,2.263007300335371,0.06,0.9375,False
SH_MT_03,2015,direct,90.0,0.30639127853282877,2.6658494681551947,0.05,0.9375,True
SH_MT_03,2015,direct,100.0,0.26095301118744885,2.635859371830516,0.05,0.9375,False
SH_MT_03,2015,direct,110.0,0.22198409744834008,2.1039251348506673,0.14,1.0,False
SH_MT_03,2015,direct,120.0,0.20060276358056436,2.3771440989979373,0.16,1.0,False
SH_MT_03,2015,direct,130.0,0.1485900114062519,1.9414274701056478,0.23,1.0,False
SH_MT_03,2015,direct,140.0,0.11399174812694372,2.506008798619361,0.28,1.0,False
SH_MT_03,2015,direct,150.0,-0.026367073677056863,0.41998483903543243,0.79,1.0,False
SH_MT_03,2015,direct,160.0,0.016316894108563657,1.20434815894426,0.89,1.0,False
SH_MT_03,2015,direct,170.0,0.05236118990298747,2.210302676321706,0.69,1.0,False
SH_MT_03,2015,direct,180.0,0.02782346055719898,2.3588717522819955,0.84,1.0,False
SH_MT_03,2015,direct,190.0,0.01806804918262076,2.1377049523031535,0.93,1.0,False
SH_MT_03,2015,direct,200.0,-0.019494365174670396,1.3792976381170639,0.95,1.0,False
SH_MT_03,2015,direct,210.0,-0.06575407865126401,-0.03893853452754228,0.54,1.0,False
SH_MT_03,2015,direct,220.0,-0.0883929728282903,-0.9027817555370183,0.17,1.0,False
SH_MT_03,2015,tier1_indirect,50.0,-1.8023531644368536,-1.9949177568409318,0.14,0.5,False
SH_MT_03,2015,tier1_indirect,60.0,-1.8023531644368536,-1.8367006458217012,0.17,0.5,False
SH_MT_03,2015,tier1_indirect,70.0,-1.8023531644368536,-1.795083059328619,0.17,0.5,False
SH_MT_03,2015,tier1_indirect,80.0,-1.8023531644368536,-1.8388450697646606,0.17,0.5,False
SH_MT_03,2015,tier1_indirect,90.0,-1.8023531644368536,-1.620729984821477,0.22,0.5,False
SH_MT_03,2015,tier1_indirect,100.0,-1.8023531644368536,-1.8040935939401597,0.17,0.5,False
SH_MT_03,2015,tier1_indirect,110.0,-1.8023531644368536,-2.3071445429724164,0.09,0.5,False
SH_MT_03,2015,tier1_indirect,120.0,-1.8023531644368536,-1.4666742195688764,0.26,0.5,False
SH_MT_03,2015,tier1_indirect,130.0,-1.8023531644368536,-1.9250481833253639,0.14,0.5,False
SH_MT_03,2015,tier1_indirect,140.0,-1.8023531644368536,-1.7929685686417096,0.17,0.5,False
SH_MT_03,2015,tier1_indirect,150.0,-0.6466457918208559,-0.9242522076955442,0.2,0.75,False
SH_MT_03,2015,tier1_indirect,160.0,-0.6157605085871525,-0.6360624327045553,0.29,1.0,False
SH_MT_03,2015,tier1_indirect,170.0,-0.6157605085871525,-0.6766137982106141,0.29,1.0,False
SH_MT_03,2015,tier1_indirect,180.0,-0.6157605085871525,-0.5063566276237105,0.41,1.0,True
SH_MT_03,2015,tier1_indirect,190.0,-0.6157605085871525,-0.5503909542956721,0.38,1.0,False
SH_MT_03,2015,tier1_indirect,200.0,-0.5699465477433026,-1.324763392181941,0.22,1.0,False
SH_MT_03,2015,tier1_indirect,210.0,-0.5699465477433026,-1.3763634680033667,0.15,1.0,False
SH_MT_03,2015,tier1_indirect,220.0,-0.5699465477433026,-1.2743852691747086,0.17,1.0,False
SH_MT_03,2016,direct,50.0,0.6020152854622108,2.5269091895748144,0.01,0.8666666666666667,False
SH_MT_03,2016,direct,60.0,0.2851223649014054,1.1934513291822677,0.29,0.9333333333333333,False
SH_MT_03,2016,direct,70.0,0.27200603805939244,1.5928194469317716,0.31,0.9333333333333333,False
SH_MT_03,2016,direct,80.0,0.4271782997314688,2.3207481526657885,0.01,0.9333333333333333,False
SH_MT_03,2016,direct,90.0,0.4542752200824382,3.8204040685431067,0.02,0.9333333333333333,False
SH_MT_03,2016,direct,100.0,0.4275673920111422,4.055800628586007,0.01,1.0,True
SH_MT_03,2016,direct,110.0,0.2741111523376268,2.4766340708947823,0.04,1.0,False
SH_MT_03,2016,direct,120.0,0.18612382026773827,2.4373342477361475,0.09,1.0,False
SH_MT_03,2016,direct,130.0,0.10056019276430245,2.0708814714975614,0.46,1.0,False
SH_MT_03,2016,direct,140.0,0.10298138636527905,2.1353757949349146,0.37,1.0,False
SH_MT_03,2016,direct,150.0,-0.028218680627728265,0.6641953123513477,0.83,1.0,False
SH_MT_03,2016,direct,160.0,-0.00794359716155584,1.3937193352240622,0.98,1.0,False
SH_MT_03,2016,direct,170.0,0.033303659230802876,2.101168373283548,0.81,1.0,False
SH_MT_03,2016,direct,180.0,0.028071813504541084,2.3134824813363077,0.92,1.0,False
SH_MT_03,2016,direct,190.0,-0.004008997776572462,2.042638282184446,0.99,1.0,False
SH_MT_03,2016,direct,200.0,-0.021638794841000827,1.78478201105313,0.97,1.0,False
SH_MT_03,2016,direct,210.0,-0.05217199187132416,0.6548579289931645,0.77,1.0,False
SH_MT_03,2016,direct,220.0,-0.07467832375190672,-0.11989804665635162,0.38,1.0,False
SH_MT_03,2016,tier1_indirect,50.0,0.4355294297274601,0.9541090704612534,0.68,0.5,False
SH_MT_03,2016,tier1_indirect,60.0,-0.08710588594549203,0.5154197678597527,0.74,0.75,False
SH_MT_03,2016,tier1_indirect,70.0,-0.08710588594549203,0.6344832238565365,0.74,0.75,False
SH_MT_03,2016,tier1_indirect,80.0,-0.08710588594549203,0.5393419398348612,0.71,0.75,False
SH_MT_03,2016,tier1_indirect,90.0,-0.10171259892612668,0.847303043225401,0.79,0.75,False
SH_MT_03,2016,tier1_indirect,100.0,-0.10171259892612668,0.7518192958277514,0.75,0.75,False
SH_MT_03,2016,tier1_indirect,110.0,-0.10171259892612668,0.813463477503962,0.77,0.75,False
SH_MT_03,2016,tier1_indirect,120.0,-0.10171259892612668,0.8902191902122055,0.73,0.75,False
SH_MT_03,2016,tier1_indirect,130.0,-0.10171259892612668,0.7918874911620247,0.76,0.75,False
SH_MT_03,2016,tier1_indirect,140.0,-0.10171259892612668,0.6239699024387448,0.72,0.75,False
SH_MT_03,2016,tier1_indirect,150.0,-0.10171259892612668,0.8187701863224954,0.8,0.75,False
SH_MT_03,2016,tier1_indirect,160.0,-0.10171259892612668,0.994740911767857,0.79,0.75,True
SH_MT_03,2016,tier1_indirect,170.0,-0.10171259892612668,0.8863571083518891,0.75,0.75,False
SH_MT_03,2016,tier1_indirect,180.0,-0.550932641168537,-1.2233898003152035,0.18,1.0,False
SH_MT_03,2016,tier1_indirect,190.0,-0.33333333333333337,0.44997704257325755,0.35,1.0,False
SH_MT_03,2016,tier1_indirect,200.0,-0.33333333333333337,0.47573936622140944,0.42,1.0,False
SH_MT_03,2016,tier1_indirect,210.0,-0.33333333333333337,0.48019603839902475,0.38,1.0,False
SH_MT_03,2016,tier1_indirect,220.0,-0.33333333333333337,0.49559462778335206,0.4,1.0,False
SH_MT_03,2017,direct,50.0,0.8209466970241531,2.615456056022376,0.03,0.7333333333333333,False
SH_MT_03,2017,direct,60.0,0.30185546283124404,1.1917091845827086,0.33,0.9333333333333333,False
SH_MT_03,2017,direct,70.0,0.36189232103252494,1.997598935819622,0.22,0.9333333333333333,False
SH_MT_03,2017,direct,80.0,0.3371263211202341,2.5758032881988866,0.1,0.9333333333333333,False
SH_MT_03,2017,direct,90.0,0.3188948456116984,3.308428835391275,0.04,0.9333333333333333,True
SH_MT_03,2017,direct,100.0,0.26251292438167056,2.4209821859374303,0.1,1.0,False
SH_MT_03,2017,direct,110.0,0.20596295849504506,3.0438515344095314,0.2,1.0,False
SH_MT_03,2017,direct,120.0,0.12321230047301812,1.917288962786335,0.37,1.0,False
SH_MT_03,2017,direct,130.0,0.1043248709657258,1.60328918813747,0.54,1.0,False
SH_MT_03,2017,direct,140.0,0.09434268049570947,1.9249593128894373,0.51,1.0,False
SH_MT_03,2017,direct,150.0,-0.02829154589146174,0.5471577903174321,0.84,1.0,False
SH_MT_03,2017,direct,160.0,-0.06627872609038903,0.1697102251370028,0.62,1.0,False
SH_MT_03,2017,direct,170.0,-0.022427510733511735,0.9107433475456769,0.84,1.0,False
SH_MT_03,2017,direct,180.0,-0.030414479396134626,0.6646518318411969,0.85,1.0,False
SH_MT_03,2017,direct,190.0,-0.015708758487344928,1.1284281356524644,0.9,1.0,False
SH_MT_03,2017,direct,200.0,-0.016145753834211653,1.477745465099813,0.96,1.0,False
SH_MT_03,2017,direct,210.0,-0.0668229664134555,0.14823654878770667,0.59,1.0,False
SH_MT_03,2017,direct,220.0,-0.07816664216650077,-0.2286466702808251,0.47,1.0,False
SH_MT_03,2017,tier1_indirect,131.60118988531616,,,,,True
SH_MT_03,2018,direct,50.0,0.6198011208985786,2.380238244723376,0.04,0.7333333333333333,False
SH_MT_03,2018,direct,60.0,0.3002829644836608,1.1768605445477862,0.36,0.9333333333333333,False
SH_MT_03,2018,direct,70.0,0.06400334827698723,0.21620534157448967,0.84,0.9333333333333333,False
SH_MT_03,2018,direct,80.0,0.22726078922307852,1.4009944205783427,0.19,0.9333333333333333,False
SH_MT_03,2018,direct,90.0,0.3041984089007683,2.637622040639028,0.08,0.9333333333333333,False
SH_MT_03,2018,direct,100.0,0.2940861958885257,2.345146803852757,0.16,1.0,False
SH_MT_03,2018,direct,110.0,0.24427829365778939,2.2400209542924823,0.08,1.0,False
SH_MT_03,2018,direct,120.0,0.1786838234708508,2.03854378319193,0.26,1.0,False
SH_MT_03,2018,direct,130.0,0.13004129307217496,1.490453033466534,0.45,1.0,False
SH_MT_03,2018,direct,140.0,0.10888728825934482,2.0175529174846023,0.47,1.0,False
SH_MT_03,2018,direct,150.0,0.01778236088603044,1.470525996393051,0.84,1.0,False
SH_MT_03,2018,direct,160.0,-0.006281251087699442,1.0140712309262785,0.97,1.0,False
SH_MT_03,2018,direct,170.0,0.01760458182261655,1.5041032978165059,0.89,1.0,False
SH_MT_03,2018,direct,180.0,-0.003082152923878784,1.159396074609947,0.98,1.0,False
SH_MT_03,2018,direct,190.0,0.0197188700234073,2.7861865100259484,0.96,1.0,True
SH_MT_03,2018,direct,200.0,0.010512149970162789,2.6583852419208376,0.98,1.0,False
SH_MT_03,2018,direct,210.0,-0.007597709801149203,1.6495971422105506,1.0,1.0,False
SH_MT_03,2018,direct,220.0,-0.02180024644926338,1.6593892919018152,0.96,1.0,False
SH_MT_03,2018,tier1_indirect,160.0,,,,,True
SH_MT_04,2013,direct,50.0,0.31146483047750556,1.7630165055069096,0.17,0.6470588235294118,False
SH_MT_04,2013,direct,60.0,1.0356152270011507,5.588033191648282,0.01,0.8235294117647058,False
SH_MT_04,2013,direct,70.0,1.0643600312296109,5.490298872569402,0.01,0.8235294117647058,False
SH_MT_04,2013,direct,80.0,0.911881738313943,6.206204362586688,0.01,0.9411764705882353,False
SH_MT_04,2013,direct,90.0,0.8525270510010337,5.503122137349594,0.01,1.0,False
SH_MT_04,2013,direct,100.0,0.8400659963785381,4.460725358277833,0.01,1.0,False
SH_MT_04,2013,direct,110.0,0.8420477000947314,4.863091068154867,0.01,1.0,False
SH_MT_04,2013,direct,120.0,0.8110356269629119,6.8731918906833505,0.01,1.0,False
SH_MT_04,2013,direct,130.0,0.7831577528542171,4.817567255217177,0.01,1.0,False
SH_MT_04,2013,direct,140.0,0.7812807994762633,6.05694694172757,0.02,1.0,False
SH_MT_04,2013,direct,150.0,0.4911245938623165,5.661628394393212,0.01,1.0,False
SH_MT_04,2013,direct,160.0,0.4849144970764511,7.51791853385139,0.01,1.0,False
SH_MT_04,2013,direct,170.0,0.4678088285878094,8.385737014019085,0.01,1.0,True
SH_MT_04,2013,direct,180.0,0.4267781336878683,6.599394448107653,0.01,1.0,False
SH_MT_04,2013,direct,190.0,0.32973845871546903,4.970086014398466,0.02,1.0,False
SH_MT_04,2013,direct,200.0,0.11344554050717132,3.7867464381319516,0.12,1.0,False
SH_MT_04,2013,direct,210.0,0.0393529968531893,2.709188068947669,0.81,1.0,False
SH_MT_04,2013,direct,220.0,0.039070105776435646,2.5678724680683405,0.84,1.0,False
SH_MT_04,2013,tier1_indirect,160.0,,,,,True
SH_MT_04,2014,direct,50.0,1.0871973916207214,3.9928732528859667,0.01,0.7142857142857143,False
SH_MT_04,2014,direct,60.0,1.1232320546711414,4.876919838961242,0.01,0.7857142857142857,False
SH_MT_04,2014,direct,70.0,1.120638495729453,5.257076528422978,0.01,0.7857142857142857,False
SH_MT_04,2014,direct,80.0,1.006850596004403,5.3986867303649575,0.01,0.8571428571428571,False
SH_MT_04,2014,direct,90.0,0.952373948607436,5.1626180323174555,0.01,0.9285714285714286,False
SH_MT_04,2014,direct,100.0,0.958426039946638,4.970047577626726,0.01,0.9285714285714286,False
SH_MT_04,2014,direct,110.0,0.9502787118705367,5.615886713951076,0.01,0.9285714285714286,False
SH_MT_04,2014,direct,120.0,0.9355958635717457,5.654232800513162,0.01,0.9285714285714286,False
SH_MT_04,2014,direct,130.0,0.8124666281180406,6.845212236635642,0.01,1.0,False
SH_MT_04,2014,direct,140.0,0.7981569458826601,7.239667144853665,0.01,1.0,True
SH_MT_04,2014,direct,150.0,0.5358743920345279,5.197686048520124,0.01,1.0,False
SH_MT_04,2014,direct,160.0,0.5060116751723829,6.706986611666539,0.01,1.0,False
SH_MT_04,2014,direct,170.0,0.5034796067713038,6.338529632067279,0.01,1.0,False
SH_MT_04,2014,direct,180.0,0.479555878076333,6.181974404405737,0.01,1.0,False
SH_MT_04,2014,direct,190.0,0.21208600542875228,3.089974038321567,0.07,1.0,False
SH_MT_04,2014,direct,200.0,0.16706987506109763,3.6605982433932174,0.1,1.0,False
SH_MT_04,2014,direct,210.0,0.01905406059396993,1.7838741815652577,0.92,1.0,False
SH_MT_04,2014,direct,220.0,0.019061057319502396,1.709414248296021,0.91,1.0,False
SH_MT_04,2014,tier1_indirect,50.0,,,,0.0,False
SH_MT_04,2014,tier1_indirect,60.0,0.45050055617352613,1.0086356171050568,0.72,0.5,False
SH_MT_04,2014,tier1_indirect,70.0,0.45050055617352613,0.9416469392582768,0.68,0.5,False
SH_MT_04,2014,tier1_indirect,80.0,0.45050055617352613,0.9124550335514965,0.72,0.5,False
SH_MT_04,2014,tier1_indirect,90.0,0.45050055617352613,1.1177700977972038,0.59,0.5,True
SH_MT_04,2014,tier1_indirect,100.0,0.45050055617352613,0.9356703959234982,0.64,0.5,False
SH_MT_04,2014,tier1_indirect,110.0,-0.5506117908787542,-0.43959005378212274,0.35,0.75,False
SH_MT_04,2014,tier1_indirect,120.0,-0.5506117908787542,-0.39030713329666183,0.39,0.75,False
SH_MT_04,2014,tier1_indirect,130.0,-0.5506117908787542,-0.36727167473958283,0.36,0.75,False
SH_MT_04,2014,tier1_indirect,140.0,-0.5506117908787542,-0.6336325824626332,0.3,0.75,False
SH_MT_04,2014,tier1_indirect,150.0,-0.47052280311457173,-0.4442300093735629,0.5,0.75,False
SH_MT_04,2014,tier1_indirect,160.0,-0.47052280311457173,-0.6508968369634179,0.45,0.75,False
SH_MT_04,2014,tier1_indirect,170.0,-0.47052280311457173,-0.46566500564040203,0.56,0.75,False
SH_MT_04,2014,tier1_indirect,180.0,-0.47052280311457173,-0.5099665091804835,0.52,0.75,False
SH_MT_04,2014,tier1_indirect,190.0,-0.47052280311457173,-0.5177217764145936,0.56,0.75,False
SH_MT_04,2014,tier1_indirect,200.0,-0.6006674082313682,-1.6938739595152712,0.1,1.0,False
SH_MT_04,2014,tier1_indirect,210.0,-0.6006674082313682,-1.3068475330928235,0.18,1.0,False
SH_MT_04,2014,tier1_indirect,220.0,-0.6006674082313682,-1.376889583269567,0.21,1.0,False
SH_MT_04,2015,direct,50.0,1.144977342004267,2.535390757904117,0.02,0.5384615384615384,False
SH_MT_04,2015,direct,60.0,1.0294372527955866,3.2202871564665774,0.01,0.8461538461538461,False
SH_MT_04,2015,direct,70.0,1.0464338705314262,3.8922332542132048,0.01,0.8461538461538461,False
SH_MT_04,2015,direct,80.0,0.9616197564060459,3.294280747691081,0.01,0.9230769230769231,False
SH_MT_04,2015,direct,90.0,0.9544668638569083,4.13591448195586,0.01,0.9230769230769231,False
SH_MT_04,2015,direct,100.0,0.9874506885615447,3.7060748835069153,0.01,0.9230769230769231,False
SH_MT_04,2015,direct,110.0,0.9644302530421212,4.694370995002459,0.01,0.9230769230769231,True
SH_MT_04,2015,direct,120.0,0.8183670798007388,4.503024912080759,0.01,1.0,False
SH_MT_04,2015,direct,130.0,0.7519414924671765,4.348979366091584,0.01,1.0,False
SH_MT_04,2015,direct,140.0,0.6174200548980223,4.198494291693978,0.01,1.0,False
SH_MT_04,2015,direct,150.0,0.5103411965176565,4.170645659400747,0.01,1.0,False
SH_MT_04,2015,direct,160.0,0.5044337716794357,4.034547201521826,0.01,1.0,False
SH_MT_04,2015,direct,170.0,0.4999615078786167,3.6720093907382227,0.01,1.0,False
SH_MT_04,2015,direct,180.0,0.32581682581652605,3.869057560010786,0.01,1.0,False
SH_MT_04,2015,direct,190.0,0.21590302141301265,2.7895325748435993,0.09,1.0,False
SH_MT_04,2015,direct,200.0,0.07814575960473374,1.9486720523421062,0.61,1.0,False
SH_MT_04,2015,direct,210.0,0.0037129977344729603,1.3411024334933843,0.99,1.0,False
SH_MT_04,2015,direct,220.0,0.0037129977344729603,1.2032856228061322,0.99,1.0,False
SH_MT_04,2015,tier1_indirect,78.35753499094086,,,,,True
SH_MT_04,2016,direct,50.0,1.1547078901985515,5.159502212838739,0.01,0.75,False
SH_MT_04,2016,direct,60.0,1.085442417376393,5.904770466907591,0.01,0.8125,False
SH_MT_04,2016,direct,70.0,1.0806181128168661,6.302779529943981,0.01,0.8125,False
SH_MT_04,2016,direct,80.0,0.8637845955027389,5.273602647711355,0.01,1.0,False
SH_MT_04,2016,direct,90.0,0.8554673621204076,6.288878417163306,0.01,1.0,False
SH_MT_04,2016,direct,100.0,0.833938656622848,5.99760838976357,0.01,1.0,False
SH_MT_04,2016,direct,110.0,0.8338375604165368,7.469063282057299,0.01,1.0,True
SH_MT_04,2016,direct,120.0,0.8101024179642126,6.70950323600215,0.01,1.0,False
SH_MT_04,2016,direct,130.0,0.78679362851781,7.319093213810918,0.01,1.0,False
SH_MT_04,2016,direct,140.0,0.6550099102347915,6.696812738746377,0.01,1.0,False
SH_MT_04,2016,direct,150.0,0.2518748635721991,3.566488933433096,0.01,1.0,False
SH_MT_04,2016,direct,160.0,0.19562337246830158,3.6305679103551367,0.04,1.0,False
SH_MT_04,2016,direct,170.0,0.19252360909000837,3.7257513217199225,0.01,1.0,False
SH_MT_04,2016,direct,180.0,0.0681265047456834,2.0879837577647256,0.61,1.0,False
SH_MT_04,2016,direct,190.0,-0.12037453507417542,-1.1502373448736043,0.13,1.0,False
SH_MT_04,2016,direct,200.0,-0.11480544964614825,-1.3509550569321698,0.08,1.0,False
SH_MT_04,2016,direct,210.0,-0.10862877195588987,-1.292258010274923,0.08,1.0,False
SH_MT_04,2016,direct,220.0,-0.10862877195588987,-1.5775343785910423,0.06,1.0,False
SH_MT_04,2016,tier1_indirect,160.0,,,,,True
SH_MT_04,2017,direct,50.0,1.2502812680313744,3.664265504906242,0.01,0.6875,False
SH_MT_04,2017,direct,60.0,1.3228428462969628,5.224558594822893,0.01,0.75,False
SH_MT_04,2017,direct,70.0,1.1927231985506594,5.2814004756649435,0.01,0.8125,False
SH_MT_04,2017,direct,80.0,0.9780007489663701,5.159522593515501,0.01,0.9375,False
SH_MT_04,2017,direct,90.0,0.9198454190922963,5.439450906310085,0.01,1.0,False
SH_MT_04,2017,direct,100.0,0.908252941742249,4.705253695311072,0.01,1.0,False
SH_MT_04,2017,direct,110.0,0.8913439918679874,5.256963259040655,0.01,1.0,False
SH_MT_04,2017,direct,120.0,0.874564624342748,7.373372854665935,0.01,1.0,False
SH_MT_04,2017,direct,130.0,0.8525940037314222,7.426825822939547,0.01,1.0,True
SH_MT_04,2017,direct,140.0,0.7766309973911777,6.390835444527463,0.01,1.0,False
SH_MT_04,2017,direct,150.0,0.38960778925926465,4.430466640396974,0.01,1.0,False
SH_MT_04,2017,direct,160.0,0.304355238616521,4.500737577190449,0.01,1.0,False
SH_MT_04,2017,direct,170.0,0.3000863973542731,3.3398727010606257,0.02,1.0,False
SH_MT_04,2017,direct,180.0,0.22992809635032843,2.774064901013748,0.04,1.0,False
SH_MT_04,2017,direct,190.0,0.15788377349390922,2.9262226570477536,0.12,1.0,False
SH_MT_04,2017,direct,200.0,0.04388837951940517,1.8456766154691375,0.77,1.0,False
SH_MT_04,2017,direct,210.0,-0.03910104072660928,0.5417851903242968,0.75,1.0,False
SH_MT_04,2017,direct,220.0,-0.03876731522708077,0.6689777722899835,0.8,1.0,False
SH_MT_04,2017,tier1_indirect,50.0,,,,,True
SH_MT_04,2018,direct,50.0,0.4052952363946674,2.1948681870639786,0.11,0.6470588235294118,False
SH_MT_04,2018,direct,60.0,1.0030144545552606,4.454527500442381,0.01,0.8235294117647058,False
SH_MT_04,2018,direct,70.0,0.9886713756658798,4.525335983247675,0.01,0.8235294117647058,False
SH_MT_04,2018,direct,80.0,0.8364867925588361,5.625243409116489,0.01,0.9411764705882353,False
SH_MT_04,2018,direct,90.0,0.8019247446004654,4.229605321243593,0.01,1.0,False
SH_MT_04,2018,direct,100.0,0.7743356749797885,4.7450402892715,0.01,1.0,False
SH_MT_04,2018,direct,110.0,0.7623446535981755,5.259567097672605,0.01,1.0,False
SH_MT_04,2018,direct,120.0,0.6995267333311396,5.863821266154846,0.01,1.0,False
SH_MT_04,2018,direct,130.0,0.6956926130089299,4.753421048554686,0.01,1.0,False
SH_MT_04,2018,direct,140.0,0.6942360074171826,7.820276872345834,0.01,1.0,True
SH_MT_04,2018,direct,150.0,0.3660974479495298,4.358759948463197,0.02,1.0,False
SH_MT_04,2018,direct,160.0,0.3265458204493482,4.5219570345462845,0.02,1.0,False
SH_MT_04,2018,direct,170.0,0.31228601140577317,4.526557689990256,0.03,1.0,False
SH_MT_04,2018,direct,180.0,0.281580887636561,4.96449525471415,0.01,1.0,False
SH_MT_04,2018,direct,190.0,0.22999959644457715,3.2634102785760604,0.04,1.0,False
SH_MT_04,2018,direct,200.0,0.04055320906260734,1.6170487000737221,0.76,1.0,False
SH_MT_04,2018,direct,210.0,-0.05814173064744561,0.14043282407194174,0.57,1.0,False
SH_MT_04,2018,direct,220.0,-0.05826776074102347,0.11409929110958848,0.63,1.0,False
SH_MT_04,2018,tier1_indirect,160.0,,,,,True
SH_PA_01,2013,direct,50.0,0.3390252316549325,1.0678528095392126,0.55,0.9090909090909091,False
SH_PA_01,2013,direct,60.0,0.3390252316549325,1.1106984809372484,0.37,0.9090909090909091,False
SH_PA_01,2013,direct,70.0,0.5274740153274329,2.021790849799217,0.14,0.9090909090909091,False
SH_PA_01,2013,direct,80.0,0.5074596968640339,1.5685035256865096,0.19,0.9090909090909091,False
SH_PA_01,2013,direct,90.0,0.56765362672582,2.0850848661548245,0.1,0.9090909090909091,True
SH_PA_01,2013,direct,100.0,0.4842728743016968,1.9589723819139804,0.19,0.9090909090909091,False
SH_PA_01,2013,direct,110.0,0.2663317716563668,1.3940715761758138,0.37,0.9090909090909091,False
SH_PA_01,2013,direct,120.0,0.2663317716563668,1.3838904470419384,0.42,0.9090909090909091,False
SH_PA_01,2013,direct,130.0,0.15964423317085963,0.7887966045337187,0.62,0.9090909090909091,False
SH_PA_01,2013,direct,140.0,0.09864141522801971,0.8013026912007438,0.73,1.0,False
SH_PA_01,2013,direct,150.0,-0.06160716714518525,0.45647702324617684,0.88,1.0,False
SH_PA_01,2013,direct,160.0,-0.026255647632260293,0.39636098772989264,0.94,1.0,False
SH_PA_01,2013,direct,170.0,-0.06513043915253633,0.19532606763524918,0.77,1.0,False
SH_PA_01,2013,direct,180.0,-0.11472956280463828,-0.10774251580973267,0.59,1.0,False
SH_PA_01,2013,direct,190.0,-0.1671785114003066,-0.6619734903310862,0.25,1.0,False
SH_PA_01,2013,direct,200.0,-0.1671785114003066,-0.6970668491056891,0.19,1.0,False
SH_PA_01,2013,direct,210.0,-0.16872010141979948,-0.9158172820244546,0.18,1.0,False
SH_PA_01,2013,direct,220.0,-0.16689294290172688,-0.8535658858779434,0.16,1.0,False
SH_PA_01,2013,tier1_indirect,50.0,,,,,True
SH_PA_01,2014,direct,50.0,1.2205308019462544,3.6991907294754935,0.01,0.7272727272727273,False
SH_PA_01,2014,direct,60.0,1.1984297624517462,3.026391320395011,0.01,0.7272727272727273,False
SH_PA_01,2014,direct,70.0,1.148589479519694,3.471481020574661,0.01,0.7272727272727273,False
SH_PA_01,2014,direct,80.0,1.148589479519694,3.805083100037086,0.01,0.7272727272727273,True
SH_PA_01,2014,direct,90.0,0.8096600763945343,2.780324525659777,0.02,0.7272727272727273,False
SH_PA_01,2014,direct,100.0,0.7918317875417745,3.350193401275116,0.02,0.7272727272727273,False
SH_PA_01,2014,direct,110.0,0.3381440192740426,1.875313125417747,0.28,0.9090909090909091,False
SH_PA_01,2014,direct,120.0,0.2140135732509174,2.2643164161102853,0.42,0.9090909090909091,False
SH_PA_01,2014,direct,130.0,0.04293439246317401,0.7255372627815441,0.86,0.9090909090909091,False
SH_PA_01,2014,direct,140.0,0.037558074768728585,0.8889041885611739,0.83,0.9090909090909091,False
SH_PA_01,2014,direct,150.0,-0.10895851141489149,-0.22853660504290582,0.6,1.0,False
SH_PA_01,2014,direct,160.0,-0.10684143920380529,-0.10983874043139787,0.54,1.0,False
SH_PA_01,2014,direct,170.0,-0.1548683952740808,-0.6031149636228836,0.27,1.0,False
SH_PA_01,2014,direct,180.0,-0.17869145343786305,-0.8965849614042731,0.2,1.0,False
SH_PA_01,2014,direct,190.0,-0.1737806466245398,-0.9443611756077966,0.16,1.0,False
SH_PA_01,2014,direct,200.0,-0.1737806466245398,-1.0162252901392717,0.19,1.0,False
SH_PA_01,2014,direct,210.0,-0.17151562296147063,-1.0757471642500516,0.16,1.0,False
SH_PA_01,2014,direct,220.0,-0.17151562296147063,-1.233597323842352,0.11,1.0,False
SH_PA_01,2014,tier1_indirect,50.0,,,,,True
SH_PA_01,2015,direct,50.0,0.5695305146233249,1.9987928429469817,0.13,0.75,False
SH_PA_01,2015,direct,60.0,0.5199263592128193,1.7313443233402308,0.21,0.75,False
SH_PA_01,2015,direct,70.0,0.588945983051742,2.228521512014039,0.11,0.75,False
SH_PA_01,2015,direct,80.0,0.6648121153144545,2.2856761419769356,0.05,0.75,False
SH_PA_01,2015,direct,90.0,0.517773722592293,2.023330375497943,0.13,0.75,False
SH_PA_01,2015,direct,100.0,0.5328013465201318,2.549575361574601,0.03,0.75,True
SH_PA_01,2015,direct,110.0,0.13693225292348515,0.95953970438132,0.59,0.9166666666666666,False
SH_PA_01,2015,direct,120.0,0.117432572752511,1.2968834212996736,0.66,1.0,False
SH_PA_01,2015,direct,130.0,0.0576122942692071,0.7174818909485565,0.75,1.0,False
SH_PA_01,2015,direct,140.0,0.02257904802231548,0.7481301296089414,0.91,1.0,False
SH_PA_01,2015,direct,150.0,-0.031142867224554522,0.42895971971144725,0.88,1.0,False
SH_PA_01,2015,direct,160.0,-0.0004579946310799687,0.7525290478498483,1.0,1.0,False
SH_PA_01,2015,direct,170.0,-0.04192405825809021,0.35968796563878114,0.8,1.0,False
SH_PA_01,2015,direct,180.0,-0.08407121993116425,0.03865371898986733,0.56,1.0,False
SH_PA_01,2015,direct,190.0,-0.1167987291943403,-0.46154349220606344,0.33,1.0,False
SH_PA_01,2015,direct,200.0,-0.1167987291943403,-0.3667892259801425,0.41,1.0,False
SH_PA_01,2015,direct,210.0,-0.125701076560613,-0.47051477439353073,0.35,1.0,False
SH_PA_01,2015,direct,220.0,-0.12734475027260772,-0.6938374116045256,0.28,1.0,False
SH_PA_01,2015,tier1_indirect,160.0,,,,,True
SH_PA_01,2016,direct,50.0,0.1342374672022169,0.690254740978864,0.69,0.7,False
SH_PA_01,2016,direct,60.0,0.047678708904308774,0.44344611353925534,0.89,0.7,False
SH_PA_01,2016,direct,70.0,0.047678708904308774,0.2856315049626023,0.86,0.7,False
SH_PA_01,2016,direct,80.0,0.35547435817408435,1.2770630338298081,0.36,0.8,True
SH_PA_01,2016,direct,90.0,0.08804262045103935,0.3707442285889304,0.72,0.8,False
SH_PA_01,2016,direct,100.0,0.08804262045103935,0.865222429308054,0.75,0.8,False
SH_PA_01,2016,direct,110.0,-0.03022583671944746,0.26518445726217077,0.91,0.9,False
SH_PA_01,2016,direct,120.0,-0.11381108505264702,0.1838799519672192,0.69,0.9,False
SH_PA_01,2016,direct,130.0,-0.06363714728184461,0.22649100276533773,0.89,1.0,False
SH_PA_01,2016,direct,140.0,-0.057745924454799924,0.42281849214988765,0.83,1.0,False
SH_PA_01,2016,direct,150.0,-0.19198327842088825,-0.5989390450960229,0.33,1.0,False
SH_PA_01,2016,direct,160.0,-0.1725081788332518,-0.47299605103285813,0.42,1.0,False
SH_PA_01,2016,direct,170.0,-0.13392366865806563,-0.2088017115496322,0.46,1.0,False
SH_PA_01,2016,direct,180.0,-0.1513363774035608,-0.5868266077717477,0.24,1.0,False
SH_PA_01,2016,direct,190.0,-0.15160105269966964,-0.2530310671793689,0.37,1.0,False
SH_PA_01,2016,direct,200.0,-0.15160105269966964,-0.894209876449012,0.16,1.0,False
SH_PA_01,2016,direct,210.0,-0.15638907254373496,-0.8208128693794842,0.2,1.0,False
SH_PA_01,2016,direct,220.0,-0.15638907254373496,-0.8768488162829893,0.16,1.0,False
SH_PA_01,2016,tier1_indirect,50.0,,,,,True
SH_PA_01,2017,direct,50.0,0.32383626632065526,1.253480505080998,0.36,0.6666666666666666,True
SH_PA_01,2017,direct,60.0,0.16176181980374668,0.8573475262977193,0.6,0.6666666666666666,False
SH_PA_01,2017,direct,70.0,0.12492235017435732,0.8752509336997224,0.66,0.6666666666666666,False
SH_PA_01,2017,direct,80.0,-0.004318384559240937,0.4245571369714527,1.0,0.6666666666666666,False
SH_PA_01,2017,direct,90.0,0.011735193144648999,0.294989751961567,0.94,0.75,False
SH_PA_01,2017,direct,100.0,0.008527739482244383,0.35309815845796,0.99,0.75,False
SH_PA_01,2017,direct,110.0,0.005897563631729562,0.5002140345380841,0.99,1.0,False
SH_PA_01,2017,direct,120.0,-0.0009219118674961495,0.5738480595872794,1.0,1.0,False
SH_PA_01,2017,direct,130.0,-0.05025688257624029,-0.001954476046392246,0.83,1.0,False
SH_PA_01,2017,direct,140.0,-0.09383178670868232,-0.05879959801115416,0.72,1.0,False
SH_PA_01,2017,direct,150.0,-0.14628062838143122,-0.4089140761499206,0.41,1.0,False
SH_PA_01,2017,direct,160.0,-0.14209286699028,-0.17156883683303684,0.5,1.0,False
SH_PA_01,2017,direct,170.0,-0.13047641574403396,-0.2295074795965329,0.44,1.0,False
SH_PA_01,2017,direct,180.0,-0.13913208483458261,-0.66995554321286,0.26,1.0,False
SH_PA_01,2017,direct,190.0,-0.15855860673535638,-1.3186884300520176,0.1,1.0,False
SH_PA_01,2017,direct,200.0,-0.15855860673535638,-1.0655604255978839,0.15,1.0,False
SH_PA_01,2017,direct,210.0,-0.18176562010152147,-1.8706768150370217,0.06,1.0,False
SH_PA_01,2017,direct,220.0,-0.19614863605294228,-2.2389186372923913,0.01,1.0,False
SH_PA_01,2017,tier1_indirect,50.0,,,,,True
SH_PA_01,2018,direct,50.0,0.14933756007736623,0.5882478852872902,0.79,0.9090909090909091,False
SH_PA_01,2018,direct,60.0,0.14933756007736623,0.4708670676170153,0.78,0.9090909090909091,False
SH_PA_01,2018,direct,70.0,0.35467406776303206,1.1801299593278436,0.39,0.9090909090909091,False
SH_PA_01,2018,direct,80.0,0.29861840666293354,1.0875046980004353,0.44,0.9090909090909091,False
SH_PA_01,2018,direct,90.0,0.40793658223484947,1.526325892511147,0.3,0.9090909090909091,True
SH_PA_01,2018,direct,100.0,0.2871929426772891,1.4088414889756953,0.42,0.9090909090909091,False
SH_PA_01,2018,direct,110.0,0.14544397130715295,1.0896294506464033,0.63,0.9090909090909091,False
SH_PA_01,2018,direct,120.0,0.14544397130715295,0.8727611933192527,0.69,0.9090909090909091,False
SH_PA_01,2018,direct,130.0,0.07840968040043562,0.5549267072563183,0.79,0.9090909090909091,False
SH_PA_01,2018,direct,140.0,0.0473211862497736,0.48199126849828133,0.83,1.0,False
SH_PA_01,2018,direct,150.0,-0.06463387086070309,0.23158369310760177,0.8,1.0,False
SH_PA_01,2018,direct,160.0,-0.04690600302788234,0.40922580802039543,0.92,1.0,False
SH_PA_01,2018,direct,170.0,-0.08512745287453874,-0.023934841199047187,0.74,1.0,False
SH_PA_01,2018,direct,180.0,-0.09244569772795402,-0.028820398054836837,0.58,1.0,False
SH_PA_01,2018,direct,190.0,-0.14820751774885133,-0.5467064438115422,0.32,1.0,False
SH_PA_01,2018,direct,200.0,-0.14820751774885133,-0.6386189352045646,0.28,1.0,False
SH_PA_01,2018,direct,210.0,-0.1461931642908375,-0.33648558501090686,0.43,1.0,False
SH_PA_01,2018,direct,220.0,-0.14370518957964803,-0.625190761428694,0.27,1.0,False
SH_PA_01,2018,tier1_indirect,50.0,,,,,True
SH_PA_02,2013,direct,50.0,0.6690374770212304,3.6861511424658655,0.01,0.9615384615384616,False
SH_PA_02,2013,direct,60.0,0.5756264774831805,3.927494444497174,0.01,0.9615384615384616,False
SH_PA_02,2013,direct,70.0,0.5548571636533125,3.9920586790870454,0.01,0.9615384615384616,False
SH_PA_02,2013,direct,80.0,0.451973767819125,4.03742181447501,0.01,0.9615384615384616,False
SH_PA_02,2013,direct,90.0,0.48827720860631263,3.736386628004031,0.01,0.9615384615384616,False
SH_PA_02,2013,direct,100.0,0.4172806403518474,3.9165979403743743,0.01,0.9615384615384616,False
SH_PA_02,2013,direct,110.0,0.38978010085704745,3.928275565404458,0.01,0.9615384615384616,False
SH_PA_02,2013,direct,120.0,0.3877005952161902,4.1310948620380445,0.01,0.9615384615384616,True
SH_PA_02,2013,direct,130.0,0.3286826310272273,3.8849797747812125,0.01,0.9615384615384616,False
SH_PA_02,2013,direct,140.0,0.32869462910458574,3.763601744848608,0.01,1.0,False
SH_PA_02,2013,direct,150.0,0.25675244224919697,3.973750749558951,0.01,1.0,False
SH_PA_02,2013,direct,160.0,0.23681990930050742,3.619822160210877,0.01,1.0,False
SH_PA_02,2013,direct,170.0,0.1706434738225132,3.547758901582554,0.01,1.0,False
SH_PA_02,2013,direct,180.0,0.14071997033772307,3.6667527140333536,0.02,1.0,False
SH_PA_02,2013,direct,190.0,0.08117774822963979,2.459590587382343,0.1,1.0,False
SH_PA_02,2013,direct,200.0,0.08023162932716425,2.5270069604580385,0.22,1.0,False
SH_PA_02,2013,direct,210.0,0.062208741625835284,2.7946052048134136,0.28,1.0,False
SH_PA_02,2013,direct,220.0,0.054119468792896516,2.93711652522585,0.35,1.0,False
SH_PA_02,2013,tier1_indirect,50.0,-0.16439375154971506,0.22960243843612516,0.8,0.4,False
SH_PA_02,2013,tier1_indirect,60.0,-0.16439375154971506,0.1929101109111103,0.86,0.4,False
SH_PA_02,2013,tier1_indirect,70.0,-0.16439375154971506,0.27412424012134884,0.8,0.4,False
SH_PA_02,2013,tier1_indirect,80.0,-0.16439375154971506,0.16121380513272807,0.79,0.4,False
SH_PA_02,2013,tier1_indirect,90.0,-0.16439375154971506,0.11911804223205717,0.8,0.4,False
SH_PA_02,2013,tier1_indirect,100.0,-0.16439375154971506,0.08754469303853002,0.8,0.4,False
SH_PA_02,2013,tier1_indirect,110.0,-0.16439375154971506,0.20042218873831547,0.75,0.4,False
SH_PA_02,2013,tier1_indirect,120.0,-0.16439375154971506,0.23752304756955206,0.81,0.4,False
SH_PA_02,2013,tier1_indirect,130.0,-0.16439375154971506,0.006754105928409522,0.79,0.4,False
SH_PA_02,2013,tier1_indirect,140.0,0.2465906273245719,0.8800437269307533,0.57,0.6,False
SH_PA_02,2013,tier1_indirect,150.0,0.2465906273245719,0.9601502897603931,0.61,0.6,False
SH_PA_02,2013,tier1_indirect,160.0,0.33748140342177035,1.3682102828229148,0.44,0.8,True
SH_PA_02,2013,tier1_indirect,170.0,-0.18337775849243737,0.4085039693946786,0.84,0.8,False
SH_PA_02,2013,tier1_indirect,180.0,-0.18337775849243737,0.30658166730206654,0.8,0.8,False
SH_PA_02,2013,tier1_indirect,190.0,-0.18337775849243737,0.27499520655715454,0.82,0.8,False
SH_PA_02,2013,tier1_indirect,200.0,-0.18337775849243737,0.23321774992091554,0.78,0.8,False
SH_PA_02,2013,tier1_indirect,210.0,-0.31440614926853444,-0.37857943726312715,0.41,1.0,False
SH_PA_02,2013,tier1_indirect,220.0,-0.31440614926853444,-0.5229303358067181,0.33,1.0,False
SH_PA_02,2014,direct,50.0,0.7757854870119268,3.095795291850258,0.01,0.8421052631578947,False
SH_PA_02,2014,direct,60.0,0.7272079953973274,2.7197433323748106,0.01,0.8421052631578947,False
SH_PA_02,2014,direct,70.0,0.5719373217752651,2.527890473886832,0.02,0.8421052631578947,False
SH_PA_02,2014,direct,80.0,0.5702930193772413,2.47069666473521,0.02,0.8947368421052632,False
SH_PA_02,2014,direct,90.0,0.5056192308584637,3.356944793420247,0.02,0.8947368421052632,True
SH_PA_02,2014,direct,100.0,0.32232168932419475,2.728179195921873,0.05,0.8947368421052632,False
SH_PA_02,2014,direct,110.0,0.24655152028269162,2.0636364426112936,0.06,0.8947368421052632,False
SH_PA_02,2014,direct,120.0,0.21672525583365593,2.380104823675781,0.1,0.8947368421052632,False
SH_PA_02,2014,direct,130.0,0.19733091935740205,2.6981591631458595,0.06,0.8947368421052632,False
SH_PA_02,2014,direct,140.0,0.18672312715088288,2.46477282458026,0.07,0.9473684210526315,False
SH_PA_02,2014,direct,150.0,0.14136309534744607,2.2340559208582316,0.19,1.0,False
SH_PA_02,2014,direct,160.0,0.09885484015603853,1.618106922696395,0.39,1.0,False
SH_PA_02,2014,direct,170.0,0.08869038314344886,1.7664013057379297,0.44,1.0,False
SH_PA_02,2014,direct,180.0,0.02188528162584823,1.0542930547763896,0.83,1.0,False
SH_PA_02,2014,direct,190.0,-0.013960883253056763,0.7051839886979047,0.9,1.0,False
SH_PA_02,2014,direct,200.0,-0.008369713356330966,0.6756681087682525,0.95,1.0,False
SH_PA_02,2014,direct,210.0,-0.02202369586513522,0.9192451481043056,0.9,1.0,False
SH_PA_02,2014,direct,220.0,-0.01565860404144336,0.7937422545200876,0.87,1.0,False
SH_PA_02,2014,tier1_indirect,50.0,-0.2775399864834422,-0.06343542875162958,0.77,0.3333333333333333,False
SH_PA_02,2014,tier1_indirect,60.0,-0.1883307051137643,0.048843444146472015,0.67,0.5,False
SH_PA_02,2014,tier1_indirect,70.0,-0.1913719306150033,0.10076210942947869,0.71,0.6666666666666666,False
SH_PA_02,2014,tier1_indirect,80.0,-0.1913719306150033,-0.19376838725496415,0.67,0.6666666666666666,False
SH_PA_02,2014,tier1_indirect,90.0,-0.13246226627618826,0.22467221589077052,0.77,0.6666666666666666,False
SH_PA_02,2014,tier1_indirect,100.0,-0.13246226627618826,0.17716607694592712,0.73,0.6666666666666666,False
SH_PA_02,2014,tier1_indirect,110.0,-0.13246226627618826,0.27257241013200767,0.73,0.6666666666666666,False
SH_PA_02,2014,tier1_indirect,120.0,0.02241495832394695,0.9116733009498827,0.99,0.8333333333333334,False
SH_PA_02,2014,tier1_indirect,130.0,0.09693624690245566,1.4734211530261812,0.78,0.8333333333333334,False
SH_PA_02,2014,tier1_indirect,140.0,-0.01227753998648332,1.0581203230263336,0.97,0.8333333333333334,False
SH_PA_02,2014,tier1_indirect,150.0,-0.01227753998648332,0.9719492172331364,0.96,0.8333333333333334,False
SH_PA_02,2014,tier1_indirect,160.0,-0.01227753998648332,1.3083201231330452,0.98,0.8333333333333334,False
SH_PA_02,2014,tier1_indirect,170.0,0.06334760081099362,2.1463470593778045,0.98,0.8333333333333334,True
SH_PA_02,2014,tier1_indirect,180.0,-0.2232034241946384,-0.003827556444411158,0.58,1.0,False
SH_PA_02,2014,tier1_indirect,190.0,-0.2232034241946384,-0.1459178098419091,0.55,1.0,False
SH_PA_02,2014,tier1_indirect,200.0,-0.2232034241946384,-0.060689139405717865,0.51,1.0,False
SH_PA_02,2014,tier1_indirect,210.0,-0.2232034241946384,-0.08443638419394378,0.56,1.0,False
SH_PA_02,2014,tier1_indirect,220.0,-0.2232034241946384,-0.21870039002737326,0.59,1.0,False
SH_PA_02,2015,direct,50.0,0.4754523546449838,2.3422547834520517,0.02,0.8571428571428571,False
SH_PA_02,2015,direct,60.0,0.38200098948930855,2.27622384309036,0.05,0.8571428571428571,False
SH_PA_02,2015,direct,70.0,0.25287321706715815,2.0612922960499005,0.15,0.9047619047619048,False
SH_PA_02,2015,direct,80.0,0.3029306437326556,2.2685918570524075,0.04,0.9047619047619048,False
SH_PA_02,2015,direct,90.0,0.25837022531473747,2.3847694411815397,0.06,0.9047619047619048,False
SH_PA_02,2015,direct,100.0,0.22334653775749314,2.133537052482848,0.06,0.9047619047619048,False
SH_PA_02,2015,direct,110.0,0.15464783050240644,2.008995722118361,0.18,0.9047619047619048,False
SH_PA_02,2015,direct,120.0,0.12721264578598634,1.5992492272383259,0.32,0.9047619047619048,False
SH_PA_02,2015,direct,130.0,0.13119237771181172,1.9105764647969068,0.21,0.9047619047619048,False
SH_PA_02,2015,direct,140.0,0.155158057475042,2.5796708131274158,0.1,0.9523809523809523,True
SH_PA_02,2015,direct,150.0,0.10569712244544151,1.9966789140497565,0.21,0.9523809523809523,False
SH_PA_02,2015,direct,160.0,0.09073424190066293,2.125312179205867,0.3,0.9523809523809523,False
SH_PA_02,2015,direct,170.0,0.12050262197839465,2.1431439565944443,0.26,1.0,False
SH_PA_02,2015,direct,180.0,0.09408956952964943,2.4225707137864387,0.25,1.0,False
SH_PA_02,2015,direct,190.0,0.047014068026639266,2.047167716075253,0.6,1.0,False
SH_PA_02,2015,direct,200.0,0.043294162608213234,2.013431486749433,0.54,1.0,False
SH_PA_02,2015,direct,210.0,0.026315476880555827,2.1243936281731695,0.81,1.0,False
SH_PA_02,2015,direct,220.0,0.028015403511536804,2.019437390271003,0.77,1.0,False
SH_PA_02,2015,tier1_indirect,50.0,,,,0.0,False
SH_PA_02,2015,tier1_indirect,60.0,0.7752926786650358,1.1838247241949253,0.53,0.5,False
SH_PA_02,2015,tier1_indirect,70.0,0.7752926786650358,1.2984289274548937,0.51,0.5,False
SH_PA_02,2015,tier1_indirect,80.0,0.7752926786650358,1.4024884086050549,0.56,0.5,False
SH_PA_02,2015,tier1_indirect,90.0,0.7752926786650358,1.1762807411875476,0.53,0.5,False
SH_PA_02,2015,tier1_indirect,100.0,0.7752926786650358,1.1991829534387672,0.39,0.5,False
SH_PA_02,2015,tier1_indirect,110.0,0.7752926786650358,1.369198070890595,0.53,0.5,False
SH_PA_02,2015,tier1_indirect,120.0,0.7752926786650358,1.2782156840557508,0.55,0.5,False
SH_PA_02,2015,tier1_indirect,130.0,0.7752926786650358,1.4086585469981916,0.53,0.5,False
SH_PA_02,2015,tier1_indirect,140.0,0.7752926786650358,1.359326825228353,0.47,0.5,False
SH_PA_02,2015,tier1_indirect,150.0,0.25843089288834525,1.2852730693488101,0.58,0.75,False
SH_PA_02,2015,tier1_indirect,160.0,0.25843089288834525,1.2929537141507805,0.61,0.75,False
SH_PA_02,2015,tier1_indirect,170.0,0.025336362047876988,1.5236829067720934,1.0,0.75,False
SH_PA_02,2015,tier1_indirect,180.0,0.025336362047876988,1.5423561097477911,1.0,0.75,False
SH_PA_02,2015,tier1_indirect,190.0,0.025336362047876988,1.454022997250334,1.0,0.75,False
SH_PA_02,2015,tier1_indirect,200.0,0.025336362047876988,1.7540898590831933,1.0,0.75,True
SH_PA_02,2015,tier1_indirect,210.0,-0.5472654202341429,-0.7568037185359408,0.3,1.0,False
SH_PA_02,2015,tier1_indirect,220.0,-0.5472654202341429,-0.7505560176561092,0.28,1.0,False
SH_PA_02,2016,direct,50.0,0.5708540620187792,3.2209243385107906,0.01,0.9545454545454546,True
SH_PA_02,2016,direct,60.0,0.38449411271559586,2.6090629565811354,0.03,0.9545454545454546,False
SH_PA_02,2016,direct,70.0,0.3172293900036815,2.5155527415978756,0.04,0.9545454545454546,False
SH_PA_02,2016,direct,80.0,0.255431692220092,2.1251450067437623,0.08,0.9545454545454546,False
SH_PA_02,2016,direct,90.0,0.28256313830671836,2.5987104531208116,0.05,0.9545454545454546,False
SH_PA_02,2016,direct,100.0,0.20579625414899935,2.2104135617901712,0.14,0.9545454545454546,False
SH_PA_02,2016,direct,110.0,0.17693239141798045,1.7341610905665157,0.16,0.9545454545454546,False
SH_PA_02,2016,direct,120.0,0.13816028873266858,1.4332420729325104,0.35,0.9545454545454546,False
SH_PA_02,2016,direct,130.0,0.13056737702971538,1.4673606289442915,0.27,1.0,False
SH_PA_02,2016,direct,140.0,0.12584571201997177,1.6480923814222046,0.31,1.0,False
SH_PA_02,2016,direct,150.0,0.08619173832351827,1.663823591962456,0.43,1.0,False
SH_PA_02,2016,direct,160.0,0.03902542935577674,1.0893837812074594,0.78,1.0,False
SH_PA_02,2016,direct,170.0,0.0238641271877574,1.264363728510673,0.81,1.0,False
SH_PA_02,2016,direct,180.0,0.030809345319729838,1.5669679687916374,0.84,1.0,False
SH_PA_02,2016,direct,190.0,0.004721777862357779,1.4350181332569079,0.99,1.0,False
SH_PA_02,2016,direct,200.0,-0.006991332729880707,1.4598315217105438,0.95,1.0,False
SH_PA_02,2016,direct,210.0,-0.017582870448024042,0.9989809993470499,0.89,1.0,False
SH_PA_02,2016,direct,220.0,-0.03091376138485787,0.8237712405435843,0.83,1.0,False
SH_PA_02,2016,tier1_indirect,50.0,,,,0.0,False
SH_PA_02,2016,tier1_indirect,60.0,,,,0.0,False
SH_PA_02,2016,tier1_indirect,70.0,,,,0.0,False
SH_PA_02,2016,tier1_indirect,80.0,,,,0.0,False
SH_PA_02,2016,tier1_indirect,90.0,,,,0.0,False
SH_PA_02,2016,tier1_indirect,100.0,,,,0.0,False
SH_PA_02,2016,tier1_indirect,110.0,-1.3734290843806105,-1.223563462882722,0.27,0.5,False
SH_PA_02,2016,tier1_indirect,120.0,-1.3734290843806105,-1.4702133040518108,0.11,0.5,False
SH_PA_02,2016,tier1_indirect,130.0,-1.3734290843806105,-1.4597831161054025,0.2,0.5,False
SH_PA_02,2016,tier1_indirect,140.0,-1.3734290843806105,-1.5707919177467853,0.15,0.5,False
SH_PA_02,2016,tier1_indirect,150.0,-1.3734290843806105,-1.4399431044578272,0.16,0.5,False
SH_PA_02,2016,tier1_indirect,160.0,-0.6260579635804052,-0.8794061732662338,0.33,1.0,False
SH_PA_02,2016,tier1_indirect,170.0,-0.6260579635804052,-0.8976919246703525,0.34,1.0,False
SH_PA_02,2016,tier1_indirect,180.0,-0.6260579635804052,-0.7885577550714707,0.39,1.0,False
SH_PA_02,2016,tier1_indirect,190.0,-0.6260579635804052,-0.810670683307686,0.37,1.0,False
SH_PA_02,2016,tier1_indirect,200.0,-0.6260579635804052,-0.7995461766795556,0.39,1.0,False
SH_PA_02,2016,tier1_indirect,210.0,-0.5436009233136702,-0.5902473470262316,0.33,1.0,True
SH_PA_02,2016,tier1_indirect,220.0,-0.5436009233136702,-0.6368031107710548,0.31,1.0,False
SH_PA_02,2017,direct,50.0,0.7147917373302133,4.160230748861103,0.01,0.9166666666666666,True
SH_PA_02,2017,direct,60.0,0.5919652291888692,3.911476154481677,0.01,0.9166666666666666,False
SH_PA_02,2017,direct,70.0,0.49547654569711735,3.33277982148012,0.01,0.9166666666666666,False
SH_PA_02,2017,direct,80.0,0.4371492962036475,3.5746687862399185,0.01,0.9166666666666666,False
SH_PA_02,2017,direct,90.0,0.4905675902723821,3.5022322367743515,0.01,0.9583333333333334,False
SH_PA_02,2017,direct,100.0,0.41274047457795654,3.95176379086047,0.01,0.9583333333333334,False
SH_PA_02,2017,direct,110.0,0.36138781325794983,3.3855965262489303,0.01,0.9583333333333334,False
SH_PA_02,2017,direct,120.0,0.308100245763714,3.4472748967015923,0.01,0.9583333333333334,False
SH_PA_02,2017,direct,130.0,0.216145547564393,2.2163196388946282,0.05,0.9583333333333334,False
SH_PA_02,2017,direct,140.0,0.20647217519856273,2.3391954770741212,0.1,1.0,False
SH_PA_02,2017,direct,150.0,0.1618373739518254,2.8003629993917736,0.08,1.0,False
SH_PA_02,2017,direct,160.0,0.13217043436066997,2.741012372788132,0.13,1.0,False
SH_PA_02,2017,direct,170.0,0.10015572131619152,2.7616572201447975,0.29,1.0,False
SH_PA_02,2017,direct,180.0,0.10754336508221779,2.174017549899926,0.17,1.0,False
SH_PA_02,2017,direct,190.0,0.08562686743112573,3.059004075337141,0.13,1.0,False
SH_PA_02,2017,direct,200.0,0.08392460262590597,2.8274661052448753,0.22,1.0,False
SH_PA_02,2017,direct,210.0,0.06924765466832986,2.719269867070172,0.27,1.0,False
SH_PA_02,2017,direct,220.0,0.05884506639096239,2.6947028157447286,0.33,1.0,False
SH_PA_02,2017,tier1_indirect,50.0,,,,,True
SH_PA_02,2018,direct,50.0,0.7236828737318416,4.13777566283336,0.01,0.9615384615384616,False
SH_PA_02,2018,direct,60.0,0.6379802318393284,3.9548476251029965,0.01,0.9615384615384616,False
SH_PA_02,2018,direct,70.0,0.5980476769605179,4.2290892328994305,0.01,0.9615384615384616,False
SH_PA_02,2018,direct,80.0,0.5144155135778551,3.2781808031377153,0.02,0.9615384615384616,False
SH_PA_02,2018,direct,90.0,0.5182227085553647,4.3239561138327876,0.01,0.9615384615384616,True
SH_PA_02,2018,direct,100.0,0.44981904666170863,3.9547810324497426,0.01,0.9615384615384616,False
SH_PA_02,2018,direct,110.0,0.4055451372299403,3.546496643247492,0.01,0.9615384615384616,False
SH_PA_02,2018,direct,120.0,0.3955035966971629,3.7813572370218274,0.01,0.9615384615384616,False
SH_PA_02,2018,direct,130.0,0.33043728915917325,3.9758060779540294,0.01,0.9615384615384616,False
SH_PA_02,2018,direct,140.0,0.3201092101889547,3.814580516922286,0.01,1.0,False
SH_PA_02,2018,direct,150.0,0.2500896777554958,3.657337887355234,0.01,1.0,False
SH_PA_02,2018,direct,160.0,0.20677280628168515,3.5178102583181916,0.01,1.0,False
SH_PA_02,2018,direct,170.0,0.15467711716354393,3.2395403951995294,0.01,1.0,False
SH_PA_02,2018,direct,180.0,0.1211391654721594,3.3253662251781164,0.07,1.0,False
SH_PA_02,2018,direct,190.0,0.06252826574252777,2.39710718694016,0.27,1.0,False
SH_PA_02,2018,direct,200.0,0.05840375724253028,2.2176479251398007,0.38,1.0,False
SH_PA_02,2018,direct,210.0,0.03923332438018898,2.1361527113899927,0.51,1.0,False
SH_PA_02,2018,direct,220.0,0.031376911318849544,2.6177636980293344,0.67,1.0,False
SH_PA_02,2018,tier1_indirect,50.0,-0.527373179306881,-0.1967493418206381,0.91,0.4,False
SH_PA_02,2018,tier1_indirect,60.0,-0.527373179306881,-0.2775708335234837,0.86,0.4,False
SH_PA_02,2018,tier1_indirect,70.0,-0.527373179306881,-0.3581081714324689,0.94,0.4,False
SH_PA_02,2018,tier1_indirect,80.0,-0.527373179306881,-0.2841853458762911,0.84,0.4,False
SH_PA_02,2018,tier1_indirect,90.0,-0.527373179306881,-0.3374534999058788,0.91,0.4,False
SH_PA_02,2018,tier1_indirect,100.0,-0.527373179306881,-0.3654826590019044,0.91,0.4,False
SH_PA_02,2018,tier1_indirect,110.0,-0.527373179306881,-0.27566623714113164,0.93,0.4,False
SH_PA_02,2018,tier1_indirect,120.0,-0.527373179306881,-0.13323096716715385,0.92,0.4,False
SH_PA_02,2018,tier1_indirect,130.0,-0.527373179306881,-0.2842046740675109,0.91,0.4,False
SH_PA_02,2018,tier1_indirect,140.0,0.03515821195379206,0.5791748653769185,0.97,0.6,True
SH_PA_02,2018,tier1_indirect,150.0,0.03515821195379206,0.5087434461103015,0.99,0.6,False
SH_PA_02,2018,tier1_indirect,160.0,-0.17610497237569062,0.2957046487947182,0.83,0.8,False
SH_PA_02,2018,tier1_indirect,170.0,-0.3097271053072159,-0.2155999047630331,0.35,0.8,False
SH_PA_02,2018,tier1_indirect,180.0,-0.3097271053072159,-0.12017439985514458,0.35,0.8,False
SH_PA_02,2018,tier1_indirect,190.0,-0.3097271053072159,-0.3091883722452263,0.29,0.8,False
SH_PA_02,2018,tier1_indirect,200.0,-0.3097271053072159,-0.3289675868988331,0.36,0.8,False
SH_PA_02,2018,tier1_indirect,210.0,-0.47045035995312234,-0.6397605376657128,0.3,1.0,False
SH_PA_02,2018,tier1_indirect,220.0,-0.47045035995312234,-0.6692657699539718,0.29,1.0,False
SH_PA_03,2013,direct,50.0,-0.028140290328222444,0.28422365331603305,0.94,0.9444444444444444,False
SH_PA_03,2013,direct,60.0,-0.011198873999550267,0.247676920249427,0.95,0.9444444444444444,False
SH_PA_03,2013,direct,70.0,-0.029281511772201445,0.2625846130918507,0.83,0.9444444444444444,False
SH_PA_03,2013,direct,80.0,-0.019948771219452714,0.21659046709524765,0.87,0.9444444444444444,False
SH_PA_03,2013,direct,90.0,-0.023808486645401458,0.3927695670114104,0.8,0.9444444444444444,True
SH_PA_03,2013,direct,100.0,-0.04027624988548442,0.12830266275652896,0.75,0.9444444444444444,False
SH_PA_03,2013,direct,110.0,-0.13004416353191495,-1.5434642014721829,0.06,0.9444444444444444,False
SH_PA_03,2013,direct,120.0,-0.06905750345899009,-0.24250574206725353,0.41,1.0,False
SH_PA_03,2013,direct,130.0,-0.09662867611410723,-0.8210184138567174,0.22,1.0,False
SH_PA_03,2013,direct,140.0,-0.10167069705979519,-1.2483813891510847,0.12,1.0,False
SH_PA_03,2013,direct,150.0,-0.09920759828212752,-1.37947068828747,0.1,1.0,False
SH_PA_03,2013,direct,160.0,-0.08365975048096543,-0.874436422048865,0.11,1.0,False
SH_PA_03,2013,direct,170.0,-0.093856405793239,-1.6717429396536017,0.05,1.0,False
SH_PA_03,2013,direct,180.0,-0.10624102489360462,-4.049430217554092,0.01,1.0,False
SH_PA_03,2013,direct,190.0,-0.10624102489360462,-4.139744772675231,0.01,1.0,False
SH_PA_03,2013,direct,200.0,-0.06595563458287179,-0.6593709797167502,0.14,1.0,False
SH_PA_03,2013,direct,210.0,-0.06595563458287179,-0.5336114439710324,0.12,1.0,False
SH_PA_03,2013,direct,220.0,-0.06595563458287179,-0.6366273422350147,0.12,1.0,False
SH_PA_03,2013,tier1_indirect,50.0,-1.5951989477145676,-1.802401185387915,0.12,0.3333333333333333,False
SH_PA_03,2013,tier1_indirect,60.0,-1.5951989477145676,-1.6321442710288694,0.12,0.3333333333333333,False
SH_PA_03,2013,tier1_indirect,70.0,-1.5951989477145676,-1.4190019395865694,0.19,0.3333333333333333,False
SH_PA_03,2013,tier1_indirect,80.0,-1.5951989477145676,-1.6957235057685476,0.09,0.3333333333333333,False
SH_PA_03,2013,tier1_indirect,90.0,-1.302203222624137,-2.129327921293822,0.03,0.5,False
SH_PA_03,2013,tier1_indirect,100.0,-0.031568562972706354,0.4521435123998371,0.94,0.8333333333333334,False
SH_PA_03,2013,tier1_indirect,110.0,-0.2234791187109504,-0.1677438874573173,0.43,0.8333333333333334,False
SH_PA_03,2013,tier1_indirect,120.0,-0.11500602871862327,0.49858576149181966,0.69,0.8333333333333334,False
SH_PA_03,2013,tier1_indirect,130.0,0.014805071431181257,1.1288058272685937,0.98,1.0,True
SH_PA_03,2013,tier1_indirect,140.0,0.014805071431181257,0.8752065293864277,0.99,1.0,False
SH_PA_03,2013,tier1_indirect,150.0,0.014805071431181257,1.0337025921485077,0.97,1.0,False
SH_PA_03,2013,tier1_indirect,160.0,-0.06991852095436443,0.8899325622623993,0.76,1.0,False
SH_PA_03,2013,tier1_indirect,170.0,-0.06991852095436443,0.8693333378914586,0.81,1.0,False
SH_PA_03,2013,tier1_indirect,180.0,-0.142199203478388,0.6563492484886289,0.68,1.0,False
SH_PA_03,2013,tier1_indirect,190.0,-0.142199203478388,0.45014960571088314,0.59,1.0,False
SH_PA_03,2013,tier1_indirect,200.0,-0.142199203478388,0.4178274607060789,0.62,1.0,False
SH_PA_03,2013,tier1_indirect,210.0,-0.23160144689246953,-0.5229031632257848,0.39,1.0,False
SH_PA_03,2013,tier1_indirect,220.0,-0.2,-1.3125,0.5,1.0,False
SH_PA_03,2014,direct,50.0,0.01394694296787967,0.2631773446587877,0.97,0.8125,False
SH_PA_03,2014,direct,60.0,0.03223979618751495,0.5381171737043436,0.92,0.8125,False
SH_PA_03,2014,direct,70.0,0.08485596456067229,0.9143015138709563,0.6,0.8125,False
SH_PA_03,2014,direct,80.0,0.4026382669732543,2.622177573138963,0.05,0.875,False
SH_PA_03,2014,direct,90.0,0.21167121937725836,2.757753638610204,0.13,0.875,True
SH_PA_03,2014,direct,100.0,0.14357757394487397,1.6880546724195484,0.29,0.9375,False
SH_PA_03,2014,direct,110.0,0.07230184663320328,1.5382973652092262,0.64,0.9375,False
SH_PA_03,2014,direct,120.0,0.07905581549839084,1.664226542760046,0.56,0.9375,False
SH_PA_03,2014,direct,130.0,0.05147312078511399,1.747254599522511,0.73,0.9375,False
SH_PA_03,2014,direct,140.0,0.055782497989323616,1.8539995563938871,0.69,0.9375,False
SH_PA_03,2014,direct,150.0,0.00600040364653702,1.4405068704969457,0.95,0.9375,False
SH_PA_03,2014,direct,160.0,-0.002169069786157995,1.3708890541761427,0.99,0.9375,False
SH_PA_03,2014,direct,170.0,-0.1498752396046812,-1.225345772266765,0.12,1.0,False
SH_PA_03,2014,direct,180.0,0.039283718671501565,1.8658920404379873,0.83,1.0,False
SH_PA_03,2014,direct,190.0,-0.00529405759535555,1.410079084182671,0.98,1.0,False
SH_PA_03,2014,direct,200.0,-0.04725846798830279,0.764926107717672,0.83,1.0,False
SH_PA_03,2014,direct,210.0,-0.06649987986518303,0.02715449307425863,0.52,1.0,False
SH_PA_03,2014,direct,220.0,-0.05903204892449114,0.346318780358166,0.66,1.0,False
SH_PA_03,2014,tier1_indirect,50.0,,,,0.0,False
SH_PA_03,2014,tier1_indirect,60.0,-0.48901632970451014,-0.784043621814049,0.5,0.5714285714285714,False
SH_PA_03,2014,tier1_indirect,70.0,-0.03613919129082425,0.31130627228593916,0.93,0.7142857142857143,False
SH_PA_03,2014,tier1_indirect,80.0,-0.03613919129082425,0.42780078805499033,0.95,0.7142857142857143,False
SH_PA_03,2014,tier1_indirect,90.0,0.23865092736593524,1.275460929457274,0.5,0.8571428571428571,False
SH_PA_03,2014,tier1_indirect,100.0,0.23865092736593524,1.5007788128317918,0.42,0.8571428571428571,True
SH_PA_03,2014,tier1_indirect,110.0,-0.2059051177927539,-0.2005977529096413,0.59,0.8571428571428571,False
SH_PA_03,2014,tier1_indirect,120.0,-0.09713114163930645,0.3543089634205508,0.72,0.8571428571428571,False
SH_PA_03,2014,tier1_indirect,130.0,-0.2078926905132193,-0.18495281366617564,0.58,1.0,False
SH_PA_03,2014,tier1_indirect,140.0,-0.2078926905132193,-0.17203285907001717,0.48,1.0,False
SH_PA_03,2014,tier1_indirect,150.0,-0.26260800069120444,-0.5663479707913929,0.35,1.0,False
SH_PA_03,2014,tier1_indirect,160.0,-0.26260800069120444,-0.5554374022987605,0.37,1.0,False
SH_PA_03,2014,tier1_indirect,170.0,-0.20402626576810093,-0.21729652226188217,0.42,1.0,False
SH_PA_03,2014,tier1_indirect,180.0,-0.20402626576810093,-0.2555940909160875,0.43,1.0,False
SH_PA_03,2014,tier1_indirect,190.0,-0.17594680605955879,-0.015420285573161925,0.54,1.0,False
SH_PA_03,2014,tier1_indirect,200.0,-0.17594680605955879,0.03260489997999992,0.5,1.0,False
SH_PA_03,2014,tier1_indirect,210.0,-0.17594680605955879,-0.13212506661200002,0.45,1.0,False
SH_PA_03,2014,tier1_indirect,220.0,-0.23968881400840963,-0.7635632249159694,0.22,1.0,False
SH_PA_03,2015,direct,50.0,0.18810162937932062,1.0754764501935692,0.46,0.8125,False
SH_PA_03,2015,direct,60.0,0.13914796379581532,1.0997805502543472,0.49,0.875,False
SH_PA_03,2015,direct,70.0,0.12971575435856555,1.3804217243143952,0.48,0.875,False
SH_PA_03,2015,direct,80.0,0.3123541998563752,2.7704847660175758,0.04,0.9375,True
SH_PA_03,2015,direct,90.0,0.16857714249707598,1.8934797085707993,0.23,0.9375,False
SH_PA_03,2015,direct,100.0,0.06580466097112979,1.7216028627021396,0.55,0.9375,False
SH_PA_03,2015,direct,110.0,-0.0010502536511141683,0.7455011691776251,0.99,0.9375,False
SH_PA_03,2015,direct,120.0,-0.010255477986508612,0.6559215415015563,0.94,0.9375,False
SH_PA_03,2015,direct,130.0,-0.022818130778913783,0.7407663684217214,0.92,0.9375,False
SH_PA_03,2015,direct,140.0,-0.04327259161717237,0.3442927277364784,0.73,0.9375,False
SH_PA_03,2015,direct,150.0,-0.0656082876039999,0.10287224180095181,0.58,0.9375,False
SH_PA_03,2015,direct,160.0,-0.14517946640009327,-1.2624732427964838,0.11,1.0,False
SH_PA_03,2015,direct,170.0,-0.1694416452135912,-1.703886769451583,0.05,1.0,False
SH_PA_03,2015,direct,180.0,-0.1153887918157743,-1.061724630850127,0.13,1.0,False
SH_PA_03,2015,direct,190.0,-0.09701326001696466,-0.9454230047817191,0.12,1.0,False
SH_PA_03,2015,direct,200.0,-0.10315128583972379,-1.0048710864853294,0.15,1.0,False
SH_PA_03,2015,direct,210.0,-0.08446419797171936,-0.7699693879748786,0.18,1.0,False
SH_PA_03,2015,direct,220.0,-0.08087378283440741,-0.8883676564996166,0.16,1.0,False
SH_PA_03,2015,tier1_indirect,50.0,,,,0.0,False
SH_PA_03,2015,tier1_indirect,60.0,-0.2574102964118565,0.0412073579960835,0.86,0.5,False
SH_PA_03,2015,tier1_indirect,70.0,-0.2574102964118565,0.01776687027617199,0.86,0.5,False
SH_PA_03,2015,tier1_indirect,80.0,-0.2574102964118565,0.1633257349203205,0.87,0.5,False
SH_PA_03,2015,tier1_indirect,90.0,-0.2574102964118565,0.09935937930197168,0.88,0.5,False
SH_PA_03,2015,tier1_indirect,100.0,-0.2574102964118565,-0.019443813891240832,0.76,0.5,False
SH_PA_03,2015,tier1_indirect,110.0,0.0234009360374415,0.575519367403103,1.0,0.75,False
SH_PA_03,2015,tier1_indirect,120.0,-0.6040908302998785,-0.914134770099269,0.48,0.75,False
SH_PA_03,2015,tier1_indirect,130.0,-0.18374068296065174,0.7565355840454004,0.85,1.0,False
SH_PA_03,2015,tier1_indirect,140.0,-0.32067949384642047,0.06714421374644615,0.67,1.0,False
SH_PA_03,2015,tier1_indirect,150.0,-0.32067949384642047,-0.0006823593723332744,0.63,1.0,False
SH_PA_03,2015,tier1_indirect,160.0,-0.32067949384642047,-0.06460833959507209,0.61,1.0,False
SH_PA_03,2015,tier1_indirect,170.0,-0.32067949384642047,-0.026532170780954725,0.56,1.0,False
SH_PA_03,2015,tier1_indirect,180.0,-0.3333333333333333,0.0,0.31,1.0,False
SH_PA_03,2015,tier1_indirect,190.0,-0.3333333333333333,0.0,0.32,1.0,False
SH_PA_03,2015,tier1_indirect,200.0,-0.3333333333333333,0.0,0.37,1.0,False
SH_PA_03,2015,tier1_indirect,210.0,-0.3333333333333333,0.0,0.33,1.0,False
SH_PA_03,2015,tier1_indirect,220.0,-0.3333333333333333,0.7671952740916673,0.46,1.0,True
SH_PA_03,2016,direct,50.0,0.19531061653122245,1.1406393146098421,0.34,0.8421052631578947,False
SH_PA_03,2016,direct,60.0,0.18294076829781464,1.3250991210957526,0.38,0.8421052631578947,False
SH_PA_03,2016,direct,70.0,0.17271986645988197,1.4580555377319497,0.25,0.8421052631578947,False
SH_PA_03,2016,direct,80.0,0.18941415047057233,1.8213876804631164,0.14,0.8421052631578947,False
SH_PA_03,2016,direct,90.0,0.1348953507754948,1.681348577446098,0.31,0.8947368421052632,False
SH_PA_03,2016,direct,100.0,0.10812301981363351,1.8990715643097438,0.41,0.9473684210526315,True
SH_PA_03,2016,direct,110.0,0.014219694237480762,0.8957014364391592,0.9,0.9473684210526315,False
SH_PA_03,2016,direct,120.0,-0.03694609902289325,0.024956469476532586,0.73,0.9473684210526315,False
SH_PA_03,2016,direct,130.0,-0.0446107128107198,0.1944614882322462,0.72,0.9473684210526315,False
SH_PA_03,2016,direct,140.0,-0.05623988115567216,0.09287079987064367,0.58,0.9473684210526315,False
SH_PA_03,2016,direct,150.0,-0.08095430100201031,-0.594431986246624,0.33,0.9473684210526315,False
SH_PA_03,2016,direct,160.0,-0.24493665066710613,-2.909014488534686,0.03,1.0,False
SH_PA_03,2016,direct,170.0,-0.19357426734267716,-2.623457827622163,0.02,1.0,False
SH_PA_03,2016,direct,180.0,-0.11747117702457453,-1.934493055262437,0.03,1.0,False
SH_PA_03,2016,direct,190.0,-0.14518260257020824,-3.0457950110492447,0.02,1.0,False
SH_PA_03,2016,direct,200.0,-0.14625839661789314,-3.5874071698666823,0.01,1.0,False
SH_PA_03,2016,direct,210.0,-0.11795383667972634,-2.9758706854345554,0.02,1.0,False
SH_PA_03,2016,direct,220.0,-0.11217756550505432,-3.3309009352969032,0.01,1.0,False
SH_PA_03,2016,tier1_indirect,160.0,,,,,True
SH_PA_03,2017,direct,50.0,0.29288502134832495,1.8162195266993633,0.15,0.8421052631578947,False
SH_PA_03,2017,direct,60.0,0.23931572526142866,2.0450934821652913,0.13,0.8421052631578947,False
SH_PA_03,2017,direct,70.0,0.22015068182294728,1.862086695892111,0.12,0.8421052631578947,False
SH_PA_03,2017,direct,80.0,0.42028199176256353,4.290853366020446,0.01,0.8947368421052632,True
SH_PA_03,2017,direct,90.0,0.3244920414937923,3.6433947795806723,0.02,0.8947368421052632,False
SH_PA_03,2017,direct,100.0,0.05965875224376289,1.0727060291832597,0.63,0.9473684210526315,False
SH_PA_03,2017,direct,110.0,-0.006684227911789569,0.6294125884968576,0.99,0.9473684210526315,False
SH_PA_03,2017,direct,120.0,0.0032617332318768855,0.8694087421945103,0.99,0.9473684210526315,False
SH_PA_03,2017,direct,130.0,-0.00535174857215117,0.6062683703968121,0.95,0.9473684210526315,False
SH_PA_03,2017,direct,140.0,-0.033341342693753225,0.4538102055638964,0.75,0.9473684210526315,False
SH_PA_03,2017,direct,150.0,-0.08537715796021324,-0.6895885893146918,0.23,0.9473684210526315,False
SH_PA_03,2017,direct,160.0,-0.19690367177028786,-2.2897707265314993,0.03,1.0,False
SH_PA_03,2017,direct,170.0,-0.22197495855828092,-4.075665944295909,0.01,1.0,False
SH_PA_03,2017,direct,180.0,-0.15252036066762842,-2.7077952056719488,0.01,1.0,False
SH_PA_03,2017,direct,190.0,-0.11441473276655895,-1.9758338263979058,0.04,1.0,False
SH_PA_03,2017,direct,200.0,-0.09716793775089774,-1.4813830895250253,0.07,1.0,False
SH_PA_03,2017,direct,210.0,-0.08239428969180805,-1.0480638481435642,0.18,1.0,False
SH_PA_03,2017,direct,220.0,-0.08145070655672824,-1.5146263055086013,0.05,1.0,False
SH_PA_03,2017,tier1_indirect,50.0,,,,,True
SH_PA_03,2018,direct,50.0,0.16690257309229226,1.3436646615433487,0.36,0.9444444444444444,False
SH_PA_03,2018,direct,60.0,0.11297695901226659,1.2755595581457364,0.48,0.9444444444444444,False
SH_PA_03,2018,direct,70.0,0.09162940167195366,1.4092678161662464,0.54,0.9444444444444444,True
SH_PA_03,2018,direct,80.0,0.08258385421018498,1.3407274654615673,0.61,0.9444444444444444,False
SH_PA_03,2018,direct,90.0,-0.01522287459105217,0.4506362170697391,0.91,0.9444444444444444,False
SH_PA_03,2018,direct,100.0,-0.08424784617502062,-0.5900751553623507,0.33,0.9444444444444444,False
SH_PA_03,2018,direct,110.0,-0.1213841605854914,-1.2517152888266756,0.11,0.9444444444444444,False
SH_PA_03,2018,direct,120.0,-0.05134882911930035,0.1688563255123776,0.7,1.0,False
SH_PA_03,2018,direct,130.0,-0.09741130796643573,-0.7841303604611823,0.17,1.0,False
SH_PA_03,2018,direct,140.0,-0.11349783927589847,-1.847683086206861,0.07,1.0,False
SH_PA_03,2018,direct,150.0,-0.11316943235129695,-1.6180685904890233,0.04,1.0,False
SH_PA_03,2018,direct,160.0,-0.08755204815082059,-1.3030166640302285,0.1,1.0,False
SH_PA_03,2018,direct,170.0,-0.09489260510842051,-1.916155197331021,0.05,1.0,False
SH_PA_03,2018,direct,180.0,-0.11410389026562197,-5.137663020746423,0.01,1.0,False
SH_PA_03,2018,direct,190.0,-0.11410389026562197,-4.848190104619617,0.01,1.0,False
SH_PA_03,2018,direct,200.0,-0.07085641759621385,-0.9930570446518121,0.08,1.0,False
SH_PA_03,2018,direct,210.0,-0.07085641759621385,-1.064934908093813,0.11,1.0,False
SH_PA_03,2018,direct,220.0,-0.07085641759621385,-1.245667606164165,0.05,1.0,False
SH_PA_03,2018,tier1_indirect,50.0,0.4123791102514508,0.6674066576220314,0.75,0.3333333333333333,False
SH_PA_03,2018,tier1_indirect,60.0,0.4123791102514508,0.6855761807387536,0.77,0.3333333333333333,False
SH_PA_03,2018,tier1_indirect,70.0,0.4123791102514508,0.5626546106958525,0.72,0.3333333333333333,False
SH_PA_03,2018,tier1_indirect,80.0,0.4123791102514508,0.6407262981801758,0.69,0.3333333333333333,False
SH_PA_03,2018,tier1_indirect,90.0,0.6990328820116056,1.3830911613515828,0.24,0.5,True
SH_PA_03,2018,tier1_indirect,100.0,-0.04415860735009658,0.16317700835945947,0.9,0.8333333333333334,False
SH_PA_03,2018,tier1_indirect,110.0,-0.20395551257253378,-0.03868519170183894,0.48,0.8333333333333334,False
SH_PA_03,2018,tier1_indirect,120.0,-0.14527079303675036,0.21431370011423775,0.56,0.8333333333333334,False
SH_PA_03,2018,tier1_indirect,130.0,-0.2295728562217923,-0.22250861359885793,0.56,1.0,False
SH_PA_03,2018,tier1_indirect,140.0,-0.2295728562217923,-0.21473651965891313,0.59,1.0,False
SH_PA_03,2018,tier1_indirect,150.0,-0.2295728562217923,-0.2915242861937353,0.49,1.0,False
SH_PA_03,2018,tier1_indirect,160.0,-0.06365892972275947,0.8276716988770277,0.78,1.0,False
SH_PA_03,2018,tier1_indirect,170.0,-0.06365892972275947,0.7835579231190188,0.72,1.0,False
SH_PA_03,2018,tier1_indirect,180.0,-0.04504190844616371,1.0022976748405352,0.89,1.0,False
SH_PA_03,2018,tier1_indirect,190.0,-0.04504190844616371,0.9836021930114538,0.88,1.0,False
SH_PA_03,2018,tier1_indirect,200.0,-0.04504190844616371,1.0492536295807195,0.93,1.0,False
SH_PA_03,2018,tier1_indirect,210.0,-0.11695116054158602,1.091043439766283,0.83,1.0,False
SH_PA_03,2018,tier1_indirect,220.0,-0.1999999999999999,0.8457709306622477,0.99,1.0,False
SH_PA_04,2013,direct,50.0,0.7340852501226279,3.3678206161624384,0.01,0.9375,False
SH_PA_04,2013,direct,60.0,0.8270178970481057,4.015512519140225,0.01,0.9375,False
SH_PA_04,2013,direct,70.0,0.7233622447826968,3.8091296605189036,0.01,0.9375,False
SH_PA_04,2013,direct,80.0,0.6915076942801482,4.413331890404955,0.01,0.9375,True
SH_PA_04,2013,direct,90.0,0.6540879091020219,3.71734068505533,0.01,0.9375,False
SH_PA_04,2013,direct,100.0,0.5441782665659558,3.5551851692397127,0.01,0.9375,False
SH_PA_04,2013,direct,110.0,0.3889499054587917,3.701863251089506,0.02,0.9375,False
SH_PA_04,2013,direct,120.0,0.19332314295830386,1.9055040447723672,0.22,1.0,False
SH_PA_04,2013,direct,130.0,0.19954774095729721,2.083875668649512,0.2,1.0,False
SH_PA_04,2013,direct,140.0,0.1612665368667012,2.1861561937508522,0.23,1.0,False
SH_PA_04,2013,direct,150.0,0.0941543726125313,1.89582484926515,0.45,1.0,False
SH_PA_04,2013,direct,160.0,0.00030956299353530946,1.2392231578166213,1.0,1.0,False
SH_PA_04,2013,direct,170.0,-0.007130441661336967,0.8773557815266969,0.94,1.0,False
SH_PA_04,2013,direct,180.0,0.035012117595849,2.293492568944988,0.86,1.0,False
SH_PA_04,2013,direct,190.0,0.013039416045585365,1.9334252318900509,0.97,1.0,False
SH_PA_04,2013,direct,200.0,-0.01682549993723,1.27093768060571,0.93,1.0,False
SH_PA_04,2013,direct,210.0,-0.035641883585148186,0.9041651396589315,0.84,1.0,False
SH_PA_04,2013,direct,220.0,-0.029520602848439978,0.9686871385695661,0.9,1.0,False
SH_PA_04,2013,tier1_indirect,50.0,-0.8372216644025752,-0.885901316418046,0.46,0.5,False
SH_PA_04,2013,tier1_indirect,60.0,-0.8372216644025752,-0.7730389210883809,0.49,0.5,False
SH_PA_04,2013,tier1_indirect,70.0,-0.8372216644025752,-0.8393677402039125,0.46,0.5,False
SH_PA_04,2013,tier1_indirect,80.0,-0.8372216644025752,-0.8483632795242871,0.45,0.5,False
SH_PA_04,2013,tier1_indirect,90.0,-0.8372216644025752,-0.7040378016610738,0.54,0.5,False
SH_PA_04,2013,tier1_indirect,100.0,-0.27163191778394663,0.03585566020992825,0.91,0.75,False
SH_PA_04,2013,tier1_indirect,110.0,-0.27163191778394663,0.15539710855680053,0.97,0.75,False
SH_PA_04,2013,tier1_indirect,120.0,-0.531037741421062,-0.597099337486057,0.7,0.75,False
SH_PA_04,2013,tier1_indirect,130.0,-0.531037741421062,-0.5645804198054205,0.72,0.75,False
SH_PA_04,2013,tier1_indirect,140.0,-0.531037741421062,-0.5908036945797962,0.71,0.75,False
SH_PA_04,2013,tier1_indirect,150.0,-0.1991219262496801,1.277591331995022,1.0,1.0,True
SH_PA_04,2013,tier1_indirect,160.0,-0.1991219262496801,1.2205939537885857,1.0,1.0,False
SH_PA_04,2013,tier1_indirect,170.0,-0.3333333333333334,0.7089175569585666,0.68,1.0,False
SH_PA_04,2013,tier1_indirect,180.0,-0.3333333333333334,0.7317917228850433,0.72,1.0,False
SH_PA_04,2013,tier1_indirect,190.0,-0.3333333333333334,0.6735753140545635,0.61,1.0,False
SH_PA_04,2013,tier1_indirect,200.0,-0.3333333333333334,0.6644105970267492,0.59,1.0,False
SH_PA_04,2013,tier1_indirect,210.0,-0.3333333333333334,0.7317917228850433,0.72,1.0,False
SH_PA_04,2013,tier1_indirect,220.0,-0.3333333333333334,0.7258661863112976,0.71,1.0,False
SH_PA_04,2014,direct,50.0,0.609643402327086,2.90735177640269,0.01,0.8947368421052632,False
SH_PA_04,2014,direct,60.0,0.6316019634659581,2.8435765773075445,0.01,0.8947368421052632,False
SH_PA_04,2014,direct,70.0,0.5362697233089708,2.7667258895291407,0.02,0.9473684210526315,False
SH_PA_04,2014,direct,80.0,0.5782323492396577,4.095726573257512,0.01,0.9473684210526315,False
SH_PA_04,2014,direct,90.0,0.5118458710695186,4.413970507322344,0.01,0.9473684210526315,False
SH_PA_04,2014,direct,100.0,0.5565597684787637,5.644190634836168,0.01,1.0,True
SH_PA_04,2014,direct,110.0,0.3581443020602732,3.7858170340337716,0.01,1.0,False
SH_PA_04,2014,direct,120.0,0.24761412211406408,3.218688565463655,0.02,1.0,False
SH_PA_04,2014,direct,130.0,0.20613344692082378,3.800568407542042,0.01,1.0,False
SH_PA_04,2014,direct,140.0,0.15154805164757393,2.8348255819952057,0.05,1.0,False
SH_PA_04,2014,direct,150.0,0.10822595719852164,2.993126958418668,0.17,1.0,False
SH_PA_04,2014,direct,160.0,0.07593146568235558,3.197489449457995,0.41,1.0,False
SH_PA_04,2014,direct,170.0,0.06294771144275278,2.2138822594634364,0.48,1.0,False
SH_PA_04,2014,direct,180.0,0.07054813747351352,3.1160508680023007,0.39,1.0,False
SH_PA_04,2014,direct,190.0,0.03908018042923329,2.916745833557563,0.72,1.0,False
SH_PA_04,2014,direct,200.0,0.004270275824528505,1.4048709256587095,0.96,1.0,False
SH_PA_04,2014,direct,210.0,-0.04329361684442908,0.379987227258767,0.69,1.0,False
SH_PA_04,2014,direct,220.0,-0.037800716331086476,0.7376623804076806,0.82,1.0,False
SH_PA_04,2014,tier1_indirect,50.0,,,,0.0,False
SH_PA_04,2014,tier1_indirect,60.0,,,,0.0,False
SH_PA_04,2014,tier1_indirect,70.0,0.18124207858048164,1.0963342006645107,0.71,0.75,False
SH_PA_04,2014,tier1_indirect,80.0,0.18124207858048164,1.1546295088050482,0.72,0.75,True
SH_PA_04,2014,tier1_indirect,90.0,-0.16576136157885207,0.4315717542270367,0.92,1.0,False
SH_PA_04,2014,tier1_indirect,100.0,-0.16576136157885207,0.16553238705342296,0.87,1.0,False
SH_PA_04,2014,tier1_indirect,110.0,-0.16576136157885207,0.5591180761004545,0.95,1.0,False
SH_PA_04,2014,tier1_indirect,120.0,-0.4894682841450902,-0.4580865188716725,0.48,1.0,False
SH_PA_04,2014,tier1_indirect,130.0,-0.4763111835355182,-0.9022596808190856,0.34,1.0,False
SH_PA_04,2014,tier1_indirect,140.0,-0.4763111835355182,-0.7468637714818745,0.4,1.0,False
SH_PA_04,2014,tier1_indirect,150.0,-0.4763111835355182,-0.8439473266441511,0.38,1.0,False
SH_PA_04,2014,tier1_indirect,160.0,-0.4763111835355182,-0.8778928814325432,0.34,1.0,False
SH_PA_04,2014,tier1_indirect,170.0,-0.4763111835355182,-0.7958186422402348,0.38,1.0,False
SH_PA_04,2014,tier1_indirect,180.0,-0.3333333333333333,0.9949366763261821,1.0,1.0,False
SH_PA_04,2014,tier1_indirect,190.0,-0.3333333333333333,0.9949366763261821,1.0,1.0,False
SH_PA_04,2014,tier1_indirect,200.0,-0.3333333333333333,0.9949366763261821,1.0,1.0,False
SH_PA_04,2014,tier1_indirect,210.0,-0.3333333333333333,0.9949366763261821,1.0,1.0,False
SH_PA_04,2014,tier1_indirect,220.0,-0.3333333333333333,0.9949366763261821,1.0,1.0,False
SH_PA_04,2015,direct,50.0,0.7452379215426477,3.5592360238461165,0.01,0.8947368421052632,False
SH_PA_04,2015,direct,60.0,0.7136068684909707,4.051910268512962,0.01,0.9473684210526315,False
SH_PA_04,2015,direct,70.0,0.6614328989646366,3.8088913041124797,0.01,1.0,False
SH_PA_04,2015,direct,80.0,0.6469931020554361,4.200210483678529,0.01,1.0,False
SH_PA_04,2015,direct,90.0,0.6136757402219999,6.354197729849734,0.01,1.0,False
SH_PA_04,2015,direct,100.0,0.6009146528416456,6.612760842211972,0.01,1.0,True
SH_PA_04,2015,direct,110.0,0.3739577895030888,4.446827321086267,0.01,1.0,False
SH_PA_04,2015,direct,120.0,0.29978121292012644,4.261595746535656,0.01,1.0,False
SH_PA_04,2015,direct,130.0,0.17870838690297203,3.557670385383548,0.03,1.0,False
SH_PA_04,2015,direct,140.0,0.08463802438153362,2.7196687931438595,0.42,1.0,False
SH_PA_04,2015,direct,150.0,0.02482783787240716,1.3450732746179859,0.85,1.0,False
SH_PA_04,2015,direct,160.0,-0.020583396444637792,0.834495695468402,0.91,1.0,False
SH_PA_04,2015,direct,170.0,-0.028020124814490597,0.662417667330999,0.81,1.0,False
SH_PA_04,2015,direct,180.0,-0.047599371238080015,0.3178424408614175,0.67,1.0,False
SH_PA_04,2015,direct,190.0,-0.047845557516329865,0.24807066032800215,0.6,1.0,False
SH_PA_04,2015,direct,200.0,-0.053547792246582675,0.2792511321233659,0.64,1.0,False
SH_PA_04,2015,direct,210.0,-0.0710576039906646,-0.7615288423357799,0.21,1.0,False
SH_PA_04,2015,direct,220.0,-0.07104089484289802,-0.6675147360662222,0.21,1.0,False
SH_PA_04,2015,tier1_indirect,50.0,1.5072003905296552,1.7907414012282066,0.1,0.3333333333333333,False
SH_PA_04,2015,tier1_indirect,60.0,0.6394923114474003,1.5293682349827837,0.5,0.6666666666666666,False
SH_PA_04,2015,tier1_indirect,70.0,0.6394923114474003,1.1174324271839218,0.44,0.6666666666666666,False
SH_PA_04,2015,tier1_indirect,80.0,0.6394923114474003,1.1623552149793905,0.52,0.6666666666666666,False
SH_PA_04,2015,tier1_indirect,90.0,0.6394923114474003,1.236351098651325,0.59,0.6666666666666666,False
SH_PA_04,2015,tier1_indirect,100.0,0.5174517939956066,1.7817660630912617,0.29,0.8333333333333334,False
SH_PA_04,2015,tier1_indirect,110.0,0.4110324627776423,1.9224912074379572,0.34,0.8333333333333334,True
SH_PA_04,2015,tier1_indirect,120.0,-0.010007322431047119,1.15288030002714,0.98,0.8333333333333334,False
SH_PA_04,2015,tier1_indirect,130.0,0.1403465950695632,1.4818506283846478,0.7,1.0,False
SH_PA_04,2015,tier1_indirect,140.0,-0.05054511431128468,0.7182739196588415,0.92,1.0,False
SH_PA_04,2015,tier1_indirect,150.0,-0.05054511431128468,0.9065227140362818,0.9,1.0,False
SH_PA_04,2015,tier1_indirect,160.0,-0.05054511431128468,0.8408759669144064,0.95,1.0,False
SH_PA_04,2015,tier1_indirect,170.0,-0.05054511431128468,0.9410034239110371,0.96,1.0,False
SH_PA_04,2015,tier1_indirect,180.0,-0.04935318525750545,1.1254885359875493,0.93,1.0,False
SH_PA_04,2015,tier1_indirect,190.0,-0.1531893255227402,0.6225749653142101,0.75,1.0,False
SH_PA_04,2015,tier1_indirect,200.0,-0.11823285330729802,1.18108930494113,0.85,1.0,False
SH_PA_04,2015,tier1_indirect,210.0,-0.19999999999999998,-1.1155467020454342,0.56,1.0,False
SH_PA_04,2015,tier1_indirect,220.0,-0.19999999999999998,-1.0377490433255416,0.62,1.0,False
SH_PA_04,2016,direct,50.0,0.9172176466938301,3.5871370377665466,0.01,0.8333333333333334,False
SH_PA_04,2016,direct,60.0,0.7894380183664608,3.5093332968841,0.01,0.8888888888888888,False
SH_PA_04,2016,direct,70.0,0.6197313801733231,3.9320555106037953,0.01,0.8888888888888888,True
SH_PA_04,2016,direct,80.0,0.5684330683192634,3.6936587305557813,0.01,0.9444444444444444,False
SH_PA_04,2016,direct,90.0,0.40208354660816115,3.3735424812961896,0.01,0.9444444444444444,False
SH_PA_04,2016,direct,100.0,0.40379049922525484,3.713381840247035,0.01,1.0,False
SH_PA_04,2016,direct,110.0,0.27181011046240944,2.920665333757755,0.02,1.0,False
SH_PA_04,2016,direct,120.0,0.17966943618704773,3.170018779904525,0.13,1.0,False
SH_PA_04,2016,direct,130.0,0.16368186515294003,2.940073130836111,0.08,1.0,False
SH_PA_04,2016,direct,140.0,0.12951839967745157,2.5771818073337283,0.23,1.0,False
SH_PA_04,2016,direct,150.0,0.051955370484812656,1.3461438197020261,0.62,1.0,False
SH_PA_04,2016,direct,160.0,0.03618602297938995,1.5856516783092462,0.74,1.0,False
SH_PA_04,2016,direct,170.0,-0.006872737675960075,1.2075310553281091,0.99,1.0,False
SH_PA_04,2016,direct,180.0,0.0333134286446144,2.413912637916049,0.73,1.0,False
SH_PA_04,2016,direct,190.0,0.025702545427136722,2.17611229344211,0.87,1.0,False
SH_PA_04,2016,direct,200.0,0.005754599210379661,1.3923895909678268,0.95,1.0,False
SH_PA_04,2016,direct,210.0,-0.04849414553940652,0.33946272876722017,0.64,1.0,False
SH_PA_04,2016,direct,220.0,-0.04849414553940652,0.48658802933812506,0.74,1.0,False
SH_PA_04,2016,tier1_indirect,160.0,,,,,True
SH_PA_04,2017,direct,50.0,0.7136001032867478,3.75776780149059,0.01,0.9,False
SH_PA_04,2017,direct,60.0,0.687692834136457,4.913281332390672,0.01,0.9,False
SH_PA_04,2017,direct,70.0,0.5408634734556044,4.557319732373027,0.01,0.95,False
SH_PA_04,2017,direct,80.0,0.564125659351005,4.668895425319222,0.01,0.95,False
SH_PA_04,2017,direct,90.0,0.4393312570720384,5.062884320478343,0.01,0.95,False
SH_PA_04,2017,direct,100.0,0.46672891986682197,6.034648798664316,0.01,1.0,True
SH_PA_04,2017,direct,110.0,0.30663212350503455,4.381779214186146,0.01,1.0,False
SH_PA_04,2017,direct,120.0,0.2136602187538511,2.9173362104889677,0.02,1.0,False
SH_PA_04,2017,direct,130.0,0.15847879011945576,3.2613124998712113,0.06,1.0,False
SH_PA_04,2017,direct,140.0,0.09550873990637433,2.7401125621058715,0.26,1.0,False
SH_PA_04,2017,direct,150.0,0.03136399096098422,2.329888145145124,0.8,1.0,False
SH_PA_04,2017,direct,160.0,0.009348113593243666,1.8654416682722004,0.91,1.0,False
SH_PA_04,2017,direct,170.0,0.007695283717180614,1.9150657497505092,0.95,1.0,False
SH_PA_04,2017,direct,180.0,0.025029968724150822,2.746500766059176,0.81,1.0,False
SH_PA_04,2017,direct,190.0,0.014584917716333565,3.56880562282092,0.97,1.0,False
SH_PA_04,2017,direct,200.0,0.00027829366720101887,3.348692337223803,1.0,1.0,False
SH_PA_04,2017,direct,210.0,-0.035699760015145736,1.7531674950392386,0.93,1.0,False
SH_PA_04,2017,direct,220.0,-0.035699760015145736,1.9571548878357259,0.95,1.0,False
SH_PA_04,2017,tier1_indirect,50.0,,,,0.0,False
SH_PA_04,2017,tier1_indirect,60.0,,,,0.0,False
SH_PA_04,2017,tier1_indirect,70.0,,,,0.0,False
SH_PA_04,2017,tier1_indirect,80.0,,,,0.0,False
SH_PA_04,2017,tier1_indirect,90.0,,,,0.0,False
SH_PA_04,2017,tier1_indirect,100.0,,,,0.0,False
SH_PA_04,2017,tier1_indirect,110.0,,,,0.0,False
SH_PA_04,2017,tier1_indirect,120.0,0.6574603430227877,1.3415944753644915,0.56,0.5,False
SH_PA_04,2017,tier1_indirect,130.0,0.6574603430227877,1.483947597328294,0.48,0.5,False
SH_PA_04,2017,tier1_indirect,140.0,-0.17722844029309928,0.4531499544452227,0.76,0.75,False
SH_PA_04,2017,tier1_indirect,150.0,0.04167002174088091,1.0730979918175185,1.0,1.0,False
SH_PA_04,2017,tier1_indirect,160.0,-0.0773814316772687,1.0357028918677695,1.0,1.0,False
SH_PA_04,2017,tier1_indirect,170.0,-0.0773814316772687,1.0140282861718013,1.0,1.0,False
SH_PA_04,2017,tier1_indirect,180.0,-0.0773814316772687,0.9657622903369439,1.0,1.0,False
SH_PA_04,2017,tier1_indirect,190.0,-0.07306009608932551,1.4471055157274213,0.89,1.0,False
SH_PA_04,2017,tier1_indirect,200.0,-0.07306009608932551,1.5736240862269586,0.91,1.0,True
SH_PA_04,2017,tier1_indirect,210.0,-0.33333333333333337,0.9949366763261821,1.0,1.0,False
SH_PA_04,2017,tier1_indirect,220.0,-0.33333333333333337,0.9949366763261821,1.0,1.0,False
SH_PA_04,2018,direct,50.0,0.8146554115610929,3.5471744671979324,0.01,0.9375,False
SH_PA_04,2018,direct,60.0,0.9134025551402615,4.357647742681411,0.01,0.9375,True
SH_PA_04,2018,direct,70.0,0.7718072696382982,3.4576137250988745,0.01,0.9375,False
SH_PA_04,2018,direct,80.0,0.7245263428162854,4.343642365549067,0.01,0.9375,False
SH_PA_04,2018,direct,90.0,0.6771920011906016,3.482533657739422,0.01,0.9375,False
SH_PA_04,2018,direct,100.0,0.5806052763248221,3.4774632471800278,0.01,0.9375,False
SH_PA_04,2018,direct,110.0,0.38695985393543936,3.344588354722564,0.01,0.9375,False
SH_PA_04,2018,direct,120.0,0.21513340137323358,1.9920508555206848,0.19,1.0,False
SH_PA_04,2018,direct,130.0,0.15562421117964506,1.5811852475472625,0.31,1.0,False
SH_PA_04,2018,direct,140.0,0.118591256648255,2.0924672366757293,0.34,1.0,False
SH_PA_04,2018,direct,150.0,0.0571501871904736,1.4199678130950608,0.66,1.0,False
SH_PA_04,2018,direct,160.0,-0.020647569148011122,0.6642277407900669,0.91,1.0,False
SH_PA_04,2018,direct,170.0,-0.028390789941495655,0.6876205351591538,0.81,1.0,False
SH_PA_04,2018,direct,180.0,-0.00542775196600379,1.1438884867594006,0.98,1.0,False
SH_PA_04,2018,direct,190.0,-0.02103627574385661,0.8671919672621824,0.89,1.0,False
SH_PA_04,2018,direct,200.0,-0.037105156570222626,0.6994463134956129,0.8,1.0,False
SH_PA_04,2018,direct,210.0,-0.04929869509542707,0.4278289790604589,0.67,1.0,False
SH_PA_04,2018,direct,220.0,-0.046738457590715494,0.6053398048182123,0.76,1.0,False
SH_PA_04,2018,tier1_indirect,50.0,-0.059494298463063956,0.1571256075472361,0.81,0.5,False
SH_PA_04,2018,tier1_indirect,60.0,-0.059494298463063956,0.381542856807026,0.82,0.5,False
SH_PA_04,2018,tier1_indirect,70.0,-0.059494298463063956,0.2645782963079892,0.89,0.5,False
SH_PA_04,2018,tier1_indirect,80.0,-0.059494298463063956,0.6350000529075803,0.76,0.5,True
SH_PA_04,2018,tier1_indirect,90.0,-0.059494298463063956,0.4004841619595887,0.83,0.5,False
SH_PA_04,2018,tier1_indirect,100.0,-0.7882994546355975,-1.1606439504784003,0.14,0.75,False
SH_PA_04,2018,tier1_indirect,110.0,-0.7882994546355975,-0.8607023940577195,0.19,0.75,False
SH_PA_04,2018,tier1_indirect,120.0,-0.4918195339613287,-0.4920525007023537,0.52,0.75,False
SH_PA_04,2018,tier1_indirect,130.0,-0.4918195339613287,-0.5121883148541936,0.49,0.75,False
SH_PA_04,2018,tier1_indirect,140.0,-0.4918195339613287,-0.45099076683365813,0.58,0.75,False
SH_PA_04,2018,tier1_indirect,150.0,-0.3439514129895885,-0.026864668490476244,0.69,1.0,False
SH_PA_04,2018,tier1_indirect,160.0,-0.3439514129895885,-0.0505087737457417,0.72,1.0,False
SH_PA_04,2018,tier1_indirect,170.0,-0.33333333333333337,0.5926672593342223,0.4,1.0,False
SH_PA_04,2018,tier1_indirect,180.0,-0.33333333333333337,0.5577733510227171,0.28,1.0,False
SH_PA_04,2018,tier1_indirect,190.0,-0.33333333333333337,0.5659164584181103,0.31,1.0,False
SH_PA_04,2018,tier1_indirect,200.0,-0.33333333333333337,0.5833333333333333,0.37,1.0,False
SH_PA_04,2018,tier1_indirect,210.0,-0.33333333333333337,0.5773502691896258,0.35,1.0,False
SH_PA_04,2018,tier1_indirect,220.0,-0.33333333333333337,0.560448538317805,0.29,1.0,False
SH_RO_01,2013,direct,50.0,0.15244407679795355,0.6696578907110892,0.64,0.9285714285714286,False
SH_RO_01,2013,direct,60.0,0.37227348033014035,1.9149822707648159,0.15,1.0,False
SH_RO_01,2013,direct,70.0,0.4071207818026904,2.146551587416204,0.13,1.0,False
SH_RO_01,2013,direct,80.0,0.3720690467584105,2.4909641373720297,0.1,1.0,False
SH_RO_01,2013,direct,90.0,0.344175882655008,3.2471161225289147,0.02,1.0,True
SH_RO_01,2013,direct,100.0,0.32476112040859917,2.926781649446237,0.02,1.0,False
SH_RO_01,2013,direct,110.0,0.22959255388565888,3.1796585805673554,0.07,1.0,False
SH_RO_01,2013,direct,120.0,0.1116551905280895,2.364480332152675,0.3,1.0,False
SH_RO_01,2013,direct,130.0,0.08664388325693222,2.5888676672445543,0.39,1.0,False
SH_RO_01,2013,direct,140.0,0.04231121956542163,2.229571580426528,0.78,1.0,False
SH_RO_01,2013,direct,150.0,0.06593688978651928,2.743746600892533,0.66,1.0,False
SH_RO_01,2013,direct,160.0,0.017396849189728295,2.291011324429515,0.93,1.0,False
SH_RO_01,2013,direct,170.0,-0.0021546299654920495,2.062064378823306,1.0,1.0,False
SH_RO_01,2013,direct,180.0,-0.0021546299654920495,2.477062799035052,1.0,1.0,False
SH_RO_01,2013,direct,190.0,-0.008498652079891901,2.0965677985797018,0.95,1.0,False
SH_RO_01,2013,direct,200.0,-0.03571083353660616,1.896244429106089,0.96,1.0,False
SH_RO_01,2013,direct,210.0,-0.049458007201545966,1.110368825536397,0.82,1.0,False
SH_RO_01,2013,direct,220.0,-0.049458007201545966,1.4527180600754932,0.91,1.0,False
SH_RO_01,2013,tier1_indirect,111.4722397389614,,,,,True
SH_RO_01,2014,direct,50.0,0.22628317610318416,1.162436158451467,0.41,0.9411764705882353,False
SH_RO_01,2014,direct,60.0,0.22360276172570873,1.3763966262199303,0.37,0.9411764705882353,False
SH_RO_01,2014,direct,70.0,0.12128046064093609,1.083734302860009,0.46,1.0,False
SH_RO_01,2014,direct,80.0,0.14556550408188318,1.367831631630143,0.32,1.0,False
SH_RO_01,2014,direct,90.0,0.15107588572966454,2.1390525059583045,0.21,1.0,True
SH_RO_01,2014,direct,100.0,0.13245906067615407,2.007125355258646,0.34,1.0,False
SH_RO_01,2014,direct,110.0,0.11343519087583344,1.5521161558794854,0.34,1.0,False
SH_RO_01,2014,direct,120.0,0.04006367388719016,1.140681888500789,0.78,1.0,False
SH_RO_01,2014,direct,130.0,-0.045251611450704644,0.17216952890939996,0.69,1.0,False
SH_RO_01,2014,direct,140.0,-0.08390176452926316,-0.2466250418607771,0.51,1.0,False
SH_RO_01,2014,direct,150.0,-0.07200201017549965,0.04959009642343327,0.59,1.0,False
SH_RO_01,2014,direct,160.0,-0.06817142627017046,-0.07154254854583139,0.49,1.0,False
SH_RO_01,2014,direct,170.0,-0.08132962853528922,-0.4300083744248246,0.33,1.0,False
SH_RO_01,2014,direct,180.0,-0.06252930593397854,0.15713136567374544,0.58,1.0,False
SH_RO_01,2014,direct,190.0,-0.06606057800797699,0.029585428698680572,0.52,1.0,False
SH_RO_01,2014,direct,200.0,-0.07970183919063299,-0.6736921430657227,0.26,1.0,False
SH_RO_01,2014,direct,210.0,-0.09058622935058624,-1.2977194025079049,0.1,1.0,False
SH_RO_01,2014,direct,220.0,-0.09058622935058624,-1.3334720499854043,0.09,1.0,False
SH_RO_01,2014,tier1_indirect,160.0,,,,,True
SH_RO_01,2015,direct,50.0,0.3789926786909569,2.0260656177788805,0.06,0.9444444444444444,False
SH_RO_01,2015,direct,60.0,0.4485988400123998,2.700231407582597,0.04,0.9444444444444444,True
SH_RO_01,2015,direct,70.0,0.3510813476569728,2.2325178262615104,0.09,1.0,False
SH_RO_01,2015,direct,80.0,0.22753623109264656,1.8439152324275057,0.16,1.0,False
SH_RO_01,2015,direct,90.0,0.20160364533826652,1.8995827391201692,0.18,1.0,False
SH_RO_01,2015,direct,100.0,0.21633042170673758,2.1996989041915254,0.13,1.0,False
SH_RO_01,2015,direct,110.0,0.14618556480952413,2.362839395938045,0.16,1.0,False
SH_RO_01,2015,direct,120.0,0.06757970908864229,1.940477172127534,0.57,1.0,False
SH_RO_01,2015,direct,130.0,-0.039059685400389614,0.4610773674482628,0.84,1.0,False
SH_RO_01,2015,direct,140.0,-0.0841385127811131,-0.5756853109373768,0.3,1.0,False
SH_RO_01,2015,direct,150.0,-0.06722636818264878,-0.1450964783952576,0.54,1.0,False
SH_RO_01,2015,direct,160.0,-0.07257594298335954,-0.28995099452948875,0.37,1.0,False
SH_RO_01,2015,direct,170.0,-0.08221682663740736,-0.6786394673623898,0.26,1.0,False
SH_RO_01,2015,direct,180.0,-0.055726262040168305,0.2381227094918548,0.68,1.0,False
SH_RO_01,2015,direct,190.0,-0.06504489894495741,-0.2111211658862271,0.43,1.0,False
SH_RO_01,2015,direct,200.0,-0.06685270918237221,-0.3484577344359462,0.39,1.0,False
SH_RO_01,2015,direct,210.0,-0.06854749972053101,-0.2791999978198349,0.35,1.0,False
SH_RO_01,2015,direct,220.0,-0.07101581126669383,-0.547346910412594,0.25,1.0,False
SH_RO_01,2015,tier1_indirect,160.0,,,,,True
SH_RO_01,2016,direct,50.0,0.3767337082222347,2.2847070106871787,0.07,0.7777777777777778,False
SH_RO_01,2016,direct,60.0,0.4329647781170924,3.469784159230253,0.01,0.7777777777777778,True
SH_RO_01,2016,direct,70.0,0.1673456635918123,1.2860074362127716,0.34,1.0,False
SH_RO_01,2016,direct,80.0,0.14492520280304444,1.404622432701623,0.37,1.0,False
SH_RO_01,2016,direct,90.0,0.14583921774878558,1.9278763533152647,0.25,1.0,False
SH_RO_01,2016,direct,100.0,0.21269653324195748,2.873956776864324,0.04,1.0,False
SH_RO_01,2016,direct,110.0,0.17536931252178148,2.88845252351118,0.05,1.0,False
SH_RO_01,2016,direct,120.0,0.10349555397369536,2.558825396080385,0.33,1.0,False
SH_RO_01,2016,direct,130.0,0.0019469637190097163,1.0059180177550084,0.97,1.0,False
SH_RO_01,2016,direct,140.0,-0.059044877580358285,0.07864926473236582,0.59,1.0,False
SH_RO_01,2016,direct,150.0,-0.04331799490060204,0.4428528793735277,0.67,1.0,False
SH_RO_01,2016,direct,160.0,-0.05054984670093191,0.13831913298018178,0.5,1.0,False
SH_RO_01,2016,direct,170.0,-0.060204876087155544,-0.07513757916173743,0.53,1.0,False
SH_RO_01,2016,direct,180.0,-0.039158898656216835,0.9405365497093241,0.84,1.0,False
SH_RO_01,2016,direct,190.0,-0.04535207542366878,0.6988750927276972,0.81,1.0,False
SH_RO_01,2016,direct,200.0,-0.05393750209440647,0.22858504218783968,0.61,1.0,False
SH_RO_01,2016,direct,210.0,-0.06751399358977496,-0.5055153809737586,0.22,1.0,False
SH_RO_01,2016,direct,220.0,-0.0700360895294915,-0.6982850460395001,0.22,1.0,False
SH_RO_01,2016,tier1_indirect,160.0,,,,,True
SH_RO_01,2017,direct,50.0,0.12371411884716908,1.0329032276793533,0.61,0.9411764705882353,False
SH_RO_01,2017,direct,60.0,0.20747710394865526,1.1383715082464134,0.36,0.9411764705882353,False
SH_RO_01,2017,direct,70.0,0.11485081506881212,1.0321769694649734,0.57,1.0,False
SH_RO_01,2017,direct,80.0,0.08072126457150093,0.9006101985377621,0.63,1.0,False
SH_RO_01,2017,direct,90.0,0.06471797742722095,1.3287539259250827,0.7,1.0,False
SH_RO_01,2017,direct,100.0,0.08528386332568871,1.3868600674751177,0.62,1.0,True
SH_RO_01,2017,direct,110.0,0.03889860280580601,1.2470168273831168,0.82,1.0,False
SH_RO_01,2017,direct,120.0,-0.03422605407665785,0.3632043282243541,0.83,1.0,False
SH_RO_01,2017,direct,130.0,-0.0924312079651854,-0.5057359997090471,0.37,1.0,False
SH_RO_01,2017,direct,140.0,-0.09946618738372041,-0.6994319604463287,0.28,1.0,False
SH_RO_01,2017,direct,150.0,-0.09180648081067883,-0.597134112218417,0.27,1.0,False
SH_RO_01,2017,direct,160.0,-0.08272304730658364,-0.602354667514051,0.32,1.0,False
SH_RO_01,2017,direct,170.0,-0.07712686514024486,-0.4236177291972124,0.37,1.0,False
SH_RO_01,2017,direct,180.0,-0.04692587765986758,0.45789218960788863,0.84,1.0,False
SH_RO_01,2017,direct,190.0,-0.06397375083830698,-0.04551389884883617,0.57,1.0,False
SH_RO_01,2017,direct,200.0,-0.08170073243504142,-0.8529821085905026,0.19,1.0,False
SH_RO_01,2017,direct,210.0,-0.08324274304987785,-0.9054754200759052,0.17,1.0,False
SH_RO_01,2017,direct,220.0,-0.08215754637957977,-0.7824326617080358,0.18,1.0,False
SH_RO_01,2017,tier1_indirect,50.0,0.10657525708943597,0.5914608452155224,0.9,0.5,False
SH_RO_01,2017,tier1_indirect,60.0,0.10657525708943597,0.4863721462200411,0.9,0.5,False
SH_RO_01,2017,tier1_indirect,70.0,-0.10937986911810534,0.1737607543449056,0.81,0.6666666666666666,False
SH_RO_01,2017,tier1_indirect,80.0,-0.10937986911810534,0.35039526214513705,0.92,0.6666666666666666,False
SH_RO_01,2017,tier1_indirect,90.0,-0.19788095980056092,0.11229017300011568,0.57,0.6666666666666666,False
SH_RO_01,2017,tier1_indirect,100.0,-0.19788095980056092,0.0536114203555793,0.53,0.6666666666666666,False
SH_RO_01,2017,tier1_indirect,110.0,-0.6459956372701776,-1.0012133582418001,0.05,1.0,False
SH_RO_01,2017,tier1_indirect,120.0,-0.5036442643952772,-1.6409400009309918,0.01,1.0,False
SH_RO_01,2017,tier1_indirect,130.0,-0.5036442643952772,-1.8604661856269955,0.02,1.0,False
SH_RO_01,2017,tier1_indirect,140.0,-0.3389425573906721,-0.8662943323507053,0.25,1.0,False
SH_RO_01,2017,tier1_indirect,150.0,-0.3389425573906721,-0.8142731561842208,0.25,1.0,False
SH_RO_01,2017,tier1_indirect,160.0,-0.22213392888057895,-0.31729391857846584,0.44,1.0,False
SH_RO_01,2017,tier1_indirect,170.0,-0.23890100758283994,-0.4619031348774885,0.37,1.0,False
SH_RO_01,2017,tier1_indirect,180.0,-0.16707177729303002,0.3893322254540234,0.69,1.0,False
SH_RO_01,2017,tier1_indirect,190.0,-0.19999999999999996,1.8543452998910612,0.98,1.0,True
SH_RO_01,2017,tier1_indirect,200.0,-0.19999999999999996,0.9074852129730302,0.98,1.0,False
SH_RO_01,2017,tier1_indirect,210.0,-0.19999999999999996,1.7432038578211329,0.97,1.0,False
SH_RO_01,2017,tier1_indirect,220.0,-0.19999999999999996,0.8716019289105664,0.97,1.0,False
SH_RO_01,2018,direct,50.0,0.03331791170604326,0.47292908761845703,0.92,0.9285714285714286,False
SH_RO_01,2018,direct,60.0,0.28344950102468147,1.6414038419721637,0.29,1.0,False
SH_RO_01,2018,direct,70.0,0.3101892764857881,1.8132397896502428,0.19,1.0,False
SH_RO_01,2018,direct,80.0,0.3273317888859188,2.7462710754042376,0.1,1.0,True
SH_RO_01,2018,direct,90.0,0.26652471540162,2.5337092078753756,0.06,1.0,False
SH_RO_01,2018,direct,100.0,0.22473487982509635,2.1433373320824898,0.11,1.0,False
SH_RO_01,2018,direct,110.0,0.16471209339162424,2.4074534961564042,0.2,1.0,False
SH_RO_01,2018,direct,120.0,0.06753433767738098,2.4283989467691227,0.69,1.0,False
SH_RO_01,2018,direct,130.0,0.038460579561221106,2.0617380123582865,0.8,1.0,False
SH_RO_01,2018,direct,140.0,-0.013304745946085156,1.5835894725468629,0.95,1.0,False
SH_RO_01,2018,direct,150.0,-0.0011056971852881846,1.419938381406491,0.99,1.0,False
SH_RO_01,2018,direct,160.0,-0.01609852171500129,1.6500707257339595,0.91,1.0,False
SH_RO_01,2018,direct,170.0,-0.03806781964360152,1.4562899885758658,0.95,1.0,False
SH_RO_01,2018,direct,180.0,-0.03806781964360152,1.2648542634489504,0.89,1.0,False
SH_RO_01,2018,direct,190.0,-0.04256345018253601,1.2216764405425062,0.87,1.0,False
SH_RO_01,2018,direct,200.0,-0.057643926153148284,0.730411760697934,0.77,1.0,False
SH_RO_01,2018,direct,210.0,-0.06599486973865483,0.41102019379811733,0.61,1.0,False
SH_RO_01,2018,direct,220.0,-0.06599486973865483,0.49153936298031536,0.68,1.0,False
SH_RO_01,2018,tier1_indirect,111.4722397389614,,,,,True
SH_RO_02,2013,direct,50.0,0.3537571062796429,2.137083745850906,0.06,0.9090909090909091,False
SH_RO_02,2013,direct,60.0,0.29762614880167926,2.927117239337356,0.01,0.9545454545454546,False
SH_RO_02,2013,direct,70.0,0.2669511885216662,2.760082378958882,0.04,0.9545454545454546,False
SH_RO_02,2013,direct,80.0,0.30693439489715113,3.9949398605405566,0.01,1.0,True
SH_RO_02,2013,direct,90.0,0.2128772411619623,3.4366118490225195,0.01,1.0,False
SH_RO_02,2013,direct,100.0,0.16368580164484012,3.562255333319868,0.03,1.0,False
SH_RO_02,2013,direct,110.0,0.07648620659632833,2.8289128199653977,0.26,1.0,False
SH_RO_02,2013,direct,120.0,-0.04810164415245106,-0.03563203561533347,0.57,1.0,False
SH_RO_02,2013,direct,130.0,-0.05347974610759779,-0.42790867472573973,0.31,1.0,False
SH_RO_02,2013,direct,140.0,-0.058716879332928684,-0.3303790380676567,0.38,1.0,False
SH_RO_02,2013,direct,150.0,-0.05862351924618558,-0.5753973256801053,0.29,1.0,False
SH_RO_02,2013,direct,160.0,-0.06925619246656856,-1.1533697212543934,0.09,1.0,False
SH_RO_02,2013,direct,170.0,-0.04013591852459682,0.7361689100765826,0.81,1.0,False
SH_RO_02,2013,direct,180.0,-0.04557343931432097,0.38272491111923784,0.67,1.0,False
SH_RO_02,2013,direct,190.0,-0.04557343931432097,0.28670693195164293,0.68,1.0,False
SH_RO_02,2013,direct,200.0,-0.0480548018795903,-0.1109989324285539,0.45,1.0,False
SH_RO_02,2013,direct,210.0,-0.047619047619047616,-0.600245047998781,0.74,1.0,False
SH_RO_02,2013,direct,220.0,-0.047619047619047616,-0.5441254520355302,0.64,1.0,False
SH_RO_02,2013,tier1_indirect,50.0,0.3099943534726145,1.1462705591519302,0.63,0.6,False
SH_RO_02,2013,tier1_indirect,60.0,0.2382364012798797,1.3582854580769452,0.81,0.6,False
SH_RO_02,2013,tier1_indirect,70.0,0.24182429888951643,1.934135679768723,0.7,0.8,True
SH_RO_02,2013,tier1_indirect,80.0,-0.2037925842273668,0.09911982615189532,0.51,1.0,False
SH_RO_02,2013,tier1_indirect,90.0,-0.20875682288725764,0.6125801857111607,0.68,1.0,False
SH_RO_02,2013,tier1_indirect,100.0,-0.20875682288725764,0.48285275250709486,0.66,1.0,False
SH_RO_02,2013,tier1_indirect,110.0,-0.20875682288725764,0.37346092999416125,0.64,1.0,False
SH_RO_02,2013,tier1_indirect,120.0,-0.25896386222473183,0.05176689948389912,0.66,1.0,False
SH_RO_02,2013,tier1_indirect,130.0,-0.24999999999999997,0.8682431421244592,0.96,1.0,False
SH_RO_02,2013,tier1_indirect,140.0,-0.24999999999999997,0.9481996460700349,0.96,1.0,False
SH_RO_02,2013,tier1_indirect,150.0,-0.24999999999999997,0.9312661473328351,0.96,1.0,False
SH_RO_02,2013,tier1_indirect,160.0,-0.24999999999999997,0.8520128672302584,0.94,1.0,False
SH_RO_02,2013,tier1_indirect,170.0,-0.24999999999999997,0.8278373543847157,0.95,1.0,False
SH_RO_02,2013,tier1_indirect,180.0,-0.24999999999999997,0.8926073982886737,0.95,1.0,False
SH_RO_02,2013,tier1_indirect,190.0,-0.24999999999999997,0.8999540851465151,0.98,1.0,False
SH_RO_02,2013,tier1_indirect,200.0,-0.24999999999999997,0.8457709306622477,0.96,1.0,False
SH_RO_02,2013,tier1_indirect,210.0,-0.24999999999999997,0.8649228885013016,0.94,1.0,False
SH_RO_02,2013,tier1_indirect,220.0,-0.24999999999999997,0.9271726499455306,0.96,1.0,False
SH_RO_02,2014,direct,50.0,0.32455641966161375,2.261745262336945,0.08,0.8947368421052632,False
SH_RO_02,2014,direct,60.0,0.5055088010502412,4.597397883216912,0.01,0.9473684210526315,True
SH_RO_02,2014,direct,70.0,0.47882038798932586,4.332934285984247,0.01,0.9473684210526315,False
SH_RO_02,2014,direct,80.0,0.38030229824448136,3.8559518012441885,0.01,1.0,False
SH_RO_02,2014,direct,90.0,0.2567884608264698,3.517637030232626,0.03,1.0,False
SH_RO_02,2014,direct,100.0,0.21351104805538088,3.8711637273817785,0.02,1.0,False
SH_RO_02,2014,direct,110.0,0.12009206680440497,3.124469518896404,0.15,1.0,False
SH_RO_02,2014,direct,120.0,0.02787102849398717,2.0001908675394726,0.77,1.0,False
SH_RO_02,2014,direct,130.0,-0.001000301692813546,1.6497723520934378,1.0,1.0,False
SH_RO_02,2014,direct,140.0,-0.016916711698660544,1.2328528257209035,0.88,1.0,False
SH_RO_02,2014,direct,150.0,-0.02804132415025985,1.0106551062633773,0.82,1.0,False
SH_RO_02,2014,direct,160.0,-0.04325373909070317,0.6113966514749561,0.75,1.0,False
SH_RO_02,2014,direct,170.0,-0.03887492046721755,0.9302941988691068,0.85,1.0,False
SH_RO_02,2014,direct,180.0,-0.04685509540207231,1.0433018015271691,0.87,1.0,False
SH_RO_02,2014,direct,190.0,-0.04685509540207231,0.847003680231164,0.81,1.0,False
SH_RO_02,2014,direct,200.0,-0.05189792963393219,0.597355835928031,0.74,1.0,False
SH_RO_02,2014,direct,210.0,-0.05555555555555552,2.2259955480133558,0.99,1.0,False
SH_RO_02,2014,direct,220.0,-0.05555555555555552,1.8561553006146874,1.0,1.0,False
SH_RO_02,2014,tier1_indirect,50.0,,,,0.0,False
SH_RO_02,2014,tier1_indirect,60.0,,,,0.0,False
SH_RO_02,2014,tier1_indirect,70.0,,,,0.0,False
SH_RO_02,2014,tier1_indirect,80.0,0.7721518987341776,1.0837075801468699,0.76,0.4,False
SH_RO_02,2014,tier1_indirect,90.0,0.7088607594936712,1.7679003416734553,0.33,0.6,True
SH_RO_02,2014,tier1_indirect,100.0,0.009391209116074207,0.9137656464170647,1.0,0.8,False
SH_RO_02,2014,tier1_indirect,110.0,-0.23070359321669484,0.09729775941190671,0.8,1.0,False
SH_RO_02,2014,tier1_indirect,120.0,0.1544115670939827,1.0544320924621926,0.82,1.0,False
SH_RO_02,2014,tier1_indirect,130.0,0.1544115670939827,1.0924672788631669,0.75,1.0,False
SH_RO_02,2014,tier1_indirect,140.0,0.1544115670939827,1.232130511658087,0.83,1.0,False
SH_RO_02,2014,tier1_indirect,150.0,0.1544115670939827,1.0660555109732268,0.77,1.0,False
SH_RO_02,2014,tier1_indirect,160.0,0.03629834179902713,1.7337364510791444,0.86,1.0,False
SH_RO_02,2014,tier1_indirect,170.0,0.03629834179902713,1.646497274784826,0.84,1.0,False
SH_RO_02,2014,tier1_indirect,180.0,-0.1489760541804402,0.792577732150214,0.73,1.0,False
SH_RO_02,2014,tier1_indirect,190.0,-0.1489760541804402,0.7424795879521546,0.79,1.0,False
SH_RO_02,2014,tier1_indirect,200.0,-0.1489760541804402,0.9203594378902967,0.92,1.0,False
SH_RO_02,2014,tier1_indirect,210.0,-0.1489760541804402,0.7572184313950112,0.8,1.0,False
SH_RO_02,2014,tier1_indirect,220.0,-0.1489760541804402,0.8411857188319861,0.83,1.0,False
SH_RO_02,2015,direct,50.0,0.3326983432063648,2.609512417654142,0.04,0.9473684210526315,False
SH_RO_02,2015,direct,60.0,0.3521781886532225,2.8492332121787385,0.02,1.0,False
SH_RO_02,2015,direct,70.0,0.305420408150556,3.44790172524346,0.01,1.0,True
SH_RO_02,2015,direct,80.0,0.2154401408713604,3.0060269483398474,0.06,1.0,False
SH_RO_02,2015,direct,90.0,0.09423380873233414,2.376835757413462,0.3,1.0,False
SH_RO_02,2015,direct,100.0,0.0783994552954359,2.8524894872833095,0.38,1.0,False
SH_RO_02,2015,direct,110.0,0.050772318309552186,2.6197918201780688,0.66,1.0,False
SH_RO_02,2015,direct,120.0,-0.0007782895793796839,1.5167282901107884,0.99,1.0,False
SH_RO_02,2015,direct,130.0,-0.029064810291171233,0.8251855014519206,0.83,1.0,False
SH_RO_02,2015,direct,140.0,-0.05022905627667503,0.12134136514257203,0.56,1.0,False
SH_RO_02,2015,direct,150.0,-0.05304014211885405,0.1520458167058402,0.58,1.0,False
SH_RO_02,2015,direct,160.0,-0.054580302431648305,0.03475267695286945,0.56,1.0,False
SH_RO_02,2015,direct,170.0,-0.04629278204990238,0.9686219942907122,0.85,1.0,False
SH_RO_02,2015,direct,180.0,-0.05224483625118136,0.4257725986854364,0.7,1.0,False
SH_RO_02,2015,direct,190.0,-0.05224483625118136,0.37483977530415674,0.69,1.0,False
SH_RO_02,2015,direct,200.0,-0.050805294610233434,0.8381455885630813,0.72,1.0,False
SH_RO_02,2015,direct,210.0,-0.055555555555555546,-0.6139406135149205,0.72,1.0,False
SH_RO_02,2015,direct,220.0,-0.055555555555555546,-0.658504607868518,0.68,1.0,False
SH_RO_02,2015,tier1_indirect,70.68998718722275,,,,,True
SH_RO_02,2016,direct,50.0,0.37760432495944074,2.8998191518579177,0.03,0.9047619047619048,False
SH_RO_02,2016,direct,60.0,0.3875212428215498,3.4228720785327558,0.01,0.9523809523809523,False
SH_RO_02,2016,direct,70.0,0.3774274290421776,4.063256459787637,0.01,0.9523809523809523,False
SH_RO_02,2016,direct,80.0,0.3824597203719432,4.988987180434771,0.01,1.0,True
SH_RO_02,2016,direct,90.0,0.2035084938813836,3.5041006160124595,0.02,1.0,False
SH_RO_02,2016,direct,100.0,0.16092414308309405,3.982809003233975,0.02,1.0,False
SH_RO_02,2016,direct,110.0,0.10603792906075431,2.8546701247883854,0.1,1.0,False
SH_RO_02,2016,direct,120.0,0.05477806555921285,2.7448795020689474,0.51,1.0,False
SH_RO_02,2016,direct,130.0,0.01368166752055255,2.0210021514881884,0.9,1.0,False
SH_RO_02,2016,direct,140.0,-0.015740340473980503,1.600092700774134,0.94,1.0,False
SH_RO_02,2016,direct,150.0,-0.027520196637962773,0.9212538519194448,0.81,1.0,False
SH_RO_02,2016,direct,160.0,-0.04721842667813086,0.038805176060842723,0.51,1.0,False
SH_RO_02,2016,direct,170.0,-0.04040310265207593,0.8021192068391318,0.81,1.0,False
SH_RO_02,2016,direct,180.0,-0.04465210806806276,0.6016750578221228,0.74,1.0,False
SH_RO_02,2016,direct,190.0,-0.04465210806806276,0.8244606481453839,0.82,1.0,False
SH_RO_02,2016,direct,200.0,-0.046850470049945886,0.37544762103486173,0.59,1.0,False
SH_RO_02,2016,direct,210.0,-0.049999999999999996,-0.8271146677743476,0.62,1.0,False
SH_RO_02,2016,direct,220.0,-0.049999999999999996,-0.9191450300180579,0.57,1.0,False
SH_RO_02,2016,tier1_indirect,99.1484431057394,,,,,True
SH_RO_02,2017,direct,50.0,0.14751014900029946,1.5343909193887164,0.27,0.8947368421052632,False
SH_RO_02,2017,direct,60.0,0.29332743128525984,3.0635910736221317,0.02,0.9473684210526315,False
SH_RO_02,2017,direct,70.0,0.25999198709148924,3.275250283615952,0.01,0.9473684210526315,False
SH_RO_02,2017,direct,80.0,0.3023283936400177,4.3262118865196335,0.01,1.0,True
SH_RO_02,2017,direct,90.0,0.11209244774833899,2.6027080348945155,0.11,1.0,False
SH_RO_02,2017,direct,100.0,0.11614873419063428,3.236150879847699,0.18,1.0,False
SH_RO_02,2017,direct,110.0,0.06496877848854916,2.7628173199472723,0.5,1.0,False
SH_RO_02,2017,direct,120.0,-0.014419854152979627,1.3385331914397822,0.94,1.0,False
SH_RO_02,2017,direct,130.0,-0.02564665222027298,0.9644005210129962,0.87,1.0,False
SH_RO_02,2017,direct,140.0,-0.04097918671206301,0.6662909821022404,0.74,1.0,False
SH_RO_02,2017,direct,150.0,-0.03153460448822314,1.2777595678634177,0.93,1.0,False
SH_RO_02,2017,direct,160.0,-0.054237161630049886,-0.12613645568199502,0.5,1.0,False
SH_RO_02,2017,direct,170.0,-0.05186222613303421,0.45080925765713326,0.72,1.0,False
SH_RO_02,2017,direct,180.0,-0.05186222613303421,0.42955867479645127,0.71,1.0,False
SH_RO_02,2017,direct,190.0,-0.05186222613303421,0.3808189445540494,0.68,1.0,False
SH_RO_02,2017,direct,200.0,-0.055555555555555525,1.4757295747452437,0.95,1.0,False
SH_RO_02,2017,direct,210.0,-0.055555555555555525,0.8520128672302584,0.91,1.0,False
SH_RO_02,2017,direct,220.0,-0.055555555555555525,0.741998516004452,0.89,1.0,False
SH_RO_02,2017,tier1_indirect,160.0,,,,,True
SH_RO_02,2018,direct,50.0,0.3861344757872751,2.7585140058624935,0.02,0.9090909090909091,False
SH_RO_02,2018,direct,60.0,0.31740733136971494,3.032881372225564,0.02,0.9545454545454546,False
SH_RO_02,2018,direct,70.0,0.3129393931632305,3.8887935432922665,0.01,0.9545454545454546,False
SH_RO_02,2018,direct,80.0,0.3396697385442568,4.857737071592734,0.01,1.0,True
SH_RO_02,2018,direct,90.0,0.21134176704421312,3.9262376173568105,0.01,1.0,False
SH_RO_02,2018,direct,100.0,0.17749787936890543,3.789032025264887,0.01,1.0,False
SH_RO_02,2018,direct,110.0,0.09123601371025035,3.115648089723268,0.25,1.0,False
SH_RO_02,2018,direct,120.0,-0.019006744269829828,0.7181436883356421,0.85,1.0,False
SH_RO_02,2018,direct,130.0,-0.020001298408015056,0.8259723514232069,0.89,1.0,False
SH_RO_02,2018,direct,140.0,-0.048510706270125506,-0.11892167381143069,0.53,1.0,False
SH_RO_02,2018,direct,150.0,-0.04721970365597974,0.003888383456021859,0.55,1.0,False
SH_RO_02,2018,direct,160.0,-0.048870261403884396,-0.1475225697326653,0.49,1.0,False
SH_RO_02,2018,direct,170.0,-0.03451167664860213,1.4045846494280514,0.94,1.0,False
SH_RO_02,2018,direct,180.0,-0.04275631863739479,0.5016807523179017,0.71,1.0,False
SH_RO_02,2018,direct,190.0,-0.04275631863739479,0.5515083351420481,0.79,1.0,False
SH_RO_02,2018,direct,200.0,-0.044213538517220284,0.5753121428311054,0.73,1.0,False
SH_RO_02,2018,direct,210.0,-0.047619047619047596,1.2701057925542405,0.99,1.0,False
SH_RO_02,2018,direct,220.0,-0.047619047619047596,1.3348476249438295,1.0,1.0,False
SH_RO_02,2018,tier1_indirect,50.0,-0.11754290951508105,0.19343772732746217,0.7,0.6,True
SH_RO_02,2018,tier1_indirect,60.0,-0.4203049491751376,-0.4631492071778922,0.49,0.6,False
SH_RO_02,2018,tier1_indirect,70.0,-0.36672012997833703,-0.40501461469376127,0.32,0.8,False
SH_RO_02,2018,tier1_indirect,80.0,-0.6593553852135756,-1.1468640058679798,0.05,1.0,False
SH_RO_02,2018,tier1_indirect,90.0,-0.33762775648503035,-0.696391341208171,0.25,1.0,False
SH_RO_02,2018,tier1_indirect,100.0,-0.33762775648503035,-0.371611534429241,0.38,1.0,False
SH_RO_02,2018,tier1_indirect,110.0,-0.33762775648503035,-0.3677247070528463,0.38,1.0,False
SH_RO_02,2018,tier1_indirect,120.0,-0.2905557407098817,-0.3456409368345232,0.28,1.0,False
SH_RO_02,2018,tier1_indirect,130.0,-0.25,0.0,0.82,1.0,False
SH_RO_02,2018,tier1_indirect,140.0,-0.25,0.0,0.78,1.0,False
SH_RO_02,2018,tier1_indirect,150.0,-0.25,0.0,0.69,1.0,False
SH_RO_02,2018,tier1_indirect,160.0,-0.25,0.0,0.81,1.0,False
SH_RO_02,2018,tier1_indirect,170.0,-0.25,0.0,0.76,1.0,False
SH_RO_02,2018,tier1_indirect,180.0,-0.25,0.0,0.81,1.0,False
SH_RO_02,2018,tier1_indirect,190.0,-0.25,0.0,0.76,1.0,False
SH_RO_02,2018,tier1_indirect,200.0,-0.25,0.0,0.8,1.0,False
SH_RO_02,2018,tier1_indirect,210.0,-0.25,0.0,0.81,1.0,False
SH_RO_02,2018,tier1_indirect,220.0,-0.25,0.0,0.66,1.0,False
SH_RO_03,2013,direct,50.0,0.5151414149445258,2.248349283307253,0.05,0.8,False
SH_RO_03,2013,direct,60.0,0.46245141881443763,2.8994729516340554,0.06,0.8666666666666667,False
SH_RO_03,2013,direct,70.0,0.40986296765422336,2.1098580261144697,0.05,1.0,False
SH_RO_03,2013,direct,80.0,0.3709768560840372,2.108565679938877,0.05,1.0,False
SH_RO_03,2013,direct,90.0,0.342918160015433,3.8440778744304356,0.02,1.0,True
SH_RO_03,2013,direct,100.0,0.27575757233106873,1.8793361411262508,0.08,1.0,False
SH_RO_03,2013,direct,110.0,0.09394030269526002,1.677532628806492,0.56,1.0,False
SH_RO_03,2013,direct,120.0,0.028316381640725467,1.2911172067774621,0.89,1.0,False
SH_RO_03,2013,direct,130.0,-0.023137759450688144,0.7357439396877395,0.89,1.0,False
SH_RO_03,2013,direct,140.0,-0.07670040943547578,0.06459770494902457,0.56,1.0,False
SH_RO_03,2013,direct,150.0,-0.09915835043813657,-0.7749184401079398,0.28,1.0,False
SH_RO_03,2013,direct,160.0,-0.14928723948944608,-1.9063738504036765,0.02,1.0,False
SH_RO_03,2013,direct,170.0,-0.14785543068873486,-2.1397345485215107,0.04,1.0,False
SH_RO_03,2013,direct,180.0,-0.15601588661658863,-2.1535879938971987,0.04,1.0,False
SH_RO_03,2013,direct,190.0,-0.12872194080417668,-2.1265030964482134,0.03,1.0,False
SH_RO_03,2013,direct,200.0,-0.11249807010653724,-2.252446200516443,0.02,1.0,False
SH_RO_03,2013,direct,210.0,-0.11249807010653724,-2.4521833193045794,0.02,1.0,False
SH_RO_03,2013,direct,220.0,-0.11249807010653724,-2.574016024139753,0.02,1.0,False
SH_RO_03,2013,tier1_indirect,50.0,0.6778984150755026,0.9625219400105731,0.5,0.4,False
SH_RO_03,2013,tier1_indirect,60.0,0.6778984150755026,1.2039473657632143,0.56,0.4,False
SH_RO_03,2013,tier1_indirect,70.0,0.6778984150755026,1.0300802487388556,0.43,0.4,False
SH_RO_03,2013,tier1_indirect,80.0,0.857294396605516,1.611895391650136,0.27,0.8,False
SH_RO_03,2013,tier1_indirect,90.0,0.857294396605516,1.6590261693172643,0.3,0.8,False
SH_RO_03,2013,tier1_indirect,100.0,0.857294396605516,1.5585745455094908,0.33,0.8,False
SH_RO_03,2013,tier1_indirect,110.0,0.3206664170722575,1.352013431475471,0.68,0.8,False
SH_RO_03,2013,tier1_indirect,120.0,0.12890511252547943,1.039074241612202,0.82,1.0,False
SH_RO_03,2013,tier1_indirect,130.0,0.12890511252547943,1.046329797683765,0.84,1.0,False
SH_RO_03,2013,tier1_indirect,140.0,0.17469528682557514,1.368745876525757,0.76,1.0,False
SH_RO_03,2013,tier1_indirect,150.0,0.17469528682557514,1.467061159396393,0.84,1.0,False
SH_RO_03,2013,tier1_indirect,160.0,0.17469528682557514,1.6628591985929435,0.76,1.0,True
SH_RO_03,2013,tier1_indirect,170.0,0.17469528682557514,1.196634560770533,0.78,1.0,False
SH_RO_03,2013,tier1_indirect,180.0,0.0021267523607471626,1.3619150233444544,1.0,1.0,False
SH_RO_03,2013,tier1_indirect,190.0,-0.07632909022837882,1.1328058833895014,0.84,1.0,False
SH_RO_03,2013,tier1_indirect,200.0,-0.07632909022837882,0.9713535848362441,0.81,1.0,False
SH_RO_03,2013,tier1_indirect,210.0,-0.07632909022837882,0.9618173926047211,0.82,1.0,False
SH_RO_03,2013,tier1_indirect,220.0,-0.07632909022837882,1.2281776272785874,0.86,1.0,False
SH_RO_03,2014,direct,50.0,0.5028045897394268,1.7965758978410782,0.16,0.7857142857142857,False
SH_RO_03,2014,direct,60.0,0.40460093773432915,1.863738088927432,0.18,0.9285714285714286,False
SH_RO_03,2014,direct,70.0,0.3049586199562591,1.565402306206094,0.24,0.9285714285714286,False
SH_RO_03,2014,direct,80.0,0.4126236552624896,2.135667042955129,0.09,1.0,False
SH_RO_03,2014,direct,90.0,0.42696760413765006,2.6979081533876057,0.06,1.0,True
SH_RO_03,2014,direct,100.0,0.2797555195754389,2.1264272610796455,0.12,1.0,False
SH_RO_03,2014,direct,110.0,0.18570659106174287,2.0616675231897292,0.25,1.0,False
SH_RO_03,2014,direct,120.0,0.1925127773219569,2.2617670964858534,0.21,1.0,False
SH_RO_03,2014,direct,130.0,0.18839589191698664,1.8782355986988413,0.15,1.0,False
SH_RO_03,2014,direct,140.0,0.11046765217948305,2.0201358834626144,0.47,1.0,False
SH_RO_03,2014,direct,150.0,0.08348649163207458,1.8802435830599606,0.5,1.0,False
SH_RO_03,2014,direct,160.0,0.053831479109003794,1.5292716994643367,0.71,1.0,False
SH_RO_03,2014,direct,170.0,0.017831813087625714,1.2509303207488736,0.95,1.0,False
SH_RO_03,2014,direct,180.0,-0.04300455928785616,0.43806224219766393,0.84,1.0,False
SH_RO_03,2014,direct,190.0,-0.05345748053475965,0.5035151424305073,0.82,1.0,False
SH_RO_03,2014,direct,200.0,-0.03097109094868061,0.9831920756313092,0.88,1.0,False
SH_RO_03,2014,direct,210.0,-0.052642613014877396,0.4672940943059336,0.78,1.0,False
SH_RO_03,2014,direct,220.0,-0.052642613014877396,0.46365422921592164,0.75,1.0,False
SH_RO_03,2014,tier1_indirect,160.0,,,,,True
SH_RO_03,2015,direct,50.0,0.20500906857375933,1.05419485903027,0.47,0.9375,False
SH_RO_03,2015,direct,60.0,0.28563695759123336,2.2737952714903185,0.21,0.9375,False
SH_RO_03,2015,direct,70.0,0.2806046207561054,1.670042081464645,0.15,0.9375,False
SH_RO_03,2015,direct,80.0,0.2211692334119186,2.1821966184131534,0.15,0.9375,False
SH_RO_03,2015,direct,90.0,0.3025762610873978,2.6979937837408583,0.02,1.0,False
SH_RO_03,2015,direct,100.0,0.274747062611419,2.9141380290344765,0.05,1.0,True
SH_RO_03,2015,direct,110.0,0.19314420328314716,2.5272664787121775,0.18,1.0,False
SH_RO_03,2015,direct,120.0,0.1659509534175686,1.9527045479339336,0.26,1.0,False
SH_RO_03,2015,direct,130.0,0.11601213277963615,2.1037531602215664,0.41,1.0,False
SH_RO_03,2015,direct,140.0,0.12295022047412922,2.7705479074814443,0.27,1.0,False
SH_RO_03,2015,direct,150.0,0.10471824541292617,2.496782056362074,0.32,1.0,False
SH_RO_03,2015,direct,160.0,0.05313762791607666,2.3897583407073166,0.75,1.0,False
SH_RO_03,2015,direct,170.0,0.040629849011512426,2.03101752990528,0.8,1.0,False
SH_RO_03,2015,direct,180.0,-0.014449340432768073,1.2140327716798438,0.97,1.0,False
SH_RO_03,2015,direct,190.0,-0.03251724389009838,0.7080418739508137,0.82,1.0,False
SH_RO_03,2015,direct,200.0,-0.01585389033826503,1.965470038068265,0.98,1.0,False
SH_RO_03,2015,direct,210.0,-0.052319479763624506,0.5301622976419958,0.77,1.0,False
SH_RO_03,2015,direct,220.0,-0.06270565201415759,0.2515877478191164,0.59,1.0,False
SH_RO_03,2015,tier1_indirect,160.0,,,,,True
SH_RO_03,2016,direct,50.0,0.709404862491512,2.9311702464659817,0.02,0.9375,False
SH_RO_03,2016,direct,60.0,0.6607046232638767,4.198980992385226,0.01,0.9375,False
SH_RO_03,2016,direct,70.0,0.682436282947479,4.141174863238632,0.01,0.9375,False
SH_RO_03,2016,direct,80.0,0.7461982095274013,5.7310548576659235,0.01,1.0,False
SH_RO_03,2016,direct,90.0,0.7454028206516045,5.345685719586269,0.01,1.0,False
SH_RO_03,2016,direct,100.0,0.6451181706621407,5.94797728762445,0.01,1.0,True
SH_RO_03,2016,direct,110.0,0.4880390973475987,5.795909017814858,0.01,1.0,False
SH_RO_03,2016,direct,120.0,0.438133641421831,5.143450383714959,0.02,1.0,False
SH_RO_03,2016,direct,130.0,0.38107103961331945,5.151929986906517,0.01,1.0,False
SH_RO_03,2016,direct,140.0,0.3393488507878815,4.81742149834073,0.01,1.0,False
SH_RO_03,2016,direct,150.0,0.2760914846102711,4.973162233990168,0.01,1.0,False
SH_RO_03,2016,direct,160.0,0.21282734527420474,4.827226470911586,0.01,1.0,False
SH_RO_03,2016,direct,170.0,0.17910867363916944,5.390955653666123,0.01,1.0,False
SH_RO_03,2016,direct,180.0,0.11067048363234966,4.578470387990326,0.2,1.0,False
SH_RO_03,2016,direct,190.0,0.042906416471745465,2.7685056896175384,0.89,1.0,False
SH_RO_03,2016,direct,200.0,0.03279087231308108,3.068126015439251,0.88,1.0,False
SH_RO_03,2016,direct,210.0,-0.001972414285139733,2.1399083936005896,0.99,1.0,False
SH_RO_03,2016,direct,220.0,-0.011022702329352232,1.7949311867844537,0.98,1.0,False
SH_RO_03,2016,tier1_indirect,50.0,,,,0.0,False
SH_RO_03,2016,tier1_indirect,60.0,0.42295940637276297,1.0701986949744386,0.55,0.5,False
SH_RO_03,2016,tier1_indirect,70.0,0.42295940637276297,1.0892241769288329,0.46,0.5,False
SH_RO_03,2016,tier1_indirect,80.0,0.42295940637276297,1.0331683096201802,0.55,0.5,False
SH_RO_03,2016,tier1_indirect,90.0,0.42295940637276297,1.016465119830569,0.48,0.5,False
SH_RO_03,2016,tier1_indirect,100.0,0.42295940637276297,1.0120770000764192,0.51,0.5,False
SH_RO_03,2016,tier1_indirect,110.0,0.42295940637276297,1.080347087138079,0.37,0.5,False
SH_RO_03,2016,tier1_indirect,120.0,0.42295940637276297,1.1347419974376969,0.54,0.5,False
SH_RO_03,2016,tier1_indirect,130.0,0.42295940637276297,1.010142748447494,0.48,0.5,False
SH_RO_03,2016,tier1_indirect,140.0,0.42295940637276297,0.9501192028302337,0.49,0.5,False
SH_RO_03,2016,tier1_indirect,150.0,0.42295940637276297,0.9928281427972184,0.63,0.5,False
SH_RO_03,2016,tier1_indirect,160.0,0.42295940637276297,0.9135423287081145,0.49,0.5,False
SH_RO_03,2016,tier1_indirect,170.0,0.42295940637276297,0.9865969938857752,0.47,0.5,False
SH_RO_03,2016,tier1_indirect,180.0,0.22391968572675688,1.2275121303797267,0.64,0.75,False
SH_RO_03,2016,tier1_indirect,190.0,0.15175323730539791,1.3588591364231806,1.0,0.75,False
SH_RO_03,2016,tier1_indirect,200.0,0.15175323730539791,1.5947057465950094,1.0,0.75,False
SH_RO_03,2016,tier1_indirect,210.0,0.15175323730539791,1.56996995632707,1.0,0.75,False
SH_RO_03,2016,tier1_indirect,220.0,0.15175323730539791,1.6523458188197748,1.0,0.75,True
SH_RO_03,2017,direct,50.0,0.12942062552317957,0.6664591860220277,0.66,0.8666666666666667,False
SH_RO_03,2017,direct,60.0,0.05241429205822718,0.43854954260150586,0.82,0.8666666666666667,False
SH_RO_03,2017,direct,70.0,-0.001598147235095383,0.3911042391468083,1.0,0.8666666666666667,False
SH_RO_03,2017,direct,80.0,0.2612893030452811,1.4549161611550354,0.26,1.0,False
SH_RO_03,2017,direct,90.0,0.3417818603720094,2.59949354774891,0.07,1.0,True
SH_RO_03,2017,direct,100.0,0.277199802758126,1.9793296343651172,0.17,1.0,False
SH_RO_03,2017,direct,110.0,0.30665249369176645,2.1319697790340633,0.05,1.0,False
SH_RO_03,2017,direct,120.0,0.21124208386860488,2.173422799245207,0.12,1.0,False
SH_RO_03,2017,direct,130.0,0.1742781034446634,1.838344776109842,0.28,1.0,False
SH_RO_03,2017,direct,140.0,0.07738188020576887,1.3465832675768719,0.57,1.0,False
SH_RO_03,2017,direct,150.0,0.04837187642678854,1.1604448558086171,0.77,1.0,False
SH_RO_03,2017,direct,160.0,0.0610563533847114,2.1289059462286124,0.62,1.0,False
SH_RO_03,2017,direct,170.0,0.044709099124178295,2.0116446196123103,0.81,1.0,False
SH_RO_03,2017,direct,180.0,0.04201115079072155,2.400951242575008,0.83,1.0,False
SH_RO_03,2017,direct,190.0,-0.05035206542277614,0.6277996663330223,0.8,1.0,False
SH_RO_03,2017,direct,200.0,-0.04784824385946035,0.26798949997754373,0.75,1.0,False
SH_RO_03,2017,direct,210.0,-0.095470019015935,-0.6720116456401858,0.23,1.0,False
SH_RO_03,2017,direct,220.0,-0.10154839037128657,-0.9748250551817119,0.14,1.0,False
SH_RO_03,2017,tier1_indirect,98.64451948030992,,,,,True
SH_RO_03,2018,direct,50.0,0.5186726700562544,2.529716233650553,0.02,0.8,False
SH_RO_03,2018,direct,60.0,0.4755906531107639,2.9621040183389438,0.01,0.8666666666666667,False
SH_RO_03,2018,direct,70.0,0.39187005898246446,2.1055786924407647,0.11,1.0,False
SH_RO_03,2018,direct,80.0,0.372466012240557,2.2109017956690393,0.06,1.0,False
SH_RO_03,2018,direct,90.0,0.3831875462014149,2.8202484237330956,0.02,1.0,False
SH_RO_03,2018,direct,100.0,0.3270428934788135,2.968378832846375,0.03,1.0,True
SH_RO_03,2018,direct,110.0,0.1786033610880244,2.1455332671140304,0.21,1.0,False
SH_RO_03,2018,direct,120.0,0.08954711823556262,1.7825551657441996,0.57,1.0,False
SH_RO_03,2018,direct,130.0,0.03933637360976057,1.4522472067769954,0.78,1.0,False
SH_RO_03,2018,direct,140.0,-0.034605253930976576,0.5780642631115073,0.74,1.0,False
SH_RO_03,2018,direct,150.0,-0.05819208209524012,0.22294256554465583,0.65,1.0,False
SH_RO_03,2018,direct,160.0,-0.12075049943094725,-1.2830665905595935,0.06,1.0,False
SH_RO_03,2018,direct,170.0,-0.13059208163473793,-1.4514555302730026,0.07,1.0,False
SH_RO_03,2018,direct,180.0,-0.14177673590343967,-2.139710873895066,0.02,1.0,False
SH_RO_03,2018,direct,190.0,-0.12188076355252257,-1.7015595423275265,0.09,1.0,False
SH_RO_03,2018,direct,200.0,-0.11121476709940178,-1.9229141365118938,0.03,1.0,False
SH_RO_03,2018,direct,210.0,-0.11121476709940178,-2.1100596916800325,0.03,1.0,False
SH_RO_03,2018,direct,220.0,-0.11121476709940178,-2.1610257063140175,0.02,1.0,False
SH_RO_03,2018,tier1_indirect,50.0,-0.8773278155483298,-0.7707134515331256,0.47,0.4,False
SH_RO_03,2018,tier1_indirect,60.0,-0.8773278155483298,-0.7809611081030889,0.49,0.4,False
SH_RO_03,2018,tier1_indirect,70.0,-0.8773278155483298,-0.6059305954772283,0.53,0.4,False
SH_RO_03,2018,tier1_indirect,80.0,-0.47827372154892117,-0.33117185143763866,0.7,0.8,False
SH_RO_03,2018,tier1_indirect,90.0,-0.47827372154892117,-0.3921667982713589,0.71,0.8,False
SH_RO_03,2018,tier1_indirect,100.0,-0.47827372154892117,-0.4141398945938033,0.61,0.8,False
SH_RO_03,2018,tier1_indirect,110.0,-0.4899127992905706,-0.4958923536697248,0.29,0.8,False
SH_RO_03,2018,tier1_indirect,120.0,-0.6278204749236377,-1.1644669481574663,0.14,1.0,False
SH_RO_03,2018,tier1_indirect,130.0,-0.6278204749236377,-1.2009417854553195,0.11,1.0,False
SH_RO_03,2018,tier1_indirect,140.0,-0.23169770420731103,0.08180657095756182,0.75,1.0,False
SH_RO_03,2018,tier1_indirect,150.0,-0.23169770420731103,0.07632250824401506,0.72,1.0,False
SH_RO_03,2018,tier1_indirect,160.0,-0.23169770420731103,0.03981645305274019,0.79,1.0,False
SH_RO_03,2018,tier1_indirect,170.0,-0.23169770420731103,0.09670005672468815,0.78,1.0,False
SH_RO_03,2018,tier1_indirect,180.0,-0.20641196176963247,0.3283214015840841,0.71,1.0,False
SH_RO_03,2018,tier1_indirect,190.0,-0.19261749926101096,0.27822507959362297,0.65,1.0,False
SH_RO_03,2018,tier1_indirect,200.0,-0.19261749926101096,0.2367560719562967,0.6,1.0,False
SH_RO_03,2018,tier1_indirect,210.0,-0.19261749926101096,0.3336189237986452,0.63,1.0,True
SH_RO_03,2018,tier1_indirect,220.0,-0.19261749926101096,0.2741839041870263,0.65,1.0,False
SH_RO_04,2013,direct,50.0,0.9244800067870095,2.9325986134451796,0.03,0.9166666666666666,False
SH_RO_04,2013,direct,60.0,0.9309572474211036,4.187590215191418,0.01,0.9166666666666666,True
SH_RO_04,2013,direct,70.0,0.587387101779469,3.994123245168541,0.01,0.9166666666666666,False
SH_RO_04,2013,direct,80.0,0.05199812527996809,1.12967354099369,0.81,0.9166666666666666,False
SH_RO_04,2013,direct,90.0,0.09471234629405156,1.450852236393994,0.59,1.0,False
SH_RO_04,2013,direct,100.0,0.09850443617649741,2.040700741480776,0.63,1.0,False
SH_RO_04,2013,direct,110.0,0.04166540220872294,1.1166111152002687,0.85,1.0,False
SH_RO_04,2013,direct,120.0,0.023508675399661255,1.4931329964777005,0.92,1.0,False
SH_RO_04,2013,direct,130.0,-0.054921861017374264,0.6863062855532145,0.77,1.0,False
SH_RO_04,2013,direct,140.0,-0.053708961462617597,0.5328014116874579,0.76,1.0,False
SH_RO_04,2013,direct,150.0,-0.0799604434852903,0.14024295257563701,0.61,1.0,False
SH_RO_04,2013,direct,160.0,-0.09688040750124026,-0.32490386407074284,0.43,1.0,False
SH_RO_04,2013,direct,170.0,-0.10454338941918602,-0.4215141346584725,0.24,1.0,False
SH_RO_04,2013,direct,180.0,-0.10537964772790841,-0.8633987288612608,0.13,1.0,False
SH_RO_04,2013,direct,190.0,-0.10537964772790841,-0.617830687851657,0.15,1.0,False
SH_RO_04,2013,direct,200.0,-0.10537964772790841,-0.7585102450757165,0.15,1.0,False
SH_RO_04,2013,direct,210.0,-0.10537964772790841,-0.8060098016903234,0.13,1.0,False
SH_RO_04,2013,direct,220.0,-0.10537964772790841,-1.1797717584810286,0.06,1.0,False
SH_RO_04,2013,tier1_indirect,50.0,,,,0.0,False
SH_RO_04,2013,tier1_indirect,60.0,,,,0.0,False
SH_RO_04,2013,tier1_indirect,70.0,,,,0.0,False
SH_RO_04,2013,tier1_indirect,80.0,,,,0.0,False
SH_RO_04,2013,tier1_indirect,90.0,,,,0.0,False
SH_RO_04,2013,tier1_indirect,100.0,,,,0.0,False
SH_RO_04,2013,tier1_indirect,110.0,-0.00842809364548495,0.45001038483846106,1.0,0.5,False
SH_RO_04,2013,tier1_indirect,120.0,-0.00842809364548495,0.46811068149966456,1.0,0.5,False
SH_RO_04,2013,tier1_indirect,130.0,-0.00842809364548495,0.40187773481125905,1.0,0.5,False
SH_RO_04,2013,tier1_indirect,140.0,-0.00842809364548495,0.44205248931786617,1.0,0.5,False
SH_RO_04,2013,tier1_indirect,150.0,-0.00842809364548495,0.47301129055254426,1.0,0.5,False
SH_RO_04,2013,tier1_indirect,160.0,-0.00842809364548495,0.409319821391469,1.0,0.5,False
SH_RO_04,2013,tier1_indirect,170.0,0.05337792642140468,0.8072438227205726,0.64,0.75,False
SH_RO_04,2013,tier1_indirect,180.0,0.05337792642140468,0.8271546457488671,0.74,0.75,False
SH_RO_04,2013,tier1_indirect,190.0,0.05337792642140468,0.8149158449712919,0.63,0.75,False
SH_RO_04,2013,tier1_indirect,200.0,0.05337792642140468,0.7769596584665535,0.66,0.75,False
SH_RO_04,2013,tier1_indirect,210.0,0.05337792642140468,0.8353231686482199,0.66,0.75,True
SH_RO_04,2013,tier1_indirect,220.0,-0.7210033444816053,-1.253183592098676,0.19,1.0,False
SH_RO_04,2014,direct,50.0,0.30769413682121527,1.8444214443629603,0.18,0.8461538461538461,False
SH_RO_04,2014,direct,60.0,0.4000028277344192,2.15938342458128,0.1,1.0,False
SH_RO_04,2014,direct,70.0,0.39220864909701014,2.4167684029467473,0.04,1.0,False
SH_RO_04,2014,direct,80.0,0.34504284690915166,2.6726181441651997,0.04,1.0,False
SH_RO_04,2014,direct,90.0,0.23506565730013304,2.2894178969574344,0.08,1.0,False
SH_RO_04,2014,direct,100.0,0.20536164254564324,2.7141247932643378,0.09,1.0,True
SH_RO_04,2014,direct,110.0,0.20427296479425763,2.6744713112231904,0.09,1.0,False
SH_RO_04,2014,direct,120.0,0.01687207015294902,1.8667803953916184,0.95,1.0,False
SH_RO_04,2014,direct,130.0,-0.10509561108687339,-0.42817970412533807,0.41,1.0,False
SH_RO_04,2014,direct,140.0,-0.12905497115710893,-0.6492014958300046,0.18,1.0,False
SH_RO_04,2014,direct,150.0,-0.12905497115710893,-0.9095098055862465,0.15,1.0,False
SH_RO_04,2014,direct,160.0,-0.14023616152476007,-1.1739433522017695,0.1,1.0,False
SH_RO_04,2014,direct,170.0,-0.158310668613519,-2.3442393627047053,0.01,1.0,False
SH_RO_04,2014,direct,180.0,-0.16393760304092847,-2.6694966228542825,0.02,1.0,False
SH_RO_04,2014,direct,190.0,-0.13886526934966026,-1.9903725148630735,0.02,1.0,False
SH_RO_04,2014,direct,200.0,-0.1358669833729216,-2.7657813407198333,0.01,1.0,False
SH_RO_04,2014,direct,210.0,-0.1358669833729216,-2.272181462464402,0.02,1.0,False
SH_RO_04,2014,direct,220.0,-0.1336808876001275,-2.891008312387159,0.01,1.0,False
SH_RO_04,2014,tier1_indirect,160.0,,,,,True
SH_RO_04,2015,direct,50.0,0.8166304334712688,4.121336778846631,0.01,1.0,False
SH_RO_04,2015,direct,60.0,0.7310062816844175,3.70718348481958,0.01,1.0,False
SH_RO_04,2015,direct,70.0,0.5159389962518243,2.9859342390080745,0.01,1.0,False
SH_RO_04,2015,direct,80.0,0.3120821151714274,2.5470247418353615,0.06,1.0,False
SH_RO_04,2015,direct,90.0,0.3543125578484915,3.884034260015375,0.02,1.0,False
SH_RO_04,2015,direct,100.0,0.3688424940948196,4.887367569206426,0.01,1.0,True
SH_RO_04,2015,direct,110.0,0.35090797801989876,3.9351173417831875,0.02,1.0,False
SH_RO_04,2015,direct,120.0,0.2444733039845178,3.7562010456308577,0.01,1.0,False
SH_RO_04,2015,direct,130.0,0.12889240512664613,3.1359401983353976,0.13,1.0,False
SH_RO_04,2015,direct,140.0,0.13278258810844557,2.7768563453699797,0.12,1.0,False
SH_RO_04,2015,direct,150.0,0.027663913570909672,2.193067266725497,0.91,1.0,False
SH_RO_04,2015,direct,160.0,0.019612068197646496,2.01079503377306,0.96,1.0,False
SH_RO_04,2015,direct,170.0,-0.01715409309692026,1.5642838800678887,0.94,1.0,False
SH_RO_04,2015,direct,180.0,-0.01559616858106405,1.4014147358601774,0.95,1.0,False
SH_RO_04,2015,direct,190.0,-0.028205950089915402,1.2806128563066557,0.9,1.0,False
SH_RO_04,2015,direct,200.0,-0.05541821158247945,0.6340993175094753,0.73,1.0,False
SH_RO_04,2015,direct,210.0,-0.05541821158247945,0.3813405893695633,0.69,1.0,False
SH_RO_04,2015,direct,220.0,-0.056901938786627956,0.6010463424690063,0.74,1.0,False
SH_RO_04,2015,tier1_indirect,160.0,,,,,True
SH_RO_04,2016,direct,50.0,0.7359183766763052,3.5104850443037194,0.01,0.9230769230769231,False
SH_RO_04,2016,direct,60.0,0.7184324240142069,3.575726551582189,0.03,0.9230769230769231,False
SH_RO_04,2016,direct,70.0,0.664063299024667,4.373560820116644,0.01,0.9230769230769231,False
SH_RO_04,2016,direct,80.0,0.579898880419089,3.5132641269089993,0.01,1.0,False
SH_RO_04,2016,direct,90.0,0.5253526168493673,3.4485698454726768,0.01,1.0,False
SH_RO_04,2016,direct,100.0,0.5144979684434651,3.1753461238508334,0.02,1.0,False
SH_RO_04,2016,direct,110.0,0.44494594691520856,4.233426064093949,0.01,1.0,False
SH_RO_04,2016,direct,120.0,0.4108973848109437,4.557070797991284,0.01,1.0,False
SH_RO_04,2016,direct,130.0,0.27478759792363316,3.5846006025234605,0.05,1.0,False
SH_RO_04,2016,direct,140.0,0.25356004034736845,4.567746832174778,0.01,1.0,True
SH_RO_04,2016,direct,150.0,0.08213354632004043,2.736611092769072,0.57,1.0,False
SH_RO_04,2016,direct,160.0,0.03415732454950328,1.9821683817040887,0.89,1.0,False
SH_RO_04,2016,direct,170.0,-0.05977734655979334,0.5319071697990523,0.78,1.0,False
SH_RO_04,2016,direct,180.0,-0.05977734655979334,0.543789768721106,0.8,1.0,False
SH_RO_04,2016,direct,190.0,-0.08522494829187807,0.0216120586707912,0.56,1.0,False
SH_RO_04,2016,direct,200.0,-0.13150986659431332,-1.8963366257328234,0.04,1.0,False
SH_RO_04,2016,direct,210.0,-0.13150986659431332,-1.7369152165834572,0.02,1.0,False
SH_RO_04,2016,direct,220.0,-0.12391550296978318,-2.374811186350377,0.02,1.0,False
SH_RO_04,2016,tier1_indirect,160.0,,,,,True
SH_RO_04,2017,direct,50.0,0.8120329508969283,3.2521885695250483,0.01,1.0,False
SH_RO_04,2017,direct,60.0,0.7459303853271231,2.5671719823439476,0.01,1.0,False
SH_RO_04,2017,direct,70.0,0.5149240471236369,2.4923226414813366,0.03,1.0,False
SH_RO_04,2017,direct,80.0,0.32609553773768263,2.256306466776936,0.18,1.0,False
SH_RO_04,2017,direct,90.0,0.3763521647193431,2.9828427172317054,0.02,1.0,False
SH_RO_04,2017,direct,100.0,0.3576216191037139,3.2353690944287514,0.02,1.0,False
SH_RO_04,2017,direct,110.0,0.32325020690660017,3.5443689461127583,0.02,1.0,True
SH_RO_04,2017,direct,120.0,0.20759425456077643,2.7926987111604085,0.07,1.0,False
SH_RO_04,2017,direct,130.0,0.13230613721167586,2.5889138584245854,0.26,1.0,False
SH_RO_04,2017,direct,140.0,0.10075702989250788,2.154922843722421,0.57,1.0,False
SH_RO_04,2017,direct,150.0,-0.010370016557509687,1.0105893455961499,0.97,1.0,False
SH_RO_04,2017,direct,160.0,-0.03334125324325496,0.9373882571090886,0.89,1.0,False
SH_RO_04,2017,direct,170.0,-0.04811237483119281,0.6876187324556492,0.83,1.0,False
SH_RO_04,2017,direct,180.0,-0.05521578884584006,0.6801478865483007,0.78,1.0,False
SH_RO_04,2017,direct,190.0,-0.10782116550134946,-0.7564449708715818,0.16,1.0,False
SH_RO_04,2017,direct,200.0,-0.11872419019620693,-1.350890364647252,0.08,1.0,False
SH_RO_04,2017,direct,210.0,-0.11872419019620693,-1.239682624064786,0.08,1.0,False
SH_RO_04,2017,direct,220.0,-0.12270028146951632,-1.3609905590982405,0.08,1.0,False
SH_RO_04,2017,tier1_indirect,160.0,,,,,True
SH_RO_04,2018,direct,50.0,1.0509038438414364,3.876929813043303,0.01,0.9166666666666666,False
SH_RO_04,2018,direct,60.0,1.059104208949894,4.126007340222921,0.01,0.9166666666666666,True
SH_RO_04,2018,direct,70.0,0.6986718359999854,3.4970058509640327,0.03,0.9166666666666666,False
SH_RO_04,2018,direct,80.0,0.15195830663384471,1.6255325682760067,0.43,0.9166666666666666,False
SH_RO_04,2018,direct,90.0,0.1675656911528089,2.2273419941717894,0.41,1.0,False
SH_RO_04,2018,direct,100.0,0.15932247817293313,2.547809080919513,0.26,1.0,False
SH_RO_04,2018,direct,110.0,0.14244953355639156,2.032152818074254,0.38,1.0,False
SH_RO_04,2018,direct,120.0,0.09482525304001116,2.7246424824049176,0.52,1.0,False
SH_RO_04,2018,direct,130.0,0.03279652106458793,1.9414532233620219,0.85,1.0,False
SH_RO_04,2018,direct,140.0,0.0048963406272316285,1.5728776989791622,1.0,1.0,False
SH_RO_04,2018,direct,150.0,-0.04701481064661953,1.20595062167697,0.9,1.0,False
SH_RO_04,2018,direct,160.0,-0.10984067237424085,-0.5548764114502512,0.27,1.0,False
SH_RO_04,2018,direct,170.0,-0.122112017606827,-1.728565699246958,0.03,1.0,False
SH_RO_04,2018,direct,180.0,-0.12536526028249143,-1.6293834515979557,0.06,1.0,False
SH_RO_04,2018,direct,190.0,-0.12536526028249143,-1.5442938313035233,0.05,1.0,False
SH_RO_04,2018,direct,200.0,-0.12536526028249143,-1.909570384104608,0.02,1.0,False
SH_RO_04,2018,direct,210.0,-0.12536526028249143,-1.6726079307912043,0.05,1.0,False
SH_RO_04,2018,direct,220.0,-0.12536526028249143,-1.9484300652531281,0.03,1.0,False
SH_RO_04,2018,tier1_indirect,50.0,,,,0.0,False
SH_RO_04,2018,tier1_indirect,60.0,,,,0.0,False
SH_RO_04,2018,tier1_indirect,70.0,,,,0.0,False
SH_RO_04,2018,tier1_indirect,80.0,,,,0.0,False
SH_RO_04,2018,tier1_indirect,90.0,,,,0.0,False
SH_RO_04,2018,tier1_indirect,100.0,,,,0.0,False
SH_RO_04,2018,tier1_indirect,110.0,-0.06509803921568627,0.3262558155615531,0.77,0.5,False
SH_RO_04,2018,tier1_indirect,120.0,-0.06509803921568627,0.30183283967775615,0.79,0.5,False
SH_RO_04,2018,tier1_indirect,130.0,-0.06509803921568627,0.324794892769631,0.86,0.5,False
SH_RO_04,2018,tier1_indirect,140.0,-0.06509803921568627,0.4593835368082905,0.85,0.5,False
SH_RO_04,2018,tier1_indirect,150.0,-0.06509803921568627,0.2508321768605644,0.83,0.5,False
SH_RO_04,2018,tier1_indirect,160.0,-0.06509803921568627,0.3700470946021141,0.83,0.5,False
SH_RO_04,2018,tier1_indirect,170.0,-0.03686274509803922,0.40585975444129435,0.68,0.75,False
SH_RO_04,2018,tier1_indirect,180.0,-0.03686274509803922,0.6513803407675682,0.78,0.75,False
SH_RO_04,2018,tier1_indirect,190.0,-0.03686274509803922,0.6280049745814718,0.75,0.75,False
SH_RO_04,2018,tier1_indirect,200.0,-0.03686274509803922,0.5391980036251814,0.68,0.75,False
SH_RO_04,2018,tier1_indirect,210.0,-0.03686274509803922,0.5686547360084679,0.69,0.75,False
SH_RO_04,2018,tier1_indirect,220.0,-0.12470588235294118,0.6643698031638375,0.61,1.0,True
