transaction_id,year,origin_gta_property_id,destination_type,destination_id,purpose,heads
TX00000001,2013,GTA_RO_0001,slaughterhouse,SH_RO_01,slaughter,219
TX00000002,2013,GTA_RO_0001,slaughterhouse,SH_RO_02,slaughter,31
TX00000003,2013,GTA_RO_0001,property,GTA_RO_0005,fattening,105
TX00000004,2013,GTA_RO_0001,property,GTA_RO_0005,other,10
TX00000005,2013,GTA_RO_0002,slaughterhouse,SH_RO_02,slaughter,221
TX00000006,2013,GTA_RO_0002,property,GTA_RO_0006,breeding,118
TX00000007,2013,GTA_RO_0003,property,GTA_RO_0007,other,88
TX00000008,2013,GTA_RO_0004,slaughterhouse,SH_RO_03,slaughter,190
TX00000009,2013,GTA_RO_0004,property,GTA_RO_0012,fattening,63
TX00000010,2013,GTA_RO_0005,slaughterhouse,SH_RO_02,slaughter,174
TX00000011,2013,GTA_RO_0005,slaughterhouse,SH_RO_01,slaughter,47
TX00000012,2013,GTA_RO_0005,property,GTA_RO_0009,breeding,61
TX00000013,2013,GTA_RO_0006,slaughterhouse,SH_RO_01,slaughter,208
TX00000014,2013,GTA_RO_0006,property,GTA_RO_0010,other,62
TX00000015,2013,GTA_RO_0007,slaughterhouse,SH_RO_02,slaughter,146
TX00000016,2013,GTA_RO_0007,slaughterhouse,SH_RO_03,slaughter,28
TX00000017,2013,GTA_RO_0007,property,GTA_RO_0011,fattening,86
TX00000018,2013,GTA_RO_0008,property,GTA_RO_0012,breeding,108
TX00000019,2013,GTA_RO_0009,slaughterhouse,SH_RO_02,slaughter,236
TX00000020,2013,GTA_RO_0009,slaughterhouse,SH_RO_01,slaughter,46
TX00000021,2013,GTA_RO_0009,property,GTA_RO_0017,other,82
TX00000022,2013,GTA_RO_0010,slaughterhouse,SH_RO_02,slaughter,179
TX00000023,2013,GTA_RO_0010,property,GTA_RO_0014,fattening,81
TX00000024,2013,GTA_RO_0011,slaughterhouse,SH_RO_04,slaughter,245
TX00000025,2013,GTA_RO_0011,slaughterhouse,SH_RO_03,slaughter,38
TX00000026,2013,GTA_RO_0011,property,GTA_RO_0015,breeding,49
TX00000027,2013,GTA_RO_0012,slaughterhouse,SH_RO_04,slaughter,243
TX00000028,2013,GTA_RO_0012,property,GTA_RO_0016,other,103
TX00000029,2013,GTA_RO_0012,property,GTA_RO_0016,other,9
TX00000030,2013,GTA_RO_0013,property,GTA_RO_0017,fattening,103
TX00000031,2013,GTA_RO_0014,slaughterhouse,SH_RO_02,slaughter,172
TX00000032,2013,GTA_RO_0014,property,GTA_RO_0022,breeding,60
TX00000033,2013,GTA_RO_0015,slaughterhouse,SH_RO_04,slaughter,254
TX00000034,2013,GTA_RO_0015,slaughterhouse,SH_RO_03,slaughter,43
TX00000035,2013,GTA_RO_0015,property,GTA_RO_0019,other,23
TX00000036,2013,GTA_RO_0016,slaughterhouse,SH_RO_04,slaughter,158
TX00000037,2013,GTA_RO_0016,property,GTA_RO_0020,fattening,118
TX00000038,2013,GTA_RO_0017,slaughterhouse,SH_RO_02,slaughter,141
TX00000039,2013,GTA_RO_0017,slaughterhouse,SH_RO_03,slaughter,57
TX00000040,2013,GTA_RO_0017,property,GTA_RO_0021,breeding,97
TX00000041,2013,GTA_RO_0018,property,GTA_RO_0022,other,104
TX00000042,2013,GTA_RO_0019,slaughterhouse,SH_RO_03,slaughter,200
TX00000043,2013,GTA_RO_0019,slaughterhouse,SH_RO_04,slaughter,23
TX00000044,2013,GTA_RO_0019,property,GTA_RO_0027,fattening,56
TX00000045,2013,GTA_RO_0020,slaughterhouse,SH_RO_04,slaughter,231
TX00000046,2013,GTA_RO_0020,property,GTA_RO_0024,breeding,119
TX00000047,2013,GTA_RO_0021,slaughterhouse,SH_RO_01,slaughter,206
TX00000048,2013,GTA_RO_0021,slaughterhouse,SH_RO_02,slaughter,57
TX00000049,2013,GTA_RO_0021,property,GTA_RO_0025,other,25
TX00000050,2013,GTA_RO_0022,slaughterhouse,SH_RO_02,slaughter,241
TX00000051,2013,GTA_RO_0022,property,GTA_RO_0026,fattening,112
TX00000052,2013,GTA_RO_0023,property,GTA_RO_0027,breeding,101
TX00000053,2013,GTA_RO_0023,property,GTA_RO_0027,other,1
TX00000054,2013,GTA_RO_0024,slaughterhouse,SH_RO_03,slaughter,179
TX00000055,2013,GTA_RO_0024,property,GTA_RO_0032,other,54
TX00000056,2013,GTA_RO_0025,slaughterhouse,SH_RO_01,slaughter,164
TX00000057,2013,GTA_RO_0025,slaughterhouse,SH_RO_02,slaughter,16
TX00000058,2013,GTA_RO_0025,property,GTA_RO_0029,fattening,117
TX00000059,2013,GTA_RO_0026,slaughterhouse,SH_RO_02,slaughter,243
TX00000060,2013,GTA_RO_0026,property,GTA_RO_0030,breeding,25
TX00000061,2013,GTA_RO_0027,slaughterhouse,SH_RO_03,slaughter,225
TX00000062,2013,GTA_RO_0027,slaughterhouse,SH_RO_04,slaughter,29
TX00000063,2013,GTA_RO_0027,property,GTA_RO_0031,other,121
TX00000064,2013,GTA_RO_0028,property,GTA_RO_0032,fattening,69
TX00000065,2013,GTA_RO_0029,slaughterhouse,SH_RO_01,slaughter,236
TX00000066,2013,GTA_RO_0029,slaughterhouse,SH_RO_02,slaughter,21
TX00000067,2013,GTA_RO_0029,property,GTA_RO_0037,breeding,102
TX00000068,2013,GTA_RO_0030,slaughterhouse,SH_RO_02,slaughter,228
TX00000069,2013,GTA_RO_0030,property,GTA_RO_0034,other,69
TX00000070,2013,GTA_RO_0031,slaughterhouse,SH_RO_03,slaughter,248
TX00000071,2013,GTA_RO_0031,slaughterhouse,SH_RO_04,slaughter,42
TX00000072,2013,GTA_RO_0031,property,GTA_RO_0035,fattening,103
TX00000073,2013,GTA_RO_0032,slaughterhouse,SH_RO_03,slaughter,146
TX00000074,2013,GTA_RO_0032,property,GTA_RO_0036,breeding,35
TX00000075,2013,GTA_RO_0033,property,GTA_RO_0037,other,47
TX00000076,2013,GTA_RO_0034,slaughterhouse,SH_RO_04,slaughter,212
TX00000077,2013,GTA_RO_0034,property,GTA_RO_0042,fattening,82
TX00000078,2013,GTA_RO_0034,property,GTA_RO_0042,other,12
TX00000079,2013,GTA_RO_0035,slaughterhouse,SH_RO_03,slaughter,179
TX00000080,2013,GTA_RO_0035,slaughterhouse,SH_RO_04,slaughter,40
TX00000081,2013,GTA_RO_0035,property,GTA_RO_0039,breeding,39
TX00000082,2013,GTA_RO_0036,slaughterhouse,SH_RO_04,slaughter,193
TX00000083,2013,GTA_RO_0036,property,GTA_RO_0040,other,121
TX00000084,2013,GTA_RO_0037,slaughterhouse,SH_RO_01,slaughter,228
TX00000085,2013,GTA_RO_0037,slaughterhouse,SH_RO_02,slaughter,21
TX00000086,2013,GTA_RO_0037,property,GTA_RO_0041,fattening,42
TX00000087,2013,GTA_RO_0038,property,GTA_RO_0042,breeding,32
TX00000088,2013,GTA_RO_0039,slaughterhouse,SH_RO_03,slaughter,192
TX00000089,2013,GTA_RO_0039,slaughterhouse,SH_RO_04,slaughter,57
TX00000090,2013,GTA_RO_0039,property,GTA_RO_0047,other,109
TX00000091,2013,GTA_RO_0040,slaughterhouse,SH_RO_04,slaughter,243
TX00000092,2013,GTA_RO_0040,property,GTA_RO_0044,fattening,34
TX00000093,2013,GTA_RO_0041,slaughterhouse,SH_RO_01,slaughter,147
TX00000094,2013,GTA_RO_0041,slaughterhouse,SH_RO_02,slaughter,28
TX00000095,2013,GTA_RO_0041,property,GTA_RO_0045,breeding,64
TX00000096,2013,GTA_RO_0042,slaughterhouse,SH_RO_02,slaughter,234
TX00000097,2013,GTA_RO_0042,property,GTA_RO_0046,other,121
TX00000098,2013,GTA_RO_0043,property,GTA_RO_0047,fattening,49
TX00000099,2013,GTA_RO_0044,slaughterhouse,SH_RO_03,slaughter,251
TX00000100,2013,GTA_RO_0044,property,GTA_RO_0052,breeding,75
TX00000101,2013,GTA_RO_0045,slaughterhouse,SH_RO_02,slaughter,212
TX00000102,2013,GTA_RO_0045,slaughterhouse,SH_RO_01,slaughter,28
TX00000103,2013,GTA_RO_0045,property,GTA_RO_0049,other,91
TX00000104,2013,GTA_RO_0045,property,GTA_RO_0049,other,1
TX00000105,2013,GTA_RO_0046,slaughterhouse,SH_RO_01,slaughter,161
TX00000106,2013,GTA_RO_0046,property,GTA_RO_0050,fattening,63
TX00000107,2013,GTA_RO_0047,slaughterhouse,SH_RO_02,slaughter,150
TX00000108,2013,GTA_RO_0047,slaughterhouse,SH_RO_01,slaughter,21
TX00000109,2013,GTA_RO_0047,property,GTA_RO_0051,breeding,67
TX00000110,2013,GTA_RO_0048,property,GTA_RO_0052,other,116
TX00000111,2013,GTA_RO_0049,slaughterhouse,SH_RO_02,slaughter,64
TX00000112,2013,GTA_RO_0049,slaughterhouse,SH_RO_01,slaughter,29
TX00000113,2013,GTA_RO_0049,property,GTA_RO_0057,fattening,22
TX00000114,2013,GTA_RO_0050,slaughterhouse,SH_RO_02,slaughter,183
TX00000115,2013,GTA_RO_0050,property,GTA_RO_0054,breeding,23
TX00000116,2013,GTA_RO_0051,slaughterhouse,SH_RO_03,slaughter,196
TX00000117,2013,GTA_RO_0051,slaughterhouse,SH_RO_04,slaughter,40
TX00000118,2013,GTA_RO_0051,property,GTA_RO_0055,other,71
TX00000119,2013,GTA_RO_0052,slaughterhouse,SH_RO_04,slaughter,249
TX00000120,2013,GTA_RO_0052,property,GTA_RO_0056,fattening,120
TX00000121,2013,GTA_RO_0053,property,GTA_RO_0057,breeding,90
TX00000122,2013,GTA_RO_0054,slaughterhouse,SH_RO_02,slaughter,271
TX00000123,2013,GTA_RO_0054,property,GTA_RO_0062,other,110
TX00000124,2013,GTA_RO_0055,slaughterhouse,SH_RO_03,slaughter,273
TX00000125,2013,GTA_RO_0055,slaughterhouse,SH_RO_04,slaughter,18
TX00000126,2013,GTA_RO_0055,property,GTA_RO_0059,fattening,95
TX00000127,2013,GTA_RO_0056,slaughterhouse,SH_RO_04,slaughter,134
TX00000128,2013,GTA_RO_0056,property,GTA_RO_0060,breeding,62
TX00000129,2013,GTA_RO_0056,property,GTA_RO_0060,other,6
TX00000130,2013,GTA_RO_0057,slaughterhouse,SH_RO_02,slaughter,244
TX00000131,2013,GTA_RO_0057,slaughterhouse,SH_RO_01,slaughter,25
TX00000132,2013,GTA_RO_0057,property,GTA_RO_0061,other,60
TX00000133,2013,GTA_RO_0058,property,GTA_RO_0062,fattening,62
TX00000134,2013,GTA_RO_0059,slaughterhouse,SH_RO_04,slaughter,169
TX00000135,2013,GTA_RO_0059,slaughterhouse,SH_RO_03,slaughter,20
TX00000136,2013,GTA_RO_0059,property,GTA_RO_0067,breeding,116
TX00000137,2013,GTA_RO_0060,slaughterhouse,SH_RO_03,slaughter,179
TX00000138,2013,GTA_RO_0060,property,GTA_RO_0064,other,108
TX00000139,2013,GTA_RO_0061,slaughterhouse,SH_RO_01,slaughter,208
TX00000140,2013,GTA_RO_0061,slaughterhouse,SH_RO_02,slaughter,26
TX00000141,2013,GTA_RO_0061,property,GTA_RO_0065,fattening,36
TX00000142,2013,GTA_RO_0062,slaughterhouse,SH_RO_02,slaughter,178
TX00000143,2013,GTA_RO_0062,property,GTA_RO_0066,breeding,88
TX00000144,2013,GTA_RO_0063,property,GTA_RO_0067,other,75
TX00000145,2013,GTA_RO_0064,slaughterhouse,SH_RO_04,slaughter,154
TX00000146,2013,GTA_RO_0064,property,GTA_RO_0072,fattening,33
TX00000147,2013,GTA_RO_0065,slaughterhouse,SH_RO_02,slaughter,193
TX00000148,2013,GTA_RO_0065,slaughterhouse,SH_RO_01,slaughter,35
TX00000149,2013,GTA_RO_0065,property,GTA_RO_0069,breeding,108
TX00000150,2013,GTA_RO_0066,slaughterhouse,SH_RO_02,slaughter,240
TX00000151,2013,GTA_RO_0066,property,GTA_RO_0070,other,57
TX00000152,2013,GTA_RO_0067,slaughterhouse,SH_RO_04,slaughter,197
TX00000153,2013,GTA_RO_0067,slaughterhouse,SH_RO_03,slaughter,34
TX00000154,2013,GTA_RO_0067,property,GTA_RO_0071,fattening,67
TX00000155,2013,GTA_RO_0067,property,GTA_RO_0071,other,5
TX00000156,2013,GTA_RO_0068,property,GTA_RO_0072,breeding,24
TX00000157,2013,GTA_RO_0069,slaughterhouse,SH_RO_01,slaughter,211
TX00000158,2013,GTA_RO_0069,slaughterhouse,SH_RO_02,slaughter,39
TX00000159,2013,GTA_RO_0069,property,GTA_RO_0001,other,42
TX00000160,2013,GTA_RO_0070,slaughterhouse,SH_RO_02,slaughter,149
TX00000161,2013,GTA_RO_0070,property,GTA_RO_0002,fattening,45
TX00000162,2013,GTA_RO_0071,slaughterhouse,SH_RO_04,slaughter,200
TX00000163,2013,GTA_RO_0071,slaughterhouse,SH_RO_03,slaughter,50
TX00000164,2013,GTA_RO_0071,property,GTA_RO_0007,breeding,105
TX00000165,2013,GTA_RO_0072,slaughterhouse,SH_RO_04,slaughter,203
TX00000166,2013,GTA_RO_0072,property,GTA_RO_0004,other,56
TX00000167,2013,GTA_MT_0001,slaughterhouse,SH_MT_01,slaughter,243
TX00000168,2013,GTA_MT_0001,slaughterhouse,SH_MT_02,slaughter,51
TX00000169,2013,GTA_MT_0001,property,GTA_MT_0005,fattening,22
TX00000170,2013,GTA_MT_0001,property,GTA_MT_0005,other,14
TX00000171,2013,GTA_MT_0002,slaughterhouse,SH_MT_02,slaughter,216
TX00000172,2013,GTA_MT_0002,property,GTA_MT_0006,breeding,73
TX00000173,2013,GTA_MT_0003,property,GTA_MT_0007,other,70
TX00000174,2013,GTA_MT_0004,slaughterhouse,SH_MT_03,slaughter,251
TX00000175,2013,GTA_MT_0004,property,GTA_MT_0012,fattening,85
TX00000176,2013,GTA_MT_0005,slaughterhouse,SH_MT_01,slaughter,181
TX00000177,2013,GTA_MT_0005,slaughterhouse,SH_MT_02,slaughter,20
TX00000178,2013,GTA_MT_0005,property,GTA_MT_0009,breeding,53
TX00000179,2013,GTA_MT_0006,slaughterhouse,SH_MT_02,slaughter,223
TX00000180,2013,GTA_MT_0006,property,GTA_MT_0010,other,57
TX00000181,2013,GTA_MT_0007,slaughterhouse,SH_MT_03,slaughter,200
TX00000182,2013,GTA_MT_0007,slaughterhouse,SH_MT_04,slaughter,52
TX00000183,2013,GTA_MT_0007,property,GTA_MT_0011,fattening,40
TX00000184,2013,GTA_MT_0008,property,GTA_MT_0012,breeding,89
TX00000185,2013,GTA_MT_0009,slaughterhouse,SH_MT_01,slaughter,157
TX00000186,2013,GTA_MT_0009,slaughterhouse,SH_MT_02,slaughter,44
TX00000187,2013,GTA_MT_0009,property,GTA_MT_0017,other,27
TX00000188,2013,GTA_MT_0010,slaughterhouse,SH_MT_02,slaughter,148
TX00000189,2013,GTA_MT_0010,property,GTA_MT_0014,fattening,79
TX00000190,2013,GTA_MT_0011,slaughterhouse,SH_MT_03,slaughter,144
TX00000191,2013,GTA_MT_0011,slaughterhouse,SH_MT_04,slaughter,57
TX00000192,2013,GTA_MT_0011,property,GTA_MT_0015,breeding,115
TX00000193,2013,GTA_MT_0012,slaughterhouse,SH_MT_04,slaughter,153
TX00000194,2013,GTA_MT_0012,property,GTA_MT_0016,other,95
TX00000195,2013,GTA_MT_0012,property,GTA_MT_0016,other,12
TX00000196,2013,GTA_MT_0013,property,GTA_MT_0017,fattening,53
TX00000197,2013,GTA_MT_0014,slaughterhouse,SH_MT_02,slaughter,152
TX00000198,2013,GTA_MT_0014,property,GTA_MT_0022,breeding,49
TX00000199,2013,GTA_MT_0015,slaughterhouse,SH_MT_03,slaughter,178
TX00000200,2013,GTA_MT_0015,slaughterhouse,SH_MT_04,slaughter,42
TX00000201,2013,GTA_MT_0015,property,GTA_MT_0019,other,56
TX00000202,2013,GTA_MT_0016,slaughterhouse,SH_MT_04,slaughter,209
TX00000203,2013,GTA_MT_0016,property,GTA_MT_0020,fattening,118
TX00000204,2013,GTA_MT_0017,slaughterhouse,SH_MT_02,slaughter,231
TX00000205,2013,GTA_MT_0017,slaughterhouse,SH_MT_01,slaughter,57
TX00000206,2013,GTA_MT_0017,property,GTA_MT_0021,breeding,73
TX00000207,2013,GTA_MT_0018,property,GTA_MT_0022,other,84
TX00000208,2013,GTA_MT_0019,slaughterhouse,SH_MT_03,slaughter,199
TX00000209,2013,GTA_MT_0019,slaughterhouse,SH_MT_04,slaughter,22
TX00000210,2013,GTA_MT_0019,property,GTA_MT_0027,fattening,89
TX00000211,2013,GTA_MT_0020,slaughterhouse,SH_MT_04,slaughter,199
TX00000212,2013,GTA_MT_0020,property,GTA_MT_0024,breeding,108
TX00000213,2013,GTA_MT_0021,slaughterhouse,SH_MT_01,slaughter,212
TX00000214,2013,GTA_MT_0021,slaughterhouse,SH_MT_02,slaughter,58
TX00000215,2013,GTA_MT_0021,property,GTA_MT_0025,other,55
TX00000216,2013,GTA_MT_0022,slaughterhouse,SH_MT_01,slaughter,233
TX00000217,2013,GTA_MT_0022,property,GTA_MT_0026,fattening,94
TX00000218,2013,GTA_MT_0023,property,GTA_MT_0027,breeding,118
TX00000219,2013,GTA_MT_0023,property,GTA_MT_0027,other,11
TX00000220,2013,GTA_MT_0024,slaughterhouse,SH_MT_04,slaughter,198
TX00000221,2013,GTA_MT_0024,property,GTA_MT_0032,other,72
TX00000222,2013,GTA_MT_0025,slaughterhouse,SH_MT_01,slaughter,180
TX00000223,2013,GTA_MT_0025,slaughterhouse,SH_MT_02,slaughter,55
TX00000224,2013,GTA_MT_0025,property,GTA_MT_0029,fattening,38
TX00000225,2013,GTA_MT_0026,slaughterhouse,SH_MT_02,slaughter,148
TX00000226,2013,GTA_MT_0026,property,GTA_MT_0030,breeding,60
TX00000227,2013,GTA_MT_0027,slaughterhouse,SH_MT_04,slaughter,222
TX00000228,2013,GTA_MT_0027,slaughterhouse,SH_MT_03,slaughter,52
TX00000229,2013,GTA_MT_0027,property,GTA_MT_0031,other,46
TX00000230,2013,GTA_MT_0028,property,GTA_MT_0032,fattening,114
TX00000231,2013,GTA_MT_0029,slaughterhouse,SH_MT_01,slaughter,154
TX00000232,2013,GTA_MT_0029,slaughterhouse,SH_MT_02,slaughter,57
TX00000233,2013,GTA_MT_0029,property,GTA_MT_0037,breeding,96
TX00000234,2013,GTA_MT_0030,slaughterhouse,SH_MT_02,slaughter,177
TX00000235,2013,GTA_MT_0030,property,GTA_MT_0034,other,45
TX00000236,2013,GTA_MT_0031,slaughterhouse,SH_MT_03,slaughter,208
TX00000237,2013,GTA_MT_0031,slaughterhouse,SH_MT_04,slaughter,29
TX00000238,2013,GTA_MT_0031,property,GTA_MT_0035,fattening,114
TX00000239,2013,GTA_MT_0032,slaughterhouse,SH_MT_04,slaughter,194
TX00000240,2013,GTA_MT_0032,property,GTA_MT_0036,breeding,69
TX00000241,2013,GTA_MT_0033,property,GTA_MT_0037,other,39
TX00000242,2013,GTA_MT_0034,slaughterhouse,SH_MT_02,slaughter,114
TX00000243,2013,GTA_MT_0034,property,GTA_MT_0042,fattening,68
TX00000244,2013,GTA_MT_0034,property,GTA_MT_0042,other,8
TX00000245,2013,GTA_MT_0035,slaughterhouse,SH_MT_03,slaughter,174
TX00000246,2013,GTA_MT_0035,slaughterhouse,SH_MT_04,slaughter,25
TX00000247,2013,GTA_MT_0035,property,GTA_MT_0039,breeding,81
TX00000248,2013,GTA_MT_0036,slaughterhouse,SH_MT_04,slaughter,217
TX00000249,2013,GTA_MT_0036,property,GTA_MT_0040,other,28
TX00000250,2013,GTA_MT_0037,slaughterhouse,SH_MT_01,slaughter,185
TX00000251,2013,GTA_MT_0037,slaughterhouse,SH_MT_02,slaughter,38
TX00000252,2013,GTA_MT_0037,property,GTA_MT_0041,fattening,121
TX00000253,2013,GTA_MT_0038,property,GTA_MT_0042,breeding,70
TX00000254,2013,GTA_MT_0039,slaughterhouse,SH_MT_03,slaughter,181
TX00000255,2013,GTA_MT_0039,slaughterhouse,SH_MT_04,slaughter,57
TX00000256,2013,GTA_MT_0039,property,GTA_MT_0047,other,42
TX00000257,2013,GTA_MT_0040,slaughterhouse,SH_MT_04,slaughter,213
TX00000258,2013,GTA_MT_0040,property,GTA_MT_0044,fattening,68
TX00000259,2013,GTA_MT_0041,slaughterhouse,SH_MT_01,slaughter,169
TX00000260,2013,GTA_MT_0041,slaughterhouse,SH_MT_02,slaughter,55
TX00000261,2013,GTA_MT_0041,property,GTA_MT_0045,breeding,113
TX00000262,2013,GTA_MT_0042,slaughterhouse,SH_MT_02,slaughter,182
TX00000263,2013,GTA_MT_0042,property,GTA_MT_0046,other,30
TX00000264,2013,GTA_MT_0043,property,GTA_MT_0047,fattening,39
TX00000265,2013,GTA_MT_0044,slaughterhouse,SH_MT_03,slaughter,178
TX00000266,2013,GTA_MT_0044,property,GTA_MT_0052,breeding,115
TX00000267,2013,GTA_MT_0045,slaughterhouse,SH_MT_01,slaughter,164
TX00000268,2013,GTA_MT_0045,slaughterhouse,SH_MT_02,slaughter,34
TX00000269,2013,GTA_MT_0045,property,GTA_MT_0049,other,53
TX00000270,2013,GTA_MT_0045,property,GTA_MT_0049,other,8
TX00000271,2013,GTA_MT_0046,slaughterhouse,SH_MT_02,slaughter,200
TX00000272,2013,GTA_MT_0046,property,GTA_MT_0050,fattening,44
TX00000273,2013,GTA_MT_0047,slaughterhouse,SH_MT_03,slaughter,158
TX00000274,2013,GTA_MT_0047,slaughterhouse,SH_MT_04,slaughter,23
TX00000275,2013,GTA_MT_0047,property,GTA_MT_0051,breeding,60
TX00000276,2013,GTA_MT_0048,property,GTA_MT_0052,other,24
TX00000277,2013,GTA_MT_0049,slaughterhouse,SH_MT_02,slaughter,193
TX00000278,2013,GTA_MT_0049,slaughterhouse,SH_MT_01,slaughter,25
TX00000279,2013,GTA_MT_0049,property,GTA_MT_0057,fattening,68
TX00000280,2013,GTA_MT_0050,slaughterhouse,SH_MT_02,slaughter,232
TX00000281,2013,GTA_MT_0050,property,GTA_MT_0054,breeding,85
TX00000282,2013,GTA_MT_0051,slaughterhouse,SH_MT_03,slaughter,196
TX00000283,2013,GTA_MT_0051,slaughterhouse,SH_MT_04,slaughter,41
TX00000284,2013,GTA_MT_0051,property,GTA_MT_0055,other,102
TX00000285,2013,GTA_MT_0052,slaughterhouse,SH_MT_04,slaughter,202
TX00000286,2013,GTA_MT_0052,property,GTA_MT_0056,fattening,60
TX00000287,2013,GTA_MT_0053,property,GTA_MT_0057,breeding,88
TX00000288,2013,GTA_MT_0054,slaughterhouse,SH_MT_02,slaughter,221
TX00000289,2013,GTA_MT_0054,property,GTA_MT_0062,other,76
TX00000290,2013,GTA_MT_0055,slaughterhouse,SH_MT_03,slaughter,146
TX00000291,2013,GTA_MT_0055,slaughterhouse,SH_MT_04,slaughter,46
TX00000292,2013,GTA_MT_0055,property,GTA_MT_0059,fattening,105
TX00000293,2013,GTA_MT_0056,slaughterhouse,SH_MT_03,slaughter,203
TX00000294,2013,GTA_MT_0056,property,GTA_MT_0060,breeding,65
TX00000295,2013,GTA_MT_0056,property,GTA_MT_0060,other,2
TX00000296,2013,GTA_MT_0057,slaughterhouse,SH_MT_01,slaughter,164
TX00000297,2013,GTA_MT_0057,slaughterhouse,SH_MT_02,slaughter,22
TX00000298,2013,GTA_MT_0057,property,GTA_MT_0061,other,115
TX00000299,2013,GTA_MT_0058,property,GTA_MT_0062,fattening,72
TX00000300,2013,GTA_MT_0059,slaughterhouse,SH_MT_03,slaughter,177
TX00000301,2013,GTA_MT_0059,slaughterhouse,SH_MT_04,slaughter,32
TX00000302,2013,GTA_MT_0059,property,GTA_MT_0067,breeding,68
TX00000303,2013,GTA_MT_0060,slaughterhouse,SH_MT_04,slaughter,180
TX00000304,2013,GTA_MT_0060,property,GTA_MT_0064,other,78
TX00000305,2013,GTA_MT_0061,slaughterhouse,SH_MT_01,slaughter,211
TX00000306,2013,GTA_MT_0061,slaughterhouse,SH_MT_02,slaughter,43
TX00000307,2013,GTA_MT_0061,property,GTA_MT_0065,fattening,92
TX00000308,2013,GTA_MT_0062,slaughterhouse,SH_MT_02,slaughter,114
TX00000309,2013,GTA_MT_0062,property,GTA_MT_0066,breeding,35
TX00000310,2013,GTA_MT_0063,property,GTA_MT_0067,other,116
TX00000311,2013,GTA_MT_0064,slaughterhouse,SH_MT_04,slaughter,147
TX00000312,2013,GTA_MT_0064,property,GTA_MT_0072,fattening,88
TX00000313,2013,GTA_MT_0065,slaughterhouse,SH_MT_01,slaughter,157
TX00000314,2013,GTA_MT_0065,slaughterhouse,SH_MT_02,slaughter,49
TX00000315,2013,GTA_MT_0065,property,GTA_MT_0069,breeding,46
TX00000316,2013,GTA_MT_0066,slaughterhouse,SH_MT_01,slaughter,254
TX00000317,2013,GTA_MT_0066,property,GTA_MT_0070,other,58
TX00000318,2013,GTA_MT_0067,slaughterhouse,SH_MT_03,slaughter,211
TX00000319,2013,GTA_MT_0067,slaughterhouse,SH_MT_04,slaughter,30
TX00000320,2013,GTA_MT_0067,property,GTA_MT_0071,fattening,62
TX00000321,2013,GTA_MT_0067,property,GTA_MT_0071,other,6
TX00000322,2013,GTA_MT_0068,property,GTA_MT_0072,breeding,39
TX00000323,2013,GTA_MT_0069,slaughterhouse,SH_MT_01,slaughter,237
TX00000324,2013,GTA_MT_0069,slaughterhouse,SH_MT_02,slaughter,19
TX00000325,2013,GTA_MT_0069,property,GTA_MT_0001,other,57
TX00000326,2013,GTA_MT_0070,slaughterhouse,SH_MT_01,slaughter,229
TX00000327,2013,GTA_MT_0070,property,GTA_MT_0002,fattening,111
TX00000328,2013,GTA_MT_0071,slaughterhouse,SH_MT_03,slaughter,213
TX00000329,2013,GTA_MT_0071,slaughterhouse,SH_MT_04,slaughter,52
TX00000330,2013,GTA_MT_0071,property,GTA_MT_0007,breeding,100
TX00000331,2013,GTA_MT_0072,slaughterhouse,SH_MT_04,slaughter,209
TX00000332,2013,GTA_MT_0072,property,GTA_MT_0004,other,20
TX00000333,2013,GTA_PA_0001,slaughterhouse,SH_PA_01,slaughter,166
TX00000334,2013,GTA_PA_0001,slaughterhouse,SH_PA_02,slaughter,50
TX00000335,2013,GTA_PA_0001,property,GTA_PA_0005,fattening,49
TX00000336,2013,GTA_PA_0001,property,GTA_PA_0005,other,3
TX00000337,2013,GTA_PA_0002,slaughterhouse,SH_PA_02,slaughter,196
TX00000338,2013,GTA_PA_0002,property,GTA_PA_0006,breeding,46
TX00000339,2013,GTA_PA_0003,property,GTA_PA_0007,other,42
TX00000340,2013,GTA_PA_0004,slaughterhouse,SH_PA_04,slaughter,201
TX00000341,2013,GTA_PA_0004,property,GTA_PA_0012,fattening,76
TX00000342,2013,GTA_PA_0005,slaughterhouse,SH_PA_01,slaughter,202
TX00000343,2013,GTA_PA_0005,slaughterhouse,SH_PA_02,slaughter,29
TX00000344,2013,GTA_PA_0005,property,GTA_PA_0009,breeding,111
TX00000345,2013,GTA_PA_0006,slaughterhouse,SH_PA_02,slaughter,168
TX00000346,2013,GTA_PA_0006,property,GTA_PA_0010,other,47
TX00000347,2013,GTA_PA_0007,slaughterhouse,SH_PA_03,slaughter,243
TX00000348,2013,GTA_PA_0007,slaughterhouse,SH_PA_04,slaughter,16
TX00000349,2013,GTA_PA_0007,property,GTA_PA_0011,fattening,29
TX00000350,2013,GTA_PA_0008,property,GTA_PA_0012,breeding,73
TX00000351,2013,GTA_PA_0009,slaughterhouse,SH_PA_01,slaughter,237
TX00000352,2013,GTA_PA_0009,slaughterhouse,SH_PA_02,slaughter,46
TX00000353,2013,GTA_PA_0009,property,GTA_PA_0017,other,98
TX00000354,2013,GTA_PA_0010,slaughterhouse,SH_PA_02,slaughter,179
TX00000355,2013,GTA_PA_0010,property,GTA_PA_0014,fattening,32
TX00000356,2013,GTA_PA_0011,slaughterhouse,SH_PA_03,slaughter,174
TX00000357,2013,GTA_PA_0011,slaughterhouse,SH_PA_04,slaughter,57
TX00000358,2013,GTA_PA_0011,property,GTA_PA_0015,breeding,89
TX00000359,2013,GTA_PA_0012,slaughterhouse,SH_PA_03,slaughter,162
TX00000360,2013,GTA_PA_0012,property,GTA_PA_0016,other,92
TX00000361,2013,GTA_PA_0012,property,GTA_PA_0016,other,7
TX00000362,2013,GTA_PA_0013,property,GTA_PA_0017,fattening,21
TX00000363,2013,GTA_PA_0014,slaughterhouse,SH_PA_02,slaughter,230
TX00000364,2013,GTA_PA_0014,property,GTA_PA_0022,breeding,47
TX00000365,2013,GTA_PA_0015,slaughterhouse,SH_PA_03,slaughter,156
TX00000366,2013,GTA_PA_0015,slaughterhouse,SH_PA_04,slaughter,31
TX00000367,2013,GTA_PA_0015,property,GTA_PA_0019,other,80
TX00000368,2013,GTA_PA_0016,slaughterhouse,SH_PA_04,slaughter,164
TX00000369,2013,GTA_PA_0016,property,GTA_PA_0020,fattening,72
TX00000370,2013,GTA_PA_0017,slaughterhouse,SH_PA_01,slaughter,136
TX00000371,2013,GTA_PA_0017,slaughterhouse,SH_PA_02,slaughter,45
TX00000372,2013,GTA_PA_0017,property,GTA_PA_0021,breeding,20
TX00000373,2013,GTA_PA_0018,property,GTA_PA_0022,other,109
TX00000374,2013,GTA_PA_0019,slaughterhouse,SH_PA_03,slaughter,258
TX00000375,2013,GTA_PA_0019,slaughterhouse,SH_PA_04,slaughter,39
TX00000376,2013,GTA_PA_0019,property,GTA_PA_0027,fattening,45
TX00000377,2013,GTA_PA_0020,slaughterhouse,SH_PA_04,slaughter,240
TX00000378,2013,GTA_PA_0020,property,GTA_PA_0024,breeding,76
TX00000379,2013,GTA_PA_0021,slaughterhouse,SH_PA_02,slaughter,227
TX00000380,2013,GTA_PA_0021,slaughterhouse,SH_PA_01,slaughter,57
TX00000381,2013,GTA_PA_0021,property,GTA_PA_0025,other,123
TX00000382,2013,GTA_PA_0022,slaughterhouse,SH_PA_02,slaughter,180
TX00000383,2013,GTA_PA_0022,property,GTA_PA_0026,fattening,91
TX00000384,2013,GTA_PA_0023,property,GTA_PA_0027,breeding,99
TX00000385,2013,GTA_PA_0023,property,GTA_PA_0027,other,14
TX00000386,2013,GTA_PA_0024,slaughterhouse,SH_PA_03,slaughter,170
TX00000387,2013,GTA_PA_0024,property,GTA_PA_0032,other,43
TX00000388,2013,GTA_PA_0025,slaughterhouse,SH_PA_01,slaughter,233
TX00000389,2013,GTA_PA_0025,slaughterhouse,SH_PA_02,slaughter,17
TX00000390,2013,GTA_PA_0025,property,GTA_PA_0029,fattening,111
TX00000391,2013,GTA_PA_0026,slaughterhouse,SH_PA_02,slaughter,199
TX00000392,2013,GTA_PA_0026,property,GTA_PA_0030,breeding,75
TX00000393,2013,GTA_PA_0027,slaughterhouse,SH_PA_03,slaughter,144
TX00000394,2013,GTA_PA_0027,slaughterhouse,SH_PA_04,slaughter,25
TX00000395,2013,GTA_PA_0027,property,GTA_PA_0031,other,29
TX00000396,2013,GTA_PA_0028,property,GTA_PA_0032,fattening,49
TX00000397,2013,GTA_PA_0029,slaughterhouse,SH_PA_01,slaughter,172
TX00000398,2013,GTA_PA_0029,slaughterhouse,SH_PA_02,slaughter,36
TX00000399,2013,GTA_PA_0029,property,GTA_PA_0037,breeding,114
TX00000400,2013,GTA_PA_0030,slaughterhouse,SH_PA_02,slaughter,194
TX00000401,2013,GTA_PA_0030,property,GTA_PA_0034,other,29
TX00000402,2013,GTA_PA_0031,slaughterhouse,SH_PA_03,slaughter,227
TX00000403,2013,GTA_PA_0031,slaughterhouse,SH_PA_04,slaughter,27
TX00000404,2013,GTA_PA_0031,property,GTA_PA_0035,fattening,21
TX00000405,2013,GTA_PA_0032,slaughterhouse,SH_PA_04,slaughter,200
TX00000406,2013,GTA_PA_0032,property,GTA_PA_0036,breeding,44
TX00000407,2013,GTA_PA_0033,property,GTA_PA_0037,other,41
TX00000408,2013,GTA_PA_0034,slaughterhouse,SH_PA_02,slaughter,285
TX00000409,2013,GTA_PA_0034,property,GTA_PA_0042,fattening,63
TX00000410,2013,GTA_PA_0034,property,GTA_PA_0042,other,8
TX00000411,2013,GTA_PA_0035,slaughterhouse,SH_PA_03,slaughter,207
TX00000412,2013,GTA_PA_0035,slaughterhouse,SH_PA_04,slaughter,38
TX00000413,2013,GTA_PA_0035,property,GTA_PA_0039,breeding,39
TX00000414,2013,GTA_PA_0036,slaughterhouse,SH_PA_04,slaughter,162
TX00000415,2013,GTA_PA_0036,property,GTA_PA_0040,other,52
TX00000416,2013,GTA_PA_0037,slaughterhouse,SH_PA_01,slaughter,167
TX00000417,2013,GTA_PA_0037,slaughterhouse,SH_PA_02,slaughter,45
TX00000418,2013,GTA_PA_0037,property,GTA_PA_0041,fattening,101
TX00000419,2013,GTA_PA_0038,property,GTA_PA_0042,breeding,107
TX00000420,2013,GTA_PA_0039,slaughterhouse,SH_PA_03,slaughter,192
TX00000421,2013,GTA_PA_0039,slaughterhouse,SH_PA_04,slaughter,55
TX00000422,2013,GTA_PA_0039,property,GTA_PA_0047,other,102
TX00000423,2013,GTA_PA_0040,slaughterhouse,SH_PA_04,slaughter,205
TX00000424,2013,GTA_PA_0040,property,GTA_PA_0044,fattening,82
TX00000425,2013,GTA_PA_0041,slaughterhouse,SH_PA_02,slaughter,226
TX00000426,2013,GTA_PA_0041,slaughterhouse,SH_PA_01,slaughter,37
TX00000427,2013,GTA_PA_0041,property,GTA_PA_0045,breeding,98
TX00000428,2013,GTA_PA_0042,slaughterhouse,SH_PA_02,slaughter,177
TX00000429,2013,GTA_PA_0042,property,GTA_PA_0046,other,54
TX00000430,2013,GTA_PA_0043,property,GTA_PA_0047,fattening,43
TX00000431,2013,GTA_PA_0044,slaughterhouse,SH_PA_04,slaughter,224
TX00000432,2013,GTA_PA_0044,property,GTA_PA_0052,breeding,66
TX00000433,2013,GTA_PA_0045,slaughterhouse,SH_PA_01,slaughter,45
TX00000434,2013,GTA_PA_0045,slaughterhouse,SH_PA_02,slaughter,21
TX00000435,2013,GTA_PA_0045,property,GTA_PA_0049,other,85
TX00000436,2013,GTA_PA_0045,property,GTA_PA_0049,other,6
TX00000437,2013,GTA_PA_0046,slaughterhouse,SH_PA_02,slaughter,229
TX00000438,2013,GTA_PA_0046,property,GTA_PA_0050,fattening,120
TX00000439,2013,GTA_PA_0047,slaughterhouse,SH_PA_03,slaughter,192
TX00000440,2013,GTA_PA_0047,slaughterhouse,SH_PA_04,slaughter,57
TX00000441,2013,GTA_PA_0047,property,GTA_PA_0051,breeding,118
TX00000442,2013,GTA_PA_0048,property,GTA_PA_0052,other,69
TX00000443,2013,GTA_PA_0049,slaughterhouse,SH_PA_01,slaughter,220
TX00000444,2013,GTA_PA_0049,slaughterhouse,SH_PA_02,slaughter,59
TX00000445,2013,GTA_PA_0049,property,GTA_PA_0057,fattening,82
TX00000446,2013,GTA_PA_0050,slaughterhouse,SH_PA_02,slaughter,164
TX00000447,2013,GTA_PA_0050,property,GTA_PA_0054,breeding,42
TX00000448,2013,GTA_PA_0051,slaughterhouse,SH_PA_03,slaughter,255
TX00000449,2013,GTA_PA_0051,slaughterhouse,SH_PA_04,slaughter,43
TX00000450,2013,GTA_PA_0051,property,GTA_PA_0055,other,112
TX00000451,2013,GTA_PA_0052,slaughterhouse,SH_PA_04,slaughter,159
TX00000452,2013,GTA_PA_0052,property,GTA_PA_0056,fattening,105
TX00000453,2013,GTA_PA_0053,property,GTA_PA_0057,breeding,105
TX00000454,2013,GTA_PA_0054,slaughterhouse,SH_PA_02,slaughter,113
TX00000455,2013,GTA_PA_0054,property,GTA_PA_0062,other,76
TX00000456,2013,GTA_PA_0055,slaughterhouse,SH_PA_03,slaughter,252
TX00000457,2013,GTA_PA_0055,slaughterhouse,SH_PA_04,slaughter,47
TX00000458,2013,GTA_PA_0055,property,GTA_PA_0059,fattening,18
TX00000459,2013,GTA_PA_0056,slaughterhouse,SH_PA_04,slaughter,155
TX00000460,2013,GTA_PA_0056,property,GTA_PA_0060,breeding,62
TX00000461,2013,GTA_PA_0056,property,GTA_PA_0060,other,1
TX00000462,2013,GTA_PA_0057,slaughterhouse,SH_PA_01,slaughter,189
TX00000463,2013,GTA_PA_0057,slaughterhouse,SH_PA_02,slaughter,23
TX00000464,2013,GTA_PA_0057,property,GTA_PA_0061,other,56
TX00000465,2013,GTA_PA_0058,property,GTA_PA_0062,fattening,84
TX00000466,2013,GTA_PA_0059,slaughterhouse,SH_PA_03,slaughter,217
TX00000467,2013,GTA_PA_0059,slaughterhouse,SH_PA_04,slaughter,53
TX00000468,2013,GTA_PA_0059,property,GTA_PA_0067,breeding,74
TX00000469,2013,GTA_PA_0060,slaughterhouse,SH_PA_04,slaughter,130
TX00000470,2013,GTA_PA_0060,property,GTA_PA_0064,other,60
TX00000471,2013,GTA_PA_0061,slaughterhouse,SH_PA_02,slaughter,173
TX00000472,2013,GTA_PA_0061,slaughterhouse,SH_PA_01,slaughter,28
TX00000473,2013,GTA_PA_0061,property,GTA_PA_0065,fattening,123
TX00000474,2013,GTA_PA_0062,slaughterhouse,SH_PA_02,slaughter,166
TX00000475,2013,GTA_PA_0062,property,GTA_PA_0066,breeding,114
TX00000476,2013,GTA_PA_0063,property,GTA_PA_0067,other,19
TX00000477,2013,GTA_PA_0064,slaughterhouse,SH_PA_04,slaughter,215
TX00000478,2013,GTA_PA_0064,property,GTA_PA_0072,fattening,123
TX00000479,2013,GTA_PA_0065,slaughterhouse,SH_PA_01,slaughter,211
TX00000480,2013,GTA_PA_0065,slaughterhouse,SH_PA_02,slaughter,26
TX00000481,2013,GTA_PA_0065,property,GTA_PA_0069,breeding,76
TX00000482,2013,GTA_PA_0066,slaughterhouse,SH_PA_02,slaughter,223
TX00000483,2013,GTA_PA_0066,property,GTA_PA_0070,other,71
TX00000484,2013,GTA_PA_0067,slaughterhouse,SH_PA_03,slaughter,152
TX00000485,2013,GTA_PA_0067,slaughterhouse,SH_PA_04,slaughter,26
TX00000486,2013,GTA_PA_0067,property,GTA_PA_0071,fattening,25
TX00000487,2013,GTA_PA_0067,property,GTA_PA_0071,other,6
TX00000488,2013,GTA_PA_0068,property,GTA_PA_0072,breeding,29
TX00000489,2013,GTA_PA_0069,slaughterhouse,SH_PA_01,slaughter,275
TX00000490,2013,GTA_PA_0069,slaughterhouse,SH_PA_02,slaughter,40
TX00000491,2013,GTA_PA_0069,property,GTA_PA_0001,other,19
TX00000492,2013,GTA_PA_0070,slaughterhouse,SH_PA_02,slaughter,117
TX00000493,2013,GTA_PA_0070,property,GTA_PA_0002,fattening,47
TX00000494,2013,GTA_PA_0071,slaughterhouse,SH_PA_03,slaughter,196
TX00000495,2013,GTA_PA_0071,slaughterhouse,SH_PA_04,slaughter,44
TX00000496,2013,GTA_PA_0071,property,GTA_PA_0007,breeding,120
TX00000497,2013,GTA_PA_0072,slaughterhouse,SH_PA_04,slaughter,122
TX00000498,2013,GTA_PA_0072,property,GTA_PA_0004,other,52
TX00000499,2014,GTA_RO_0001,slaughterhouse,SH_RO_01,slaughter,207
TX00000500,2014,GTA_RO_0001,slaughterhouse,SH_RO_02,slaughter,55
TX00000501,2014,GTA_RO_0001,property,GTA_RO_0005,fattening,112
TX00000502,2014,GTA_RO_0001,property,GTA_RO_0005,other,10
TX00000503,2014,GTA_RO_0002,property,GTA_RO_0006,breeding,31
TX00000504,2014,GTA_RO_0003,slaughterhouse,SH_RO_03,slaughter,202
TX00000505,2014,GTA_RO_0003,slaughterhouse,SH_RO_02,slaughter,50
TX00000506,2014,GTA_RO_0003,property,GTA_RO_0011,other,29
TX00000507,2014,GTA_RO_0004,slaughterhouse,SH_RO_03,slaughter,202
TX00000508,2014,GTA_RO_0004,property,GTA_RO_0008,fattening,35
TX00000509,2014,GTA_RO_0005,slaughterhouse,SH_RO_02,slaughter,214
TX00000510,2014,GTA_RO_0005,slaughterhouse,SH_RO_01,slaughter,42
TX00000511,2014,GTA_RO_0005,property,GTA_RO_0009,breeding,70
TX00000512,2014,GTA_RO_0006,slaughterhouse,SH_RO_01,slaughter,219
TX00000513,2014,GTA_RO_0006,property,GTA_RO_0010,other,62
TX00000514,2014,GTA_RO_0007,property,GTA_RO_0011,fattening,67
TX00000515,2014,GTA_RO_0008,slaughterhouse,SH_RO_04,slaughter,135
TX00000516,2014,GTA_RO_0008,property,GTA_RO_0016,breeding,21
TX00000517,2014,GTA_RO_0009,slaughterhouse,SH_RO_02,slaughter,184
TX00000518,2014,GTA_RO_0009,slaughterhouse,SH_RO_01,slaughter,59
TX00000519,2014,GTA_RO_0009,property,GTA_RO_0013,other,109
TX00000520,2014,GTA_RO_0010,slaughterhouse,SH_RO_02,slaughter,194
TX00000521,2014,GTA_RO_0010,property,GTA_RO_0014,fattening,113
TX00000522,2014,GTA_RO_0011,slaughterhouse,SH_RO_04,slaughter,211
TX00000523,2014,GTA_RO_0011,slaughterhouse,SH_RO_03,slaughter,52
TX00000524,2014,GTA_RO_0011,property,GTA_RO_0015,breeding,99
TX00000525,2014,GTA_RO_0012,property,GTA_RO_0016,other,57
TX00000526,2014,GTA_RO_0012,property,GTA_RO_0016,other,11
TX00000527,2014,GTA_RO_0013,slaughterhouse,SH_RO_01,slaughter,190
TX00000528,2014,GTA_RO_0013,slaughterhouse,SH_RO_02,slaughter,53
TX00000529,2014,GTA_RO_0013,property,GTA_RO_0021,fattening,28
TX00000530,2014,GTA_RO_0014,slaughterhouse,SH_RO_02,slaughter,237
TX00000531,2014,GTA_RO_0014,property,GTA_RO_0018,breeding,24
TX00000532,2014,GTA_RO_0015,slaughterhouse,SH_RO_04,slaughter,222
TX00000533,2014,GTA_RO_0015,slaughterhouse,SH_RO_03,slaughter,34
TX00000534,2014,GTA_RO_0015,property,GTA_RO_0019,other,82
TX00000535,2014,GTA_RO_0016,slaughterhouse,SH_RO_04,slaughter,194
TX00000536,2014,GTA_RO_0016,property,GTA_RO_0020,fattening,42
TX00000537,2014,GTA_RO_0017,property,GTA_RO_0021,breeding,93
TX00000538,2014,GTA_RO_0018,slaughterhouse,SH_RO_02,slaughter,196
TX00000539,2014,GTA_RO_0018,property,GTA_RO_0026,other,92
TX00000540,2014,GTA_RO_0019,slaughterhouse,SH_RO_03,slaughter,252
TX00000541,2014,GTA_RO_0019,slaughterhouse,SH_RO_04,slaughter,16
TX00000542,2014,GTA_RO_0019,property,GTA_RO_0023,fattening,100
TX00000543,2014,GTA_RO_0020,slaughterhouse,SH_RO_04,slaughter,178
TX00000544,2014,GTA_RO_0020,property,GTA_RO_0024,breeding,31
TX00000545,2014,GTA_RO_0021,slaughterhouse,SH_RO_01,slaughter,211
TX00000546,2014,GTA_RO_0021,slaughterhouse,SH_RO_02,slaughter,22
TX00000547,2014,GTA_RO_0021,property,GTA_RO_0025,other,117
TX00000548,2014,GTA_RO_0022,property,GTA_RO_0026,fattening,106
TX00000549,2014,GTA_RO_0023,slaughterhouse,SH_RO_03,slaughter,185
TX00000550,2014,GTA_RO_0023,slaughterhouse,SH_RO_04,slaughter,22
TX00000551,2014,GTA_RO_0023,property,GTA_RO_0031,breeding,45
TX00000552,2014,GTA_RO_0023,property,GTA_RO_0031,other,3
TX00000553,2014,GTA_RO_0024,slaughterhouse,SH_RO_03,slaughter,235
TX00000554,2014,GTA_RO_0024,property,GTA_RO_0028,other,122
TX00000555,2014,GTA_RO_0025,slaughterhouse,SH_RO_01,slaughter,199
TX00000556,2014,GTA_RO_0025,slaughterhouse,SH_RO_02,slaughter,18
TX00000557,2014,GTA_RO_0025,property,GTA_RO_0029,fattening,31
TX00000558,2014,GTA_RO_0026,slaughterhouse,SH_RO_02,slaughter,253
TX00000559,2014,GTA_RO_0026,property,GTA_RO_0030,breeding,75
TX00000560,2014,GTA_RO_0027,property,GTA_RO_0031,other,100
TX00000561,2014,GTA_RO_0028,slaughterhouse,SH_RO_03,slaughter,198
TX00000562,2014,GTA_RO_0028,property,GTA_RO_0036,fattening,68
TX00000563,2014,GTA_RO_0029,slaughterhouse,SH_RO_01,slaughter,193
TX00000564,2014,GTA_RO_0029,slaughterhouse,SH_RO_02,slaughter,26
TX00000565,2014,GTA_RO_0029,property,GTA_RO_0033,breeding,120
TX00000566,2014,GTA_RO_0030,slaughterhouse,SH_RO_02,slaughter,226
TX00000567,2014,GTA_RO_0030,property,GTA_RO_0034,other,46
TX00000568,2014,GTA_RO_0031,slaughterhouse,SH_RO_03,slaughter,229
TX00000569,2014,GTA_RO_0031,slaughterhouse,SH_RO_04,slaughter,23
TX00000570,2014,GTA_RO_0031,property,GTA_RO_0035,fattening,60
TX00000571,2014,GTA_RO_0032,property,GTA_RO_0036,breeding,29
TX00000572,2014,GTA_RO_0033,slaughterhouse,SH_RO_02,slaughter,212
TX00000573,2014,GTA_RO_0033,slaughterhouse,SH_RO_01,slaughter,48
TX00000574,2014,GTA_RO_0033,property,GTA_RO_0041,other,98
TX00000575,2014,GTA_RO_0034,slaughterhouse,SH_RO_04,slaughter,204
TX00000576,2014,GTA_RO_0034,property,GTA_RO_0038,fattening,115
TX00000577,2014,GTA_RO_0034,property,GTA_RO_0038,other,9
TX00000578,2014,GTA_RO_0035,slaughterhouse,SH_RO_03,slaughter,184
TX00000579,2014,GTA_RO_0035,slaughterhouse,SH_RO_04,slaughter,53
TX00000580,2014,GTA_RO_0035,property,GTA_RO_0039,breeding,27
TX00000581,2014,GTA_RO_0036,slaughterhouse,SH_RO_04,slaughter,214
TX00000582,2014,GTA_RO_0036,property,GTA_RO_0040,other,33
TX00000583,2014,GTA_RO_0037,property,GTA_RO_0041,fattening,28
TX00000584,2014,GTA_RO_0038,slaughterhouse,SH_RO_01,slaughter,242
TX00000585,2014,GTA_RO_0038,property,GTA_RO_0046,breeding,37
TX00000586,2014,GTA_RO_0039,slaughterhouse,SH_RO_03,slaughter,194
TX00000587,2014,GTA_RO_0039,slaughterhouse,SH_RO_04,slaughter,29
TX00000588,2014,GTA_RO_0039,property,GTA_RO_0043,other,48
TX00000589,2014,GTA_RO_0040,slaughterhouse,SH_RO_04,slaughter,250
TX00000590,2014,GTA_RO_0040,property,GTA_RO_0044,fattening,85
TX00000591,2014,GTA_RO_0041,slaughterhouse,SH_RO_01,slaughter,192
TX00000592,2014,GTA_RO_0041,slaughterhouse,SH_RO_02,slaughter,31
TX00000593,2014,GTA_RO_0041,property,GTA_RO_0045,breeding,25
TX00000594,2014,GTA_RO_0042,property,GTA_RO_0046,other,21
TX00000595,2014,GTA_RO_0043,slaughterhouse,SH_RO_03,slaughter,255
TX00000596,2014,GTA_RO_0043,slaughterhouse,SH_RO_04,slaughter,52
TX00000597,2014,GTA_RO_0043,property,GTA_RO_0051,fattening,59
TX00000598,2014,GTA_RO_0044,slaughterhouse,SH_RO_03,slaughter,205
TX00000599,2014,GTA_RO_0044,property,GTA_RO_0048,breeding,48
TX00000600,2014,GTA_RO_0045,slaughterhouse,SH_RO_02,slaughter,197
TX00000601,2014,GTA_RO_0045,slaughterhouse,SH_RO_01,slaughter,46
TX00000602,2014,GTA_RO_0045,property,GTA_RO_0049,other,51
TX00000603,2014,GTA_RO_0045,property,GTA_RO_0049,other,4
TX00000604,2014,GTA_RO_0046,slaughterhouse,SH_RO_01,slaughter,144
TX00000605,2014,GTA_RO_0046,property,GTA_RO_0050,fattening,48
TX00000606,2014,GTA_RO_0047,property,GTA_RO_0051,breeding,114
TX00000607,2014,GTA_RO_0048,slaughterhouse,SH_RO_03,slaughter,234
TX00000608,2014,GTA_RO_0048,property,GTA_RO_0056,other,85
TX00000609,2014,GTA_RO_0049,slaughterhouse,SH_RO_02,slaughter,124
TX00000610,2014,GTA_RO_0049,slaughterhouse,SH_RO_01,slaughter,25
TX00000611,2014,GTA_RO_0049,property,GTA_RO_0053,fattening,115
TX00000612,2014,GTA_RO_0050,slaughterhouse,SH_RO_02,slaughter,178
TX00000613,2014,GTA_RO_0050,property,GTA_RO_0054,breeding,124
TX00000614,2014,GTA_RO_0051,slaughterhouse,SH_RO_03,slaughter,138
TX00000615,2014,GTA_RO_0051,slaughterhouse,SH_RO_04,slaughter,27
TX00000616,2014,GTA_RO_0051,property,GTA_RO_0055,other,103
TX00000617,2014,GTA_RO_0052,property,GTA_RO_0056,fattening,84
TX00000618,2014,GTA_RO_0053,slaughterhouse,SH_RO_02,slaughter,126
TX00000619,2014,GTA_RO_0053,slaughterhouse,SH_RO_03,slaughter,20
TX00000620,2014,GTA_RO_0053,property,GTA_RO_0061,breeding,45
TX00000621,2014,GTA_RO_0054,slaughterhouse,SH_RO_02,slaughter,240
TX00000622,2014,GTA_RO_0054,property,GTA_RO_0058,other,59
TX00000623,2014,GTA_RO_0055,slaughterhouse,SH_RO_03,slaughter,240
TX00000624,2014,GTA_RO_0055,slaughterhouse,SH_RO_04,slaughter,16
TX00000625,2014,GTA_RO_0055,property,GTA_RO_0059,fattening,93
TX00000626,2014,GTA_RO_0056,slaughterhouse,SH_RO_04,slaughter,188
TX00000627,2014,GTA_RO_0056,property,GTA_RO_0060,breeding,66
TX00000628,2014,GTA_RO_0056,property,GTA_RO_0060,other,13
TX00000629,2014,GTA_RO_0057,property,GTA_RO_0061,other,117
TX00000630,2014,GTA_RO_0058,slaughterhouse,SH_RO_01,slaughter,222
TX00000631,2014,GTA_RO_0058,property,GTA_RO_0066,fattening,115
TX00000632,2014,GTA_RO_0059,slaughterhouse,SH_RO_04,slaughter,234
TX00000633,2014,GTA_RO_0059,slaughterhouse,SH_RO_03,slaughter,53
TX00000634,2014,GTA_RO_0059,property,GTA_RO_0063,breeding,20
TX00000635,2014,GTA_RO_0060,slaughterhouse,SH_RO_03,slaughter,173
TX00000636,2014,GTA_RO_0060,property,GTA_RO_0064,other,40
TX00000637,2014,GTA_RO_0061,slaughterhouse,SH_RO_01,slaughter,197
TX00000638,2014,GTA_RO_0061,slaughterhouse,SH_RO_02,slaughter,38
TX00000639,2014,GTA_RO_0061,property,GTA_RO_0065,fattening,26
TX00000640,2014,GTA_RO_0062,property,GTA_RO_0066,breeding,64
TX00000641,2014,GTA_RO_0063,slaughterhouse,SH_RO_03,slaughter,224
TX00000642,2014,GTA_RO_0063,slaughterhouse,SH_RO_04,slaughter,44
TX00000643,2014,GTA_RO_0063,property,GTA_RO_0071,other,115
TX00000644,2014,GTA_RO_0064,slaughterhouse,SH_RO_04,slaughter,162
TX00000645,2014,GTA_RO_0064,property,GTA_RO_0068,fattening,42
TX00000646,2014,GTA_RO_0065,slaughterhouse,SH_RO_02,slaughter,192
TX00000647,2014,GTA_RO_0065,slaughterhouse,SH_RO_01,slaughter,29
TX00000648,2014,GTA_RO_0065,property,GTA_RO_0069,breeding,37
TX00000649,2014,GTA_RO_0066,slaughterhouse,SH_RO_02,slaughter,220
TX00000650,2014,GTA_RO_0066,property,GTA_RO_0070,other,87
TX00000651,2014,GTA_RO_0067,property,GTA_RO_0071,fattening,20
TX00000652,2014,GTA_RO_0067,property,GTA_RO_0071,other,8
TX00000653,2014,GTA_RO_0068,slaughterhouse,SH_RO_04,slaughter,131
TX00000654,2014,GTA_RO_0068,property,GTA_RO_0004,breeding,122
TX00000655,2014,GTA_RO_0069,slaughterhouse,SH_RO_01,slaughter,185
TX00000656,2014,GTA_RO_0069,slaughterhouse,SH_RO_02,slaughter,20
TX00000657,2014,GTA_RO_0069,property,GTA_RO_0001,other,52
TX00000658,2014,GTA_RO_0070,slaughterhouse,SH_RO_02,slaughter,113
TX00000659,2014,GTA_RO_0070,property,GTA_RO_0006,fattening,104
TX00000660,2014,GTA_RO_0071,slaughterhouse,SH_RO_04,slaughter,202
TX00000661,2014,GTA_RO_0071,slaughterhouse,SH_RO_03,slaughter,30
TX00000662,2014,GTA_RO_0071,property,GTA_RO_0003,breeding,113
TX00000663,2014,GTA_RO_0072,property,GTA_RO_0004,other,98
TX00000664,2014,GTA_MT_0001,slaughterhouse,SH_MT_01,slaughter,273
TX00000665,2014,GTA_MT_0001,slaughterhouse,SH_MT_02,slaughter,30
TX00000666,2014,GTA_MT_0001,property,GTA_MT_0005,fattening,105
TX00000667,2014,GTA_MT_0001,property,GTA_MT_0005,other,4
TX00000668,2014,GTA_MT_0002,property,GTA_MT_0006,breeding,109
TX00000669,2014,GTA_MT_0003,slaughterhouse,SH_MT_04,slaughter,199
TX00000670,2014,GTA_MT_0003,slaughterhouse,SH_MT_03,slaughter,21
TX00000671,2014,GTA_MT_0003,property,GTA_MT_0011,other,122
TX00000672,2014,GTA_MT_0004,slaughterhouse,SH_MT_03,slaughter,241
TX00000673,2014,GTA_MT_0004,property,GTA_MT_0008,fattening,121
TX00000674,2014,GTA_MT_0005,slaughterhouse,SH_MT_01,slaughter,172
TX00000675,2014,GTA_MT_0005,slaughterhouse,SH_MT_02,slaughter,58
TX00000676,2014,GTA_MT_0005,property,GTA_MT_0009,breeding,123
TX00000677,2014,GTA_MT_0006,slaughterhouse,SH_MT_02,slaughter,225
TX00000678,2014,GTA_MT_0006,property,GTA_MT_0010,other,99
TX00000679,2014,GTA_MT_0007,property,GTA_MT_0011,fattening,103
TX00000680,2014,GTA_MT_0008,slaughterhouse,SH_MT_04,slaughter,152
TX00000681,2014,GTA_MT_0008,property,GTA_MT_0016,breeding,27
TX00000682,2014,GTA_MT_0009,slaughterhouse,SH_MT_01,slaughter,173
TX00000683,2014,GTA_MT_0009,slaughterhouse,SH_MT_02,slaughter,34
TX00000684,2014,GTA_MT_0009,property,GTA_MT_0013,other,116
TX00000685,2014,GTA_MT_0010,slaughterhouse,SH_MT_02,slaughter,158
TX00000686,2014,GTA_MT_0010,property,GTA_MT_0014,fattening,59
TX00000687,2014,GTA_MT_0011,slaughterhouse,SH_MT_03,slaughter,172
TX00000688,2014,GTA_MT_0011,slaughterhouse,SH_MT_04,slaughter,58
TX00000689,2014,GTA_MT_0011,property,GTA_MT_0015,breeding,106
TX00000690,2014,GTA_MT_0012,property,GTA_MT_0016,other,95
TX00000691,2014,GTA_MT_0012,property,GTA_MT_0016,other,5
TX00000692,2014,GTA_MT_0013,slaughterhouse,SH_MT_01,slaughter,220
TX00000693,2014,GTA_MT_0013,slaughterhouse,SH_MT_02,slaughter,53
TX00000694,2014,GTA_MT_0013,property,GTA_MT_0021,fattening,83
TX00000695,2014,GTA_MT_0014,slaughterhouse,SH_MT_02,slaughter,164
TX00000696,2014,GTA_MT_0014,property,GTA_MT_0018,breeding,21
TX00000697,2014,GTA_MT_0015,slaughterhouse,SH_MT_03,slaughter,130
TX00000698,2014,GTA_MT_0015,slaughterhouse,SH_MT_04,slaughter,38
TX00000699,2014,GTA_MT_0015,property,GTA_MT_0019,other,87
TX00000700,2014,GTA_MT_0016,slaughterhouse,SH_MT_04,slaughter,220
TX00000701,2014,GTA_MT_0016,property,GTA_MT_0020,fattening,64
TX00000702,2014,GTA_MT_0017,property,GTA_MT_0021,breeding,58
TX00000703,2014,GTA_MT_0018,slaughterhouse,SH_MT_02,slaughter,195
TX00000704,2014,GTA_MT_0018,property,GTA_MT_0026,other,108
TX00000705,2014,GTA_MT_0019,slaughterhouse,SH_MT_03,slaughter,198
TX00000706,2014,GTA_MT_0019,slaughterhouse,SH_MT_04,slaughter,38
TX00000707,2014,GTA_MT_0019,property,GTA_MT_0023,fattening,55
TX00000708,2014,GTA_MT_0020,slaughterhouse,SH_MT_04,slaughter,213
TX00000709,2014,GTA_MT_0020,property,GTA_MT_0024,breeding,117
TX00000710,2014,GTA_MT_0021,slaughterhouse,SH_MT_01,slaughter,150
TX00000711,2014,GTA_MT_0021,slaughterhouse,SH_MT_02,slaughter,52
TX00000712,2014,GTA_MT_0021,property,GTA_MT_0025,other,78
TX00000713,2014,GTA_MT_0022,property,GTA_MT_0026,fattening,53
TX00000714,2014,GTA_MT_0023,slaughterhouse,SH_MT_04,slaughter,130
TX00000715,2014,GTA_MT_0023,slaughterhouse,SH_MT_03,slaughter,32
TX00000716,2014,GTA_MT_0023,property,GTA_MT_0031,breeding,48
TX00000717,2014,GTA_MT_0023,property,GTA_MT_0031,other,14
TX00000718,2014,GTA_MT_0024,slaughterhouse,SH_MT_04,slaughter,170
TX00000719,2014,GTA_MT_0024,property,GTA_MT_0028,other,36
TX00000720,2014,GTA_MT_0025,slaughterhouse,SH_MT_01,slaughter,215
TX00000721,2014,GTA_MT_0025,slaughterhouse,SH_MT_02,slaughter,29
TX00000722,2014,GTA_MT_0025,property,GTA_MT_0029,fattening,90
TX00000723,2014,GTA_MT_0026,slaughterhouse,SH_MT_02,slaughter,208
TX00000724,2014,GTA_MT_0026,property,GTA_MT_0030,breeding,64
TX00000725,2014,GTA_MT_0027,property,GTA_MT_0031,other,60
TX00000726,2014,GTA_MT_0028,slaughterhouse,SH_MT_03,slaughter,180
TX00000727,2014,GTA_MT_0028,property,GTA_MT_0036,fattening,84
TX00000728,2014,GTA_MT_0029,slaughterhouse,SH_MT_01,slaughter,106
TX00000729,2014,GTA_MT_0029,slaughterhouse,SH_MT_02,slaughter,47
TX00000730,2014,GTA_MT_0029,property,GTA_MT_0033,breeding,25
TX00000731,2014,GTA_MT_0030,slaughterhouse,SH_MT_02,slaughter,181
TX00000732,2014,GTA_MT_0030,property,GTA_MT_0034,other,18
TX00000733,2014,GTA_MT_0031,slaughterhouse,SH_MT_03,slaughter,234
TX00000734,2014,GTA_MT_0031,slaughterhouse,SH_MT_04,slaughter,42
TX00000735,2014,GTA_MT_0031,property,GTA_MT_0035,fattening,56
TX00000736,2014,GTA_MT_0032,property,GTA_MT_0036,breeding,97
TX00000737,2014,GTA_MT_0033,slaughterhouse,SH_MT_01,slaughter,188
TX00000738,2014,GTA_MT_0033,slaughterhouse,SH_MT_02,slaughter,37
TX00000739,2014,GTA_MT_0033,property,GTA_MT_0041,other,109
TX00000740,2014,GTA_MT_0034,slaughterhouse,SH_MT_02,slaughter,125
TX00000741,2014,GTA_MT_0034,property,GTA_MT_0038,fattening,92
TX00000742,2014,GTA_MT_0034,property,GTA_MT_0038,other,5
TX00000743,2014,GTA_MT_0035,slaughterhouse,SH_MT_03,slaughter,119
TX00000744,2014,GTA_MT_0035,slaughterhouse,SH_MT_04,slaughter,55
TX00000745,2014,GTA_MT_0035,property,GTA_MT_0039,breeding,31
TX00000746,2014,GTA_MT_0036,slaughterhouse,SH_MT_04,slaughter,171
TX00000747,2014,GTA_MT_0036,property,GTA_MT_0040,other,79
TX00000748,2014,GTA_MT_0037,property,GTA_MT_0041,fattening,21
TX00000749,2014,GTA_MT_0038,slaughterhouse,SH_MT_01,slaughter,205
TX00000750,2014,GTA_MT_0038,property,GTA_MT_0046,breeding,64
TX00000751,2014,GTA_MT_0039,slaughterhouse,SH_MT_03,slaughter,208
TX00000752,2014,GTA_MT_0039,slaughterhouse,SH_MT_04,slaughter,25
TX00000753,2014,GTA_MT_0039,property,GTA_MT_0043,other,60
TX00000754,2014,GTA_MT_0040,slaughterhouse,SH_MT_04,slaughter,200
TX00000755,2014,GTA_MT_0040,property,GTA_MT_0044,fattening,109
TX00000756,2014,GTA_MT_0041,slaughterhouse,SH_MT_01,slaughter,143
TX00000757,2014,GTA_MT_0041,slaughterhouse,SH_MT_02,slaughter,37
TX00000758,2014,GTA_MT_0041,property,GTA_MT_0045,breeding,35
TX00000759,2014,GTA_MT_0042,property,GTA_MT_0046,other,124
TX00000760,2014,GTA_MT_0043,slaughterhouse,SH_MT_03,slaughter,190
TX00000761,2014,GTA_MT_0043,slaughterhouse,SH_MT_04,slaughter,18
TX00000762,2014,GTA_MT_0043,property,GTA_MT_0051,fattening,95
TX00000763,2014,GTA_MT_0044,slaughterhouse,SH_MT_03,slaughter,226
TX00000764,2014,GTA_MT_0044,property,GTA_MT_0048,breeding,122
TX00000765,2014,GTA_MT_0045,slaughterhouse,SH_MT_01,slaughter,152
TX00000766,2014,GTA_MT_0045,slaughterhouse,SH_MT_02,slaughter,44
TX00000767,2014,GTA_MT_0045,property,GTA_MT_0049,other,26
TX00000768,2014,GTA_MT_0045,property,GTA_MT_0049,other,4
TX00000769,2014,GTA_MT_0046,slaughterhouse,SH_MT_02,slaughter,182
TX00000770,2014,GTA_MT_0046,property,GTA_MT_0050,fattening,81
TX00000771,2014,GTA_MT_0047,property,GTA_MT_0051,breeding,105
TX00000772,2014,GTA_MT_0048,slaughterhouse,SH_MT_03,slaughter,193
TX00000773,2014,GTA_MT_0048,property,GTA_MT_0056,other,104
TX00000774,2014,GTA_MT_0049,slaughterhouse,SH_MT_02,slaughter,154
TX00000775,2014,GTA_MT_0049,slaughterhouse,SH_MT_01,slaughter,31
TX00000776,2014,GTA_MT_0049,property,GTA_MT_0053,fattening,60
TX00000777,2014,GTA_MT_0050,slaughterhouse,SH_MT_02,slaughter,179
TX00000778,2014,GTA_MT_0050,property,GTA_MT_0054,breeding,18
TX00000779,2014,GTA_MT_0051,slaughterhouse,SH_MT_03,slaughter,215
TX00000780,2014,GTA_MT_0051,slaughterhouse,SH_MT_04,slaughter,30
TX00000781,2014,GTA_MT_0051,property,GTA_MT_0055,other,74
TX00000782,2014,GTA_MT_0052,property,GTA_MT_0056,fattening,54
TX00000783,2014,GTA_MT_0053,slaughterhouse,SH_MT_01,slaughter,176
TX00000784,2014,GTA_MT_0053,slaughterhouse,SH_MT_02,slaughter,28
TX00000785,2014,GTA_MT_0053,property,GTA_MT_0061,breeding,58
TX00000786,2014,GTA_MT_0054,slaughterhouse,SH_MT_02,slaughter,230
TX00000787,2014,GTA_MT_0054,property,GTA_MT_0058,other,69
TX00000788,2014,GTA_MT_0055,slaughterhouse,SH_MT_03,slaughter,181
TX00000789,2014,GTA_MT_0055,slaughterhouse,SH_MT_04,slaughter,20
TX00000790,2014,GTA_MT_0055,property,GTA_MT_0059,fattening,34
TX00000791,2014,GTA_MT_0056,slaughterhouse,SH_MT_03,slaughter,226
TX00000792,2014,GTA_MT_0056,property,GTA_MT_0060,breeding,89
TX00000793,2014,GTA_MT_0056,property,GTA_MT_0060,other,13
TX00000794,2014,GTA_MT_0057,property,GTA_MT_0061,other,59
TX00000795,2014,GTA_MT_0058,slaughterhouse,SH_MT_02,slaughter,181
TX00000796,2014,GTA_MT_0058,property,GTA_MT_0066,fattening,73
TX00000797,2014,GTA_MT_0059,slaughterhouse,SH_MT_03,slaughter,218
TX00000798,2014,GTA_MT_0059,slaughterhouse,SH_MT_04,slaughter,33
TX00000799,2014,GTA_MT_0059,property,GTA_MT_0063,breeding,27
TX00000800,2014,GTA_MT_0060,slaughterhouse,SH_MT_04,slaughter,257
TX00000801,2014,GTA_MT_0060,property,GTA_MT_0064,other,117
TX00000802,2014,GTA_MT_0061,slaughterhouse,SH_MT_01,slaughter,213
TX00000803,2014,GTA_MT_0061,slaughterhouse,SH_MT_02,slaughter,47
TX00000804,2014,GTA_MT_0061,property,GTA_MT_0065,fattening,61
TX00000805,2014,GTA_MT_0062,property,GTA_MT_0066,breeding,72
TX00000806,2014,GTA_MT_0063,slaughterhouse,SH_MT_03,slaughter,205
TX00000807,2014,GTA_MT_0063,slaughterhouse,SH_MT_04,slaughter,25
TX00000808,2014,GTA_MT_0063,property,GTA_MT_0071,other,84
TX00000809,2014,GTA_MT_0064,slaughterhouse,SH_MT_04,slaughter,187
TX00000810,2014,GTA_MT_0064,property,GTA_MT_0068,fattening,121
TX00000811,2014,GTA_MT_0065,slaughterhouse,SH_MT_01,slaughter,233
TX00000812,2014,GTA_MT_0065,slaughterhouse,SH_MT_02,slaughter,27
TX00000813,2014,GTA_MT_0065,property,GTA_MT_0069,breeding,75
TX00000814,2014,GTA_MT_0066,slaughterhouse,SH_MT_01,slaughter,230
TX00000815,2014,GTA_MT_0066,property,GTA_MT_0070,other,100
TX00000816,2014,GTA_MT_0067,property,GTA_MT_0071,fattening,62
TX00000817,2014,GTA_MT_0067,property,GTA_MT_0071,other,9
TX00000818,2014,GTA_MT_0068,slaughterhouse,SH_MT_04,slaughter,180
TX00000819,2014,GTA_MT_0068,property,GTA_MT_0004,breeding,24
TX00000820,2014,GTA_MT_0069,slaughterhouse,SH_MT_01,slaughter,204
TX00000821,2014,GTA_MT_0069,slaughterhouse,SH_MT_02,slaughter,34
TX00000822,2014,GTA_MT_0069,property,GTA_MT_0001,other,124
TX00000823,2014,GTA_MT_0070,slaughterhouse,SH_MT_01,slaughter,228
TX00000824,2014,GTA_MT_0070,property,GTA_MT_0006,fattening,75
TX00000825,2014,GTA_MT_0071,slaughterhouse,SH_MT_03,slaughter,194
TX00000826,2014,GTA_MT_0071,slaughterhouse,SH_MT_04,slaughter,19
TX00000827,2014,GTA_MT_0071,property,GTA_MT_0003,breeding,114
TX00000828,2014,GTA_MT_0072,property,GTA_MT_0004,other,57
TX00000829,2014,GTA_PA_0001,slaughterhouse,SH_PA_01,slaughter,148
TX00000830,2014,GTA_PA_0001,slaughterhouse,SH_PA_02,slaughter,38
TX00000831,2014,GTA_PA_0001,property,GTA_PA_0005,fattening,56
TX00000832,2014,GTA_PA_0001,property,GTA_PA_0005,other,14
TX00000833,2014,GTA_PA_0002,property,GTA_PA_0006,breeding,73
TX00000834,2014,GTA_PA_0003,slaughterhouse,SH_PA_03,slaughter,152
TX00000835,2014,GTA_PA_0003,slaughterhouse,SH_PA_04,slaughter,16
TX00000836,2014,GTA_PA_0003,property,GTA_PA_0011,other,109
TX00000837,2014,GTA_PA_0004,slaughterhouse,SH_PA_04,slaughter,203
TX00000838,2014,GTA_PA_0004,property,GTA_PA_0008,fattening,29
TX00000839,2014,GTA_PA_0005,slaughterhouse,SH_PA_01,slaughter,122
TX00000840,2014,GTA_PA_0005,slaughterhouse,SH_PA_02,slaughter,23
TX00000841,2014,GTA_PA_0005,property,GTA_PA_0009,breeding,27
TX00000842,2014,GTA_PA_0006,slaughterhouse,SH_PA_02,slaughter,150
TX00000843,2014,GTA_PA_0006,property,GTA_PA_0010,other,86
TX00000844,2014,GTA_PA_0007,property,GTA_PA_0011,fattening,50
TX00000845,2014,GTA_PA_0008,slaughterhouse,SH_PA_04,slaughter,228
TX00000846,2014,GTA_PA_0008,property,GTA_PA_0016,breeding,67
TX00000847,2014,GTA_PA_0009,slaughterhouse,SH_PA_01,slaughter,153
TX00000848,2014,GTA_PA_0009,slaughterhouse,SH_PA_02,slaughter,23
TX00000849,2014,GTA_PA_0009,property,GTA_PA_0013,other,78
TX00000850,2014,GTA_PA_0010,slaughterhouse,SH_PA_02,slaughter,205
TX00000851,2014,GTA_PA_0010,property,GTA_PA_0014,fattening,87
TX00000852,2014,GTA_PA_0011,slaughterhouse,SH_PA_03,slaughter,139
TX00000853,2014,GTA_PA_0011,slaughterhouse,SH_PA_04,slaughter,33
TX00000854,2014,GTA_PA_0011,property,GTA_PA_0015,breeding,77
TX00000855,2014,GTA_PA_0012,property,GTA_PA_0016,other,99
TX00000856,2014,GTA_PA_0012,property,GTA_PA_0016,other,13
TX00000857,2014,GTA_PA_0013,slaughterhouse,SH_PA_01,slaughter,210
TX00000858,2014,GTA_PA_0013,slaughterhouse,SH_PA_02,slaughter,45
TX00000859,2014,GTA_PA_0013,property,GTA_PA_0021,fattening,48
TX00000860,2014,GTA_PA_0014,slaughterhouse,SH_PA_02,slaughter,231
TX00000861,2014,GTA_PA_0014,property,GTA_PA_0018,breeding,23
TX00000862,2014,GTA_PA_0015,slaughterhouse,SH_PA_03,slaughter,187
TX00000863,2014,GTA_PA_0015,slaughterhouse,SH_PA_04,slaughter,22
TX00000864,2014,GTA_PA_0015,property,GTA_PA_0019,other,82
TX00000865,2014,GTA_PA_0016,slaughterhouse,SH_PA_04,slaughter,160
TX00000866,2014,GTA_PA_0016,property,GTA_PA_0020,fattening,107
TX00000867,2014,GTA_PA_0017,property,GTA_PA_0021,breeding,81
TX00000868,2014,GTA_PA_0018,slaughterhouse,SH_PA_02,slaughter,196
TX00000869,2014,GTA_PA_0018,property,GTA_PA_0026,other,96
TX00000870,2014,GTA_PA_0019,slaughterhouse,SH_PA_03,slaughter,267
TX00000871,2014,GTA_PA_0019,slaughterhouse,SH_PA_04,slaughter,42
TX00000872,2014,GTA_PA_0019,property,GTA_PA_0023,fattening,49
TX00000873,2014,GTA_PA_0020,slaughterhouse,SH_PA_04,slaughter,226
TX00000874,2014,GTA_PA_0020,property,GTA_PA_0024,breeding,108
TX00000875,2014,GTA_PA_0021,slaughterhouse,SH_PA_02,slaughter,191
TX00000876,2014,GTA_PA_0021,slaughterhouse,SH_PA_01,slaughter,23
TX00000877,2014,GTA_PA_0021,property,GTA_PA_0025,other,22
TX00000878,2014,GTA_PA_0022,property,GTA_PA_0026,fattening,106
TX00000879,2014,GTA_PA_0023,slaughterhouse,SH_PA_03,slaughter,201
TX00000880,2014,GTA_PA_0023,slaughterhouse,SH_PA_04,slaughter,44
TX00000881,2014,GTA_PA_0023,property,GTA_PA_0031,breeding,60
TX00000882,2014,GTA_PA_0023,property,GTA_PA_0031,other,2
TX00000883,2014,GTA_PA_0024,slaughterhouse,SH_PA_03,slaughter,141
TX00000884,2014,GTA_PA_0024,property,GTA_PA_0028,other,108
TX00000885,2014,GTA_PA_0025,slaughterhouse,SH_PA_01,slaughter,197
TX00000886,2014,GTA_PA_0025,slaughterhouse,SH_PA_02,slaughter,20
TX00000887,2014,GTA_PA_0025,property,GTA_PA_0029,fattening,20
TX00000888,2014,GTA_PA_0026,slaughterhouse,SH_PA_02,slaughter,177
TX00000889,2014,GTA_PA_0026,property,GTA_PA_0030,breeding,68
TX00000890,2014,GTA_PA_0027,property,GTA_PA_0031,other,86
TX00000891,2014,GTA_PA_0028,slaughterhouse,SH_PA_03,slaughter,104
TX00000892,2014,GTA_PA_0028,property,GTA_PA_0036,fattening,57
TX00000893,2014,GTA_PA_0029,slaughterhouse,SH_PA_01,slaughter,211
TX00000894,2014,GTA_PA_0029,slaughterhouse,SH_PA_02,slaughter,59
TX00000895,2014,GTA_PA_0029,property,GTA_PA_0033,breeding,18
TX00000896,2014,GTA_PA_0030,slaughterhouse,SH_PA_02,slaughter,164
TX00000897,2014,GTA_PA_0030,property,GTA_PA_0034,other,63
TX00000898,2014,GTA_PA_0031,slaughterhouse,SH_PA_03,slaughter,237
TX00000899,2014,GTA_PA_0031,slaughterhouse,SH_PA_04,slaughter,26
TX00000900,2014,GTA_PA_0031,property,GTA_PA_0035,fattening,30
TX00000901,2014,GTA_PA_0032,property,GTA_PA_0036,breeding,68
TX00000902,2014,GTA_PA_0033,slaughterhouse,SH_PA_01,slaughter,261
TX00000903,2014,GTA_PA_0033,slaughterhouse,SH_PA_02,slaughter,45
TX00000904,2014,GTA_PA_0033,property,GTA_PA_0041,other,29
TX00000905,2014,GTA_PA_0034,slaughterhouse,SH_PA_02,slaughter,274
TX00000906,2014,GTA_PA_0034,property,GTA_PA_0038,fattening,82
TX00000907,2014,GTA_PA_0034,property,GTA_PA_0038,other,4
TX00000908,2014,GTA_PA_0035,slaughterhouse,SH_PA_03,slaughter,260
TX00000909,2014,GTA_PA_0035,slaughterhouse,SH_PA_04,slaughter,22
TX00000910,2014,GTA_PA_0035,property,GTA_PA_0039,breeding,51
TX00000911,2014,GTA_PA_0036,slaughterhouse,SH_PA_04,slaughter,125
TX00000912,2014,GTA_PA_0036,property,GTA_PA_0040,other,24
TX00000913,2014,GTA_PA_0037,property,GTA_PA_0041,fattening,66
TX00000914,2014,GTA_PA_0038,slaughterhouse,SH_PA_01,slaughter,93
TX00000915,2014,GTA_PA_0038,property,GTA_PA_0046,breeding,71
TX00000916,2014,GTA_PA_0039,slaughterhouse,SH_PA_03,slaughter,200
TX00000917,2014,GTA_PA_0039,slaughterhouse,SH_PA_04,slaughter,23
TX00000918,2014,GTA_PA_0039,property,GTA_PA_0043,other,76
TX00000919,2014,GTA_PA_0040,slaughterhouse,SH_PA_04,slaughter,215
TX00000920,2014,GTA_PA_0040,property,GTA_PA_0044,fattening,36
TX00000921,2014,GTA_PA_0041,slaughterhouse,SH_PA_02,slaughter,183
TX00000922,2014,GTA_PA_0041,slaughterhouse,SH_PA_01,slaughter,45
TX00000923,2014,GTA_PA_0041,property,GTA_PA_0045,breeding,118
TX00000924,2014,GTA_PA_0042,property,GTA_PA_0046,other,115
TX00000925,2014,GTA_PA_0043,slaughterhouse,SH_PA_03,slaughter,245
TX00000926,2014,GTA_PA_0043,slaughterhouse,SH_PA_04,slaughter,44
TX00000927,2014,GTA_PA_0043,property,GTA_PA_0051,fattening,66
TX00000928,2014,GTA_PA_0044,slaughterhouse,SH_PA_04,slaughter,249
TX00000929,2014,GTA_PA_0044,property,GTA_PA_0048,breeding,19
TX00000930,2014,GTA_PA_0045,slaughterhouse,SH_PA_01,slaughter,114
TX00000931,2014,GTA_PA_0045,slaughterhouse,SH_PA_02,slaughter,23
TX00000932,2014,GTA_PA_0045,property,GTA_PA_0049,other,25
TX00000933,2014,GTA_PA_0045,property,GTA_PA_0049,other,14
TX00000934,2014,GTA_PA_0046,slaughterhouse,SH_PA_02,slaughter,199
TX00000935,2014,GTA_PA_0046,property,GTA_PA_0050,fattening,74
TX00000936,2014,GTA_PA_0047,property,GTA_PA_0051,breeding,30
TX00000937,2014,GTA_PA_0048,slaughterhouse,SH_PA_04,slaughter,177
TX00000938,2014,GTA_PA_0048,property,GTA_PA_0056,other,93
TX00000939,2014,GTA_PA_0049,slaughterhouse,SH_PA_01,slaughter,187
TX00000940,2014,GTA_PA_0049,slaughterhouse,SH_PA_02,slaughter,34
TX00000941,2014,GTA_PA_0049,property,GTA_PA_0053,fattening,74
TX00000942,2014,GTA_PA_0050,slaughterhouse,SH_PA_02,slaughter,198
TX00000943,2014,GTA_PA_0050,property,GTA_PA_0054,breeding,24
TX00000944,2014,GTA_PA_0051,slaughterhouse,SH_PA_03,slaughter,220
TX00000945,2014,GTA_PA_0051,slaughterhouse,SH_PA_04,slaughter,19
TX00000946,2014,GTA_PA_0051,property,GTA_PA_0055,other,82
TX00000947,2014,GTA_PA_0052,property,GTA_PA_0056,fattening,79
TX00000948,2014,GTA_PA_0053,slaughterhouse,SH_PA_01,slaughter,230
TX00000949,2014,GTA_PA_0053,slaughterhouse,SH_PA_02,slaughter,17
TX00000950,2014,GTA_PA_0053,property,GTA_PA_0061,breeding,58
TX00000951,2014,GTA_PA_0054,slaughterhouse,SH_PA_02,slaughter,163
TX00000952,2014,GTA_PA_0054,property,GTA_PA_0058,other,82
TX00000953,2014,GTA_PA_0055,slaughterhouse,SH_PA_03,slaughter,226
TX00000954,2014,GTA_PA_0055,slaughterhouse,SH_PA_04,slaughter,59
TX00000955,2014,GTA_PA_0055,property,GTA_PA_0059,fattening,37
TX00000956,2014,GTA_PA_0056,slaughterhouse,SH_PA_04,slaughter,212
TX00000957,2014,GTA_PA_0056,property,GTA_PA_0060,breeding,46
TX00000958,2014,GTA_PA_0056,property,GTA_PA_0060,other,13
TX00000959,2014,GTA_PA_0057,property,GTA_PA_0061,other,29
TX00000960,2014,GTA_PA_0058,slaughterhouse,SH_PA_02,slaughter,237
TX00000961,2014,GTA_PA_0058,property,GTA_PA_0066,fattening,25
TX00000962,2014,GTA_PA_0059,slaughterhouse,SH_PA_03,slaughter,202
TX00000963,2014,GTA_PA_0059,slaughterhouse,SH_PA_04,slaughter,17
TX00000964,2014,GTA_PA_0059,property,GTA_PA_0063,breeding,113
TX00000965,2014,GTA_PA_0060,slaughterhouse,SH_PA_04,slaughter,124
TX00000966,2014,GTA_PA_0060,property,GTA_PA_0064,other,57
TX00000967,2014,GTA_PA_0061,slaughterhouse,SH_PA_02,slaughter,166
TX00000968,2014,GTA_PA_0061,slaughterhouse,SH_PA_01,slaughter,33
TX00000969,2014,GTA_PA_0061,property,GTA_PA_0065,fattening,92
TX00000970,2014,GTA_PA_0062,property,GTA_PA_0066,breeding,104
TX00000971,2014,GTA_PA_0063,slaughterhouse,SH_PA_03,slaughter,127
TX00000972,2014,GTA_PA_0063,slaughterhouse,SH_PA_04,slaughter,24
TX00000973,2014,GTA_PA_0063,property,GTA_PA_0071,other,41
TX00000974,2014,GTA_PA_0064,slaughterhouse,SH_PA_04,slaughter,231
TX00000975,2014,GTA_PA_0064,property,GTA_PA_0068,fattening,44
TX00000976,2014,GTA_PA_0065,slaughterhouse,SH_PA_01,slaughter,212
TX00000977,2014,GTA_PA_0065,slaughterhouse,SH_PA_02,slaughter,58
TX00000978,2014,GTA_PA_0065,property,GTA_PA_0069,breeding,78
TX00000979,2014,GTA_PA_0066,slaughterhouse,SH_PA_02,slaughter,251
TX00000980,2014,GTA_PA_0066,property,GTA_PA_0070,other,43
TX00000981,2014,GTA_PA_0067,property,GTA_PA_0071,fattening,21
TX00000982,2014,GTA_PA_0067,property,GTA_PA_0071,other,1
TX00000983,2014,GTA_PA_0068,slaughterhouse,SH_PA_04,slaughter,216
TX00000984,2014,GTA_PA_0068,property,GTA_PA_0004,breeding,68
TX00000985,2014,GTA_PA_0069,slaughterhouse,SH_PA_01,slaughter,219
TX00000986,2014,GTA_PA_0069,slaughterhouse,SH_PA_02,slaughter,23
TX00000987,2014,GTA_PA_0069,property,GTA_PA_0001,other,34
TX00000988,2014,GTA_PA_0070,slaughterhouse,SH_PA_02,slaughter,177
TX00000989,2014,GTA_PA_0070,property,GTA_PA_0006,fattening,32
TX00000990,2014,GTA_PA_0071,slaughterhouse,SH_PA_03,slaughter,242
TX00000991,2014,GTA_PA_0071,slaughterhouse,SH_PA_04,slaughter,35
TX00000992,2014,GTA_PA_0071,property,GTA_PA_0003,breeding,83
TX00000993,2014,GTA_PA_0072,property,GTA_PA_0004,other,72
TX00000994,2015,GTA_RO_0001,property,GTA_RO_0005,fattening,50
TX00000995,2015,GTA_RO_0001,property,GTA_RO_0005,other,7
TX00000996,2015,GTA_RO_0002,slaughterhouse,SH_RO_02,slaughter,225
TX00000997,2015,GTA_RO_0002,property,GTA_RO_0010,breeding,122
TX00000998,2015,GTA_RO_0003,slaughterhouse,SH_RO_03,slaughter,197
TX00000999,2015,GTA_RO_0003,slaughterhouse,SH_RO_02,slaughter,28
TX00001000,2015,GTA_RO_0003,property,GTA_RO_0007,other,58
TX00001001,2015,GTA_RO_0004,slaughterhouse,SH_RO_03,slaughter,220
TX00001002,2015,GTA_RO_0004,property,GTA_RO_0008,fattening,73
TX00001003,2015,GTA_RO_0005,slaughterhouse,SH_RO_02,slaughter,196
TX00001004,2015,GTA_RO_0005,slaughterhouse,SH_RO_01,slaughter,16
TX00001005,2015,GTA_RO_0005,property,GTA_RO_0009,breeding,117
TX00001006,2015,GTA_RO_0006,property,GTA_RO_0010,other,49
TX00001007,2015,GTA_RO_0007,slaughterhouse,SH_RO_02,slaughter,170
TX00001008,2015,GTA_RO_0007,slaughterhouse,SH_RO_03,slaughter,41
TX00001009,2015,GTA_RO_0007,property,GTA_RO_0015,fattening,22
TX00001010,2015,GTA_RO_0008,slaughterhouse,SH_RO_04,slaughter,87
TX00001011,2015,GTA_RO_0008,property,GTA_RO_0012,breeding,49
TX00001012,2015,GTA_RO_0009,slaughterhouse,SH_RO_02,slaughter,154
TX00001013,2015,GTA_RO_0009,slaughterhouse,SH_RO_01,slaughter,23
TX00001014,2015,GTA_RO_0009,property,GTA_RO_0013,other,51
TX00001015,2015,GTA_RO_0010,slaughterhouse,SH_RO_02,slaughter,220
TX00001016,2015,GTA_RO_0010,property,GTA_RO_0014,fattening,101
TX00001017,2015,GTA_RO_0011,property,GTA_RO_0015,breeding,63
TX00001018,2015,GTA_RO_0012,slaughterhouse,SH_RO_04,slaughter,229
TX00001019,2015,GTA_RO_0012,property,GTA_RO_0020,other,81
TX00001020,2015,GTA_RO_0012,property,GTA_RO_0020,other,7
TX00001021,2015,GTA_RO_0013,slaughterhouse,SH_RO_01,slaughter,232
TX00001022,2015,GTA_RO_0013,slaughterhouse,SH_RO_02,slaughter,24
TX00001023,2015,GTA_RO_0013,property,GTA_RO_0017,fattening,62
TX00001024,2015,GTA_RO_0014,slaughterhouse,SH_RO_02,slaughter,255
TX00001025,2015,GTA_RO_0014,property,GTA_RO_0018,breeding,52
TX00001026,2015,GTA_RO_0015,slaughterhouse,SH_RO_04,slaughter,218
TX00001027,2015,GTA_RO_0015,slaughterhouse,SH_RO_03,slaughter,50
TX00001028,2015,GTA_RO_0015,property,GTA_RO_0019,other,97
TX00001029,2015,GTA_RO_0016,property,GTA_RO_0020,fattening,115
TX00001030,2015,GTA_RO_0017,slaughterhouse,SH_RO_02,slaughter,190
TX00001031,2015,GTA_RO_0017,slaughterhouse,SH_RO_03,slaughter,31
TX00001032,2015,GTA_RO_0017,property,GTA_RO_0025,breeding,66
TX00001033,2015,GTA_RO_0018,slaughterhouse,SH_RO_02,slaughter,173
TX00001034,2015,GTA_RO_0018,property,GTA_RO_0022,other,110
TX00001035,2015,GTA_RO_0019,slaughterhouse,SH_RO_03,slaughter,237
TX00001036,2015,GTA_RO_0019,slaughterhouse,SH_RO_04,slaughter,34
TX00001037,2015,GTA_RO_0019,property,GTA_RO_0023,fattening,52
TX00001038,2015,GTA_RO_0020,slaughterhouse,SH_RO_04,slaughter,206
TX00001039,2015,GTA_RO_0020,property,GTA_RO_0024,breeding,87
TX00001040,2015,GTA_RO_0021,property,GTA_RO_0025,other,46
TX00001041,2015,GTA_RO_0022,slaughterhouse,SH_RO_02,slaughter,172
TX00001042,2015,GTA_RO_0022,property,GTA_RO_0030,fattening,86
TX00001043,2015,GTA_RO_0023,slaughterhouse,SH_RO_03,slaughter,133
TX00001044,2015,GTA_RO_0023,slaughterhouse,SH_RO_04,slaughter,32
TX00001045,2015,GTA_RO_0023,property,GTA_RO_0027,breeding,119
TX00001046,2015,GTA_RO_0023,property,GTA_RO_0027,other,3
TX00001047,2015,GTA_RO_0024,slaughterhouse,SH_RO_03,slaughter,226
TX00001048,2015,GTA_RO_0024,property,GTA_RO_0028,other,81
TX00001049,2015,GTA_RO_0025,slaughterhouse,SH_RO_01,slaughter,167
TX00001050,2015,GTA_RO_0025,slaughterhouse,SH_RO_02,slaughter,16
TX00001051,2015,GTA_RO_0025,property,GTA_RO_0029,fattening,92
TX00001052,2015,GTA_RO_0026,property,GTA_RO_0030,breeding,117
TX00001053,2015,GTA_RO_0027,slaughterhouse,SH_RO_03,slaughter,217
TX00001054,2015,GTA_RO_0027,slaughterhouse,SH_RO_04,slaughter,27
TX00001055,2015,GTA_RO_0027,property,GTA_RO_0035,other,104
TX00001056,2015,GTA_RO_0028,slaughterhouse,SH_RO_03,slaughter,193
TX00001057,2015,GTA_RO_0028,property,GTA_RO_0032,fattening,88
TX00001058,2015,GTA_RO_0029,slaughterhouse,SH_RO_01,slaughter,182
TX00001059,2015,GTA_RO_0029,slaughterhouse,SH_RO_02,slaughter,56
TX00001060,2015,GTA_RO_0029,property,GTA_RO_0033,breeding,44
TX00001061,2015,GTA_RO_0030,slaughterhouse,SH_RO_02,slaughter,199
TX00001062,2015,GTA_RO_0030,property,GTA_RO_0034,other,97
TX00001063,2015,GTA_RO_0031,property,GTA_RO_0035,fattening,65
TX00001064,2015,GTA_RO_0032,slaughterhouse,SH_RO_03,slaughter,167
TX00001065,2015,GTA_RO_0032,property,GTA_RO_0040,breeding,41
TX00001066,2015,GTA_RO_0033,slaughterhouse,SH_RO_02,slaughter,201
TX00001067,2015,GTA_RO_0033,slaughterhouse,SH_RO_01,slaughter,37
TX00001068,2015,GTA_RO_0033,property,GTA_RO_0037,other,25
TX00001069,2015,GTA_RO_0034,slaughterhouse,SH_RO_04,slaughter,199
TX00001070,2015,GTA_RO_0034,property,GTA_RO_0038,fattening,79
TX00001071,2015,GTA_RO_0034,property,GTA_RO_0038,other,4
TX00001072,2015,GTA_RO_0035,slaughterhouse,SH_RO_03,slaughter,180
TX00001073,2015,GTA_RO_0035,slaughterhouse,SH_RO_04,slaughter,51
TX00001074,2015,GTA_RO_0035,property,GTA_RO_0039,breeding,84
TX00001075,2015,GTA_RO_0036,property,GTA_RO_0040,other,35
TX00001076,2015,GTA_RO_0037,slaughterhouse,SH_RO_01,slaughter,188
TX00001077,2015,GTA_RO_0037,slaughterhouse,SH_RO_02,slaughter,29
TX00001078,2015,GTA_RO_0037,property,GTA_RO_0045,fattening,57
TX00001079,2015,GTA_RO_0038,slaughterhouse,SH_RO_01,slaughter,247
TX00001080,2015,GTA_RO_0038,property,GTA_RO_0042,breeding,44
TX00001081,2015,GTA_RO_0039,slaughterhouse,SH_RO_03,slaughter,208
TX00001082,2015,GTA_RO_0039,slaughterhouse,SH_RO_04,slaughter,29
TX00001083,2015,GTA_RO_0039,property,GTA_RO_0043,other,20
TX00001084,2015,GTA_RO_0040,slaughterhouse,SH_RO_04,slaughter,208
TX00001085,2015,GTA_RO_0040,property,GTA_RO_0044,fattening,32
TX00001086,2015,GTA_RO_0041,property,GTA_RO_0045,breeding,108
TX00001087,2015,GTA_RO_0042,slaughterhouse,SH_RO_02,slaughter,236
TX00001088,2015,GTA_RO_0042,property,GTA_RO_0050,other,97
TX00001089,2015,GTA_RO_0043,slaughterhouse,SH_RO_03,slaughter,250
TX00001090,2015,GTA_RO_0043,slaughterhouse,SH_RO_04,slaughter,26
TX00001091,2015,GTA_RO_0043,property,GTA_RO_0047,fattening,57
TX00001092,2015,GTA_RO_0044,slaughterhouse,SH_RO_03,slaughter,247
TX00001093,2015,GTA_RO_0044,property,GTA_RO_0048,breeding,35
TX00001094,2015,GTA_RO_0045,slaughterhouse,SH_RO_02,slaughter,208
TX00001095,2015,GTA_RO_0045,slaughterhouse,SH_RO_01,slaughter,25
TX00001096,2015,GTA_RO_0045,property,GTA_RO_0049,other,27
TX00001097,2015,GTA_RO_0045,property,GTA_RO_0049,other,11
TX00001098,2015,GTA_RO_0046,property,GTA_RO_0050,fattening,116
TX00001099,2015,GTA_RO_0047,slaughterhouse,SH_RO_02,slaughter,136
TX00001100,2015,GTA_RO_0047,slaughterhouse,SH_RO_01,slaughter,49
TX00001101,2015,GTA_RO_0047,property,GTA_RO_0055,breeding,91
TX00001102,2015,GTA_RO_0048,slaughterhouse,SH_RO_03,slaughter,215
TX00001103,2015,GTA_RO_0048,property,GTA_RO_0052,other,42
TX00001104,2015,GTA_RO_0049,slaughterhouse,SH_RO_02,slaughter,122
TX00001105,2015,GTA_RO_0049,slaughterhouse,SH_RO_01,slaughter,41
TX00001106,2015,GTA_RO_0049,property,GTA_RO_0053,fattening,93
TX00001107,2015,GTA_RO_0050,slaughterhouse,SH_RO_02,slaughter,220
TX00001108,2015,GTA_RO_0050,property,GTA_RO_0054,breeding,87
TX00001109,2015,GTA_RO_0051,property,GTA_RO_0055,other,118
TX00001110,2015,GTA_RO_0052,slaughterhouse,SH_RO_04,slaughter,189
TX00001111,2015,GTA_RO_0052,property,GTA_RO_0060,fattening,91
TX00001112,2015,GTA_RO_0053,slaughterhouse,SH_RO_02,slaughter,184
TX00001113,2015,GTA_RO_0053,slaughterhouse,SH_RO_03,slaughter,16
TX00001114,2015,GTA_RO_0053,property,GTA_RO_0057,breeding,99
TX00001115,2015,GTA_RO_0054,slaughterhouse,SH_RO_02,slaughter,229
TX00001116,2015,GTA_RO_0054,property,GTA_RO_0058,other,46
TX00001117,2015,GTA_RO_0055,slaughterhouse,SH_RO_03,slaughter,230
TX00001118,2015,GTA_RO_0055,slaughterhouse,SH_RO_04,slaughter,30
TX00001119,2015,GTA_RO_0055,property,GTA_RO_0059,fattening,113
TX00001120,2015,GTA_RO_0056,property,GTA_RO_0060,breeding,123
TX00001121,2015,GTA_RO_0056,property,GTA_RO_0060,other,4
TX00001122,2015,GTA_RO_0057,slaughterhouse,SH_RO_02,slaughter,261
TX00001123,2015,GTA_RO_0057,slaughterhouse,SH_RO_01,slaughter,56
TX00001124,2015,GTA_RO_0057,property,GTA_RO_0065,other,103
TX00001125,2015,GTA_RO_0058,slaughterhouse,SH_RO_01,slaughter,216
TX00001126,2015,GTA_RO_0058,property,GTA_RO_0062,fattening,23
TX00001127,2015,GTA_RO_0059,slaughterhouse,SH_RO_04,slaughter,228
TX00001128,2015,GTA_RO_0059,slaughterhouse,SH_RO_03,slaughter,25
TX00001129,2015,GTA_RO_0059,property,GTA_RO_0063,breeding,111
TX00001130,2015,GTA_RO_0060,slaughterhouse,SH_RO_03,slaughter,191
TX00001131,2015,GTA_RO_0060,property,GTA_RO_0064,other,103
TX00001132,2015,GTA_RO_0061,property,GTA_RO_0065,fattening,116
TX00001133,2015,GTA_RO_0062,slaughterhouse,SH_RO_02,slaughter,173
TX00001134,2015,GTA_RO_0062,property,GTA_RO_0070,breeding,32
TX00001135,2015,GTA_RO_0063,slaughterhouse,SH_RO_03,slaughter,203
TX00001136,2015,GTA_RO_0063,slaughterhouse,SH_RO_04,slaughter,59
TX00001137,2015,GTA_RO_0063,property,GTA_RO_0067,other,90
TX00001138,2015,GTA_RO_0064,slaughterhouse,SH_RO_04,slaughter,203
TX00001139,2015,GTA_RO_0064,property,GTA_RO_0068,fattening,99
TX00001140,2015,GTA_RO_0065,slaughterhouse,SH_RO_02,slaughter,206
TX00001141,2015,GTA_RO_0065,slaughterhouse,SH_RO_01,slaughter,18
TX00001142,2015,GTA_RO_0065,property,GTA_RO_0069,breeding,85
TX00001143,2015,GTA_RO_0066,property,GTA_RO_0070,other,28
TX00001144,2015,GTA_RO_0067,slaughterhouse,SH_RO_04,slaughter,227
TX00001145,2015,GTA_RO_0067,slaughterhouse,SH_RO_03,slaughter,34
TX00001146,2015,GTA_RO_0067,property,GTA_RO_0003,fattening,112
TX00001147,2015,GTA_RO_0067,property,GTA_RO_0003,other,3
TX00001148,2015,GTA_RO_0068,slaughterhouse,SH_RO_04,slaughter,151
TX00001149,2015,GTA_RO_0068,property,GTA_RO_0072,breeding,108
TX00001150,2015,GTA_RO_0069,slaughterhouse,SH_RO_01,slaughter,188
TX00001151,2015,GTA_RO_0069,slaughterhouse,SH_RO_02,slaughter,32
TX00001152,2015,GTA_RO_0069,property,GTA_RO_0005,other,59
TX00001153,2015,GTA_RO_0070,slaughterhouse,SH_RO_02,slaughter,118
TX00001154,2015,GTA_RO_0070,property,GTA_RO_0002,fattening,104
TX00001155,2015,GTA_RO_0071,property,GTA_RO_0003,breeding,105
TX00001156,2015,GTA_RO_0072,slaughterhouse,SH_RO_04,slaughter,182
TX00001157,2015,GTA_RO_0072,property,GTA_RO_0004,other,92
TX00001158,2015,GTA_MT_0001,property,GTA_MT_0005,fattening,118
TX00001159,2015,GTA_MT_0001,property,GTA_MT_0005,other,1
TX00001160,2015,GTA_MT_0002,slaughterhouse,SH_MT_02,slaughter,222
TX00001161,2015,GTA_MT_0002,property,GTA_MT_0010,breeding,43
TX00001162,2015,GTA_MT_0003,slaughterhouse,SH_MT_04,slaughter,235
TX00001163,2015,GTA_MT_0003,slaughterhouse,SH_MT_03,slaughter,58
TX00001164,2015,GTA_MT_0003,property,GTA_MT_0007,other,110
TX00001165,2015,GTA_MT_0004,slaughterhouse,SH_MT_03,slaughter,247
TX00001166,2015,GTA_MT_0004,property,GTA_MT_0008,fattening,88
TX00001167,2015,GTA_MT_0005,slaughterhouse,SH_MT_01,slaughter,214
TX00001168,2015,GTA_MT_0005,slaughterhouse,SH_MT_02,slaughter,54
TX00001169,2015,GTA_MT_0005,property,GTA_MT_0009,breeding,52
TX00001170,2015,GTA_MT_0006,property,GTA_MT_0010,other,84
TX00001171,2015,GTA_MT_0007,slaughterhouse,SH_MT_03,slaughter,216
TX00001172,2015,GTA_MT_0007,slaughterhouse,SH_MT_04,slaughter,56
TX00001173,2015,GTA_MT_0007,property,GTA_MT_0015,fattening,46
TX00001174,2015,GTA_MT_0008,slaughterhouse,SH_MT_04,slaughter,171
TX00001175,2015,GTA_MT_0008,property,GTA_MT_0012,breeding,29
TX00001176,2015,GTA_MT_0009,slaughterhouse,SH_MT_01,slaughter,237
TX00001177,2015,GTA_MT_0009,slaughterhouse,SH_MT_02,slaughter,30
TX00001178,2015,GTA_MT_0009,property,GTA_MT_0013,other,84
TX00001179,2015,GTA_MT_0010,slaughterhouse,SH_MT_02,slaughter,106
TX00001180,2015,GTA_MT_0010,property,GTA_MT_0014,fattening,46
TX00001181,2015,GTA_MT_0011,property,GTA_MT_0015,breeding,81
TX00001182,2015,GTA_MT_0012,slaughterhouse,SH_MT_04,slaughter,199
TX00001183,2015,GTA_MT_0012,property,GTA_MT_0020,other,70
TX00001184,2015,GTA_MT_0012,property,GTA_MT_0020,other,7
TX00001185,2015,GTA_MT_0013,slaughterhouse,SH_MT_01,slaughter,243
TX00001186,2015,GTA_MT_0013,slaughterhouse,SH_MT_02,slaughter,29
TX00001187,2015,GTA_MT_0013,property,GTA_MT_0017,fattening,79
TX00001188,2015,GTA_MT_0014,slaughterhouse,SH_MT_02,slaughter,163
TX00001189,2015,GTA_MT_0014,property,GTA_MT_0018,breeding,60
TX00001190,2015,GTA_MT_0015,slaughterhouse,SH_MT_03,slaughter,177
TX00001191,2015,GTA_MT_0015,slaughterhouse,SH_MT_04,slaughter,51
TX00001192,2015,GTA_MT_0015,property,GTA_MT_0019,other,29
TX00001193,2015,GTA_MT_0016,property,GTA_MT_0020,fattening,75
TX00001194,2015,GTA_MT_0017,slaughterhouse,SH_MT_02,slaughter,193
TX00001195,2015,GTA_MT_0017,slaughterhouse,SH_MT_01,slaughter,33
TX00001196,2015,GTA_MT_0017,property,GTA_MT_0025,breeding,45
TX00001197,2015,GTA_MT_0018,slaughterhouse,SH_MT_02,slaughter,196
TX00001198,2015,GTA_MT_0018,property,GTA_MT_0022,other,115
TX00001199,2015,GTA_MT_0019,slaughterhouse,SH_MT_03,slaughter,157
TX00001200,2015,GTA_MT_0019,slaughterhouse,SH_MT_04,slaughter,58
TX00001201,2015,GTA_MT_0019,property,GTA_MT_0023,fattening,73
TX00001202,2015,GTA_MT_0020,slaughterhouse,SH_MT_04,slaughter,232
TX00001203,2015,GTA_MT_0020,property,GTA_MT_0024,breeding,83
TX00001204,2015,GTA_MT_0021,property,GTA_MT_0025,other,18
TX00001205,2015,GTA_MT_0022,slaughterhouse,SH_MT_01,slaughter,229
TX00001206,2015,GTA_MT_0022,property,GTA_MT_0030,fattening,40
TX00001207,2015,GTA_MT_0023,slaughterhouse,SH_MT_04,slaughter,156
TX00001208,2015,GTA_MT_0023,slaughterhouse,SH_MT_03,slaughter,25
TX00001209,2015,GTA_MT_0023,property,GTA_MT_0027,breeding,109
TX00001210,2015,GTA_MT_0023,property,GTA_MT_0027,other,14
TX00001211,2015,GTA_MT_0024,slaughterhouse,SH_MT_04,slaughter,172
TX00001212,2015,GTA_MT_0024,property,GTA_MT_0028,other,86
TX00001213,2015,GTA_MT_0025,slaughterhouse,SH_MT_01,slaughter,219
TX00001214,2015,GTA_MT_0025,slaughterhouse,SH_MT_02,slaughter,53
TX00001215,2015,GTA_MT_0025,property,GTA_MT_0029,fattening,95
TX00001216,2015,GTA_MT_0026,property,GTA_MT_0030,breeding,122
TX00001217,2015,GTA_MT_0027,slaughterhouse,SH_MT_04,slaughter,254
TX00001218,2015,GTA_MT_0027,slaughterhouse,SH_MT_03,slaughter,59
TX00001219,2015,GTA_MT_0027,property,GTA_MT_0035,other,34
TX00001220,2015,GTA_MT_0028,slaughterhouse,SH_MT_03,slaughter,178
TX00001221,2015,GTA_MT_0028,property,GTA_MT_0032,fattening,90
TX00001222,2015,GTA_MT_0029,slaughterhouse,SH_MT_01,slaughter,170
TX00001223,2015,GTA_MT_0029,slaughterhouse,SH_MT_02,slaughter,17
TX00001224,2015,GTA_MT_0029,property,GTA_MT_0033,breeding,41
TX00001225,2015,GTA_MT_0030,slaughterhouse,SH_MT_02,slaughter,122
TX00001226,2015,GTA_MT_0030,property,GTA_MT_0034,other,65
TX00001227,2015,GTA_MT_0031,property,GTA_MT_0035,fattening,116
TX00001228,2015,GTA_MT_0032,slaughterhouse,SH_MT_04,slaughter,187
TX00001229,2015,GTA_MT_0032,property,GTA_MT_0040,breeding,84
TX00001230,2015,GTA_MT_0033,slaughterhouse,SH_MT_01,slaughter,211
TX00001231,2015,GTA_MT_0033,slaughterhouse,SH_MT_02,slaughter,48
TX00001232,2015,GTA_MT_0033,property,GTA_MT_0037,other,30
TX00001233,2015,GTA_MT_0034,slaughterhouse,SH_MT_02,slaughter,134
TX00001234,2015,GTA_MT_0034,property,GTA_MT_0038,fattening,54
TX00001235,2015,GTA_MT_0034,property,GTA_MT_0038,other,14
TX00001236,2015,GTA_MT_0035,slaughterhouse,SH_MT_03,slaughter,140
TX00001237,2015,GTA_MT_0035,slaughterhouse,SH_MT_04,slaughter,42
TX00001238,2015,GTA_MT_0035,property,GTA_MT_0039,breeding,42
TX00001239,2015,GTA_MT_0036,property,GTA_MT_0040,other,68
TX00001240,2015,GTA_MT_0037,slaughterhouse,SH_MT_01,slaughter,192
TX00001241,2015,GTA_MT_0037,slaughterhouse,SH_MT_02,slaughter,27
TX00001242,2015,GTA_MT_0037,property,GTA_MT_0045,fattening,47
TX00001243,2015,GTA_MT_0038,slaughterhouse,SH_MT_01,slaughter,157
TX00001244,2015,GTA_MT_0038,property,GTA_MT_0042,breeding,27
TX00001245,2015,GTA_MT_0039,slaughterhouse,SH_MT_03,slaughter,204
TX00001246,2015,GTA_MT_0039,slaughterhouse,SH_MT_04,slaughter,56
TX00001247,2015,GTA_MT_0039,property,GTA_MT_0043,other,97
TX00001248,2015,GTA_MT_0040,slaughterhouse,SH_MT_04,slaughter,214
TX00001249,2015,GTA_MT_0040,property,GTA_MT_0044,fattening,48
TX00001250,2015,GTA_MT_0041,property,GTA_MT_0045,breeding,100
TX00001251,2015,GTA_MT_0042,slaughterhouse,SH_MT_02,slaughter,160
TX00001252,2015,GTA_MT_0042,property,GTA_MT_0050,other,119
TX00001253,2015,GTA_MT_0043,slaughterhouse,SH_MT_03,slaughter,187
TX00001254,2015,GTA_MT_0043,slaughterhouse,SH_MT_04,slaughter,32
TX00001255,2015,GTA_MT_0043,property,GTA_MT_0047,fattening,59
TX00001256,2015,GTA_MT_0044,slaughterhouse,SH_MT_03,slaughter,210
TX00001257,2015,GTA_MT_0044,property,GTA_MT_0048,breeding,120
TX00001258,2015,GTA_MT_0045,slaughterhouse,SH_MT_01,slaughter,182
TX00001259,2015,GTA_MT_0045,slaughterhouse,SH_MT_02,slaughter,33
TX00001260,2015,GTA_MT_0045,property,GTA_MT_0049,other,101
TX00001261,2015,GTA_MT_0045,property,GTA_MT_0049,other,3
TX00001262,2015,GTA_MT_0046,property,GTA_MT_0050,fattening,61
TX00001263,2015,GTA_MT_0047,slaughterhouse,SH_MT_03,slaughter,149
TX00001264,2015,GTA_MT_0047,slaughterhouse,SH_MT_04,slaughter,57
TX00001265,2015,GTA_MT_0047,property,GTA_MT_0055,breeding,62
TX00001266,2015,GTA_MT_0048,slaughterhouse,SH_MT_03,slaughter,147
TX00001267,2015,GTA_MT_0048,property,GTA_MT_0052,other,56
TX00001268,2015,GTA_MT_0049,slaughterhouse,SH_MT_02,slaughter,193
TX00001269,2015,GTA_MT_0049,slaughterhouse,SH_MT_01,slaughter,54
TX00001270,2015,GTA_MT_0049,property,GTA_MT_0053,fattening,64
TX00001271,2015,GTA_MT_0050,slaughterhouse,SH_MT_02,slaughter,173
TX00001272,2015,GTA_MT_0050,property,GTA_MT_0054,breeding,46
TX00001273,2015,GTA_MT_0051,property,GTA_MT_0055,other,103
TX00001274,2015,GTA_MT_0052,slaughterhouse,SH_MT_04,slaughter,209
TX00001275,2015,GTA_MT_0052,property,GTA_MT_0060,fattening,88
TX00001276,2015,GTA_MT_0053,slaughterhouse,SH_MT_01,slaughter,198
TX00001277,2015,GTA_MT_0053,slaughterhouse,SH_MT_02,slaughter,51
TX00001278,2015,GTA_MT_0053,property,GTA_MT_0057,breeding,122
TX00001279,2015,GTA_MT_0054,slaughterhouse,SH_MT_02,slaughter,179
TX00001280,2015,GTA_MT_0054,property,GTA_MT_0058,other,86
TX00001281,2015,GTA_MT_0055,slaughterhouse,SH_MT_03,slaughter,213
TX00001282,2015,GTA_MT_0055,slaughterhouse,SH_MT_04,slaughter,42
TX00001283,2015,GTA_MT_0055,property,GTA_MT_0059,fattening,52
TX00001284,2015,GTA_MT_0056,property,GTA_MT_0060,breeding,61
TX00001285,2015,GTA_MT_0056,property,GTA_MT_0060,other,9
TX00001286,2015,GTA_MT_0057,slaughterhouse,SH_MT_01,slaughter,117
TX00001287,2015,GTA_MT_0057,slaughterhouse,SH_MT_02,slaughter,29
TX00001288,2015,GTA_MT_0057,property,GTA_MT_0065,other,89
TX00001289,2015,GTA_MT_0058,slaughterhouse,SH_MT_02,slaughter,198
TX00001290,2015,GTA_MT_0058,property,GTA_MT_0062,fattening,52
TX00001291,2015,GTA_MT_0059,slaughterhouse,SH_MT_03,slaughter,155
TX00001292,2015,GTA_MT_0059,slaughterhouse,SH_MT_04,slaughter,16
TX00001293,2015,GTA_MT_0059,property,GTA_MT_0063,breeding,64
TX00001294,2015,GTA_MT_0060,slaughterhouse,SH_MT_04,slaughter,171
TX00001295,2015,GTA_MT_0060,property,GTA_MT_0064,other,42
TX00001296,2015,GTA_MT_0061,property,GTA_MT_0065,fattening,72
TX00001297,2015,GTA_MT_0062,slaughterhouse,SH_MT_02,slaughter,158
TX00001298,2015,GTA_MT_0062,property,GTA_MT_0070,breeding,75
TX00001299,2015,GTA_MT_0063,slaughterhouse,SH_MT_03,slaughter,207
TX00001300,2015,GTA_MT_0063,slaughterhouse,SH_MT_04,slaughter,56
TX00001301,2015,GTA_MT_0063,property,GTA_MT_0067,other,18
TX00001302,2015,GTA_MT_0064,slaughterhouse,SH_MT_04,slaughter,159
TX00001303,2015,GTA_MT_0064,property,GTA_MT_0068,fattening,34
TX00001304,2015,GTA_MT_0065,slaughterhouse,SH_MT_01,slaughter,212
TX00001305,2015,GTA_MT_0065,slaughterhouse,SH_MT_02,slaughter,46
TX00001306,2015,GTA_MT_0065,property,GTA_MT_0069,breeding,71
TX00001307,2015,GTA_MT_0066,property,GTA_MT_0070,other,119
TX00001308,2015,GTA_MT_0067,slaughterhouse,SH_MT_03,slaughter,184
TX00001309,2015,GTA_MT_0067,slaughterhouse,SH_MT_04,slaughter,23
TX00001310,2015,GTA_MT_0067,property,GTA_MT_0003,fattening,37
TX00001311,2015,GTA_MT_0067,property,GTA_MT_0003,other,3
TX00001312,2015,GTA_MT_0068,slaughterhouse,SH_MT_04,slaughter,178
TX00001313,2015,GTA_MT_0068,property,GTA_MT_0072,breeding,104
TX00001314,2015,GTA_MT_0069,slaughterhouse,SH_MT_01,slaughter,258
TX00001315,2015,GTA_MT_0069,slaughterhouse,SH_MT_02,slaughter,43
TX00001316,2015,GTA_MT_0069,property,GTA_MT_0005,other,123
TX00001317,2015,GTA_MT_0070,slaughterhouse,SH_MT_01,slaughter,238
TX00001318,2015,GTA_MT_0070,property,GTA_MT_0002,fattening,23
TX00001319,2015,GTA_MT_0071,property,GTA_MT_0003,breeding,116
TX00001320,2015,GTA_MT_0072,slaughterhouse,SH_MT_04,slaughter,194
TX00001321,2015,GTA_MT_0072,property,GTA_MT_0004,other,33
TX00001322,2015,GTA_PA_0001,property,GTA_PA_0005,fattening,27
TX00001323,2015,GTA_PA_0001,property,GTA_PA_0005,other,12
TX00001324,2015,GTA_PA_0002,slaughterhouse,SH_PA_02,slaughter,213
TX00001325,2015,GTA_PA_0002,property,GTA_PA_0010,breeding,21
TX00001326,2015,GTA_PA_0003,slaughterhouse,SH_PA_03,slaughter,156
TX00001327,2015,GTA_PA_0003,slaughterhouse,SH_PA_04,slaughter,43
TX00001328,2015,GTA_PA_0003,property,GTA_PA_0007,other,64
TX00001329,2015,GTA_PA_0004,slaughterhouse,SH_PA_04,slaughter,211
TX00001330,2015,GTA_PA_0004,property,GTA_PA_0008,fattening,93
TX00001331,2015,GTA_PA_0005,slaughterhouse,SH_PA_01,slaughter,160
TX00001332,2015,GTA_PA_0005,slaughterhouse,SH_PA_02,slaughter,54
TX00001333,2015,GTA_PA_0005,property,GTA_PA_0009,breeding,117
TX00001334,2015,GTA_PA_0006,property,GTA_PA_0010,other,113
TX00001335,2015,GTA_PA_0007,slaughterhouse,SH_PA_03,slaughter,242
TX00001336,2015,GTA_PA_0007,slaughterhouse,SH_PA_04,slaughter,19
TX00001337,2015,GTA_PA_0007,property,GTA_PA_0015,fattening,69
TX00001338,2015,GTA_PA_0008,slaughterhouse,SH_PA_04,slaughter,281
TX00001339,2015,GTA_PA_0008,property,GTA_PA_0012,breeding,118
TX00001340,2015,GTA_PA_0009,slaughterhouse,SH_PA_01,slaughter,228
TX00001341,2015,GTA_PA_0009,slaughterhouse,SH_PA_02,slaughter,18
TX00001342,2015,GTA_PA_0009,property,GTA_PA_0013,other,77
TX00001343,2015,GTA_PA_0010,slaughterhouse,SH_PA_02,slaughter,148
TX00001344,2015,GTA_PA_0010,property,GTA_PA_0014,fattening,94
TX00001345,2015,GTA_PA_0011,property,GTA_PA_0015,breeding,33
TX00001346,2015,GTA_PA_0012,slaughterhouse,SH_PA_03,slaughter,189
TX00001347,2015,GTA_PA_0012,property,GTA_PA_0020,other,36
TX00001348,2015,GTA_PA_0012,property,GTA_PA_0020,other,9
TX00001349,2015,GTA_PA_0013,slaughterhouse,SH_PA_01,slaughter,245
TX00001350,2015,GTA_PA_0013,slaughterhouse,SH_PA_02,slaughter,41
TX00001351,2015,GTA_PA_0013,property,GTA_PA_0017,fattening,91
TX00001352,2015,GTA_PA_0014,slaughterhouse,SH_PA_02,slaughter,228
TX00001353,2015,GTA_PA_0014,property,GTA_PA_0018,breeding,26
TX00001354,2015,GTA_PA_0015,slaughterhouse,SH_PA_03,slaughter,223
TX00001355,2015,GTA_PA_0015,slaughterhouse,SH_PA_04,slaughter,40
TX00001356,2015,GTA_PA_0015,property,GTA_PA_0019,other,87
TX00001357,2015,GTA_PA_0016,property,GTA_PA_0020,fattening,103
TX00001358,2015,GTA_PA_0017,slaughterhouse,SH_PA_01,slaughter,208
TX00001359,2015,GTA_PA_0017,slaughterhouse,SH_PA_02,slaughter,35
TX00001360,2015,GTA_PA_0017,property,GTA_PA_0025,breeding,76
TX00001361,2015,GTA_PA_0018,slaughterhouse,SH_PA_02,slaughter,236
TX00001362,2015,GTA_PA_0018,property,GTA_PA_0022,other,83
TX00001363,2015,GTA_PA_0019,slaughterhouse,SH_PA_03,slaughter,229
TX00001364,2015,GTA_PA_0019,slaughterhouse,SH_PA_04,slaughter,17
TX00001365,2015,GTA_PA_0019,property,GTA_PA_0023,fattening,69
TX00001366,2015,GTA_PA_0020,slaughterhouse,SH_PA_04,slaughter,244
TX00001367,2015,GTA_PA_0020,property,GTA_PA_0024,breeding,36
TX00001368,2015,GTA_PA_0021,property,GTA_PA_0025,other,62
TX00001369,2015,GTA_PA_0022,slaughterhouse,SH_PA_02,slaughter,174
TX00001370,2015,GTA_PA_0022,property,GTA_PA_0030,fattening,30
TX00001371,2015,GTA_PA_0023,slaughterhouse,SH_PA_03,slaughter,183
TX00001372,2015,GTA_PA_0023,slaughterhouse,SH_PA_04,slaughter,45
TX00001373,2015,GTA_PA_0023,property,GTA_PA_0027,breeding,21
TX00001374,2015,GTA_PA_0023,property,GTA_PA_0027,other,2
TX00001375,2015,GTA_PA_0024,slaughterhouse,SH_PA_03,slaughter,115
TX00001376,2015,GTA_PA_0024,property,GTA_PA_0028,other,103
TX00001377,2015,GTA_PA_0025,slaughterhouse,SH_PA_01,slaughter,252
TX00001378,2015,GTA_PA_0025,slaughterhouse,SH_PA_02,slaughter,41
TX00001379,2015,GTA_PA_0025,property,GTA_PA_0029,fattening,30
TX00001380,2015,GTA_PA_0026,property,GTA_PA_0030,breeding,24
TX00001381,2015,GTA_PA_0027,slaughterhouse,SH_PA_03,slaughter,161
TX00001382,2015,GTA_PA_0027,slaughterhouse,SH_PA_04,slaughter,36
TX00001383,2015,GTA_PA_0027,property,GTA_PA_0035,other,70
TX00001384,2015,GTA_PA_0028,slaughterhouse,SH_PA_03,slaughter,162
TX00001385,2015,GTA_PA_0028,property,GTA_PA_0032,fattening,24
TX00001386,2015,GTA_PA_0029,slaughterhouse,SH_PA_01,slaughter,202
TX00001387,2015,GTA_PA_0029,slaughterhouse,SH_PA_02,slaughter,51
TX00001388,2015,GTA_PA_0029,property,GTA_PA_0033,breeding,37
TX00001389,2015,GTA_PA_0030,slaughterhouse,SH_PA_02,slaughter,178
TX00001390,2015,GTA_PA_0030,property,GTA_PA_0034,other,99
TX00001391,2015,GTA_PA_0031,property,GTA_PA_0035,fattening,103
TX00001392,2015,GTA_PA_0032,slaughterhouse,SH_PA_04,slaughter,220
TX00001393,2015,GTA_PA_0032,property,GTA_PA_0040,breeding,35
TX00001394,2015,GTA_PA_0033,slaughterhouse,SH_PA_01,slaughter,239
TX00001395,2015,GTA_PA_0033,slaughterhouse,SH_PA_02,slaughter,54
TX00001396,2015,GTA_PA_0033,property,GTA_PA_0037,other,114
TX00001397,2015,GTA_PA_0034,slaughterhouse,SH_PA_02,slaughter,245
TX00001398,2015,GTA_PA_0034,property,GTA_PA_0038,fattening,47
TX00001399,2015,GTA_PA_0034,property,GTA_PA_0038,other,2
TX00001400,2015,GTA_PA_0035,slaughterhouse,SH_PA_03,slaughter,269
TX00001401,2015,GTA_PA_0035,slaughterhouse,SH_PA_04,slaughter,45
TX00001402,2015,GTA_PA_0035,property,GTA_PA_0039,breeding,75
TX00001403,2015,GTA_PA_0036,property,GTA_PA_0040,other,96
TX00001404,2015,GTA_PA_0037,slaughterhouse,SH_PA_01,slaughter,121
TX00001405,2015,GTA_PA_0037,slaughterhouse,SH_PA_02,slaughter,59
TX00001406,2015,GTA_PA_0037,property,GTA_PA_0045,fattening,103
TX00001407,2015,GTA_PA_0038,slaughterhouse,SH_PA_01,slaughter,154
TX00001408,2015,GTA_PA_0038,property,GTA_PA_0042,breeding,113
TX00001409,2015,GTA_PA_0039,slaughterhouse,SH_PA_03,slaughter,193
TX00001410,2015,GTA_PA_0039,slaughterhouse,SH_PA_04,slaughter,47
TX00001411,2015,GTA_PA_0039,property,GTA_PA_0043,other,85
TX00001412,2015,GTA_PA_0040,slaughterhouse,SH_PA_04,slaughter,172
TX00001413,2015,GTA_PA_0040,property,GTA_PA_0044,fattening,99
TX00001414,2015,GTA_PA_0041,property,GTA_PA_0045,breeding,98
TX00001415,2015,GTA_PA_0042,slaughterhouse,SH_PA_02,slaughter,241
TX00001416,2015,GTA_PA_0042,property,GTA_PA_0050,other,110
TX00001417,2015,GTA_PA_0043,slaughterhouse,SH_PA_03,slaughter,232
TX00001418,2015,GTA_PA_0043,slaughterhouse,SH_PA_04,slaughter,53
TX00001419,2015,GTA_PA_0043,property,GTA_PA_0047,fattening,86
TX00001420,2015,GTA_PA_0044,slaughterhouse,SH_PA_04,slaughter,253
TX00001421,2015,GTA_PA_0044,property,GTA_PA_0048,breeding,40
TX00001422,2015,GTA_PA_0045,slaughterhouse,SH_PA_01,slaughter,142
TX00001423,2015,GTA_PA_0045,slaughterhouse,SH_PA_02,slaughter,54
TX00001424,2015,GTA_PA_0045,property,GTA_PA_0049,other,50
TX00001425,2015,GTA_PA_0045,property,GTA_PA_0049,other,3
TX00001426,2015,GTA_PA_0046,property,GTA_PA_0050,fattening,46
TX00001427,2015,GTA_PA_0047,slaughterhouse,SH_PA_03,slaughter,209
TX00001428,2015,GTA_PA_0047,slaughterhouse,SH_PA_04,slaughter,47
TX00001429,2015,GTA_PA_0047,property,GTA_PA_0055,breeding,28
TX00001430,2015,GTA_PA_0048,slaughterhouse,SH_PA_04,slaughter,129
TX00001431,2015,GTA_PA_0048,property,GTA_PA_0052,other,53
TX00001432,2015,GTA_PA_0049,slaughterhouse,SH_PA_01,slaughter,198
TX00001433,2015,GTA_PA_0049,slaughterhouse,SH_PA_02,slaughter,16
TX00001434,2015,GTA_PA_0049,property,GTA_PA_0053,fattening,18
TX00001435,2015,GTA_PA_0050,slaughterhouse,SH_PA_02,slaughter,194
TX00001436,2015,GTA_PA_0050,property,GTA_PA_0054,breeding,43
TX00001437,2015,GTA_PA_0051,property,GTA_PA_0055,other,94
TX00001438,2015,GTA_PA_0052,slaughterhouse,SH_PA_04,slaughter,167
TX00001439,2015,GTA_PA_0052,property,GTA_PA_0060,fattening,86
TX00001440,2015,GTA_PA_0053,slaughterhouse,SH_PA_01,slaughter,222
TX00001441,2015,GTA_PA_0053,slaughterhouse,SH_PA_02,slaughter,46
TX00001442,2015,GTA_PA_0053,property,GTA_PA_0057,breeding,115
TX00001443,2015,GTA_PA_0054,slaughterhouse,SH_PA_02,slaughter,156
TX00001444,2015,GTA_PA_0054,property,GTA_PA_0058,other,89
TX00001445,2015,GTA_PA_0055,slaughterhouse,SH_PA_03,slaughter,230
TX00001446,2015,GTA_PA_0055,slaughterhouse,SH_PA_04,slaughter,42
TX00001447,2015,GTA_PA_0055,property,GTA_PA_0059,fattening,57
TX00001448,2015,GTA_PA_0056,property,GTA_PA_0060,breeding,115
TX00001449,2015,GTA_PA_0056,property,GTA_PA_0060,other,14
TX00001450,2015,GTA_PA_0057,slaughterhouse,SH_PA_01,slaughter,199
TX00001451,2015,GTA_PA_0057,slaughterhouse,SH_PA_02,slaughter,35
TX00001452,2015,GTA_PA_0057,property,GTA_PA_0065,other,72
TX00001453,2015,GTA_PA_0058,slaughterhouse,SH_PA_02,slaughter,250
TX00001454,2015,GTA_PA_0058,property,GTA_PA_0062,fattening,29
TX00001455,2015,GTA_PA_0059,slaughterhouse,SH_PA_03,slaughter,179
TX00001456,2015,GTA_PA_0059,slaughterhouse,SH_PA_04,slaughter,41
TX00001457,2015,GTA_PA_0059,property,GTA_PA_0063,breeding,24
TX00001458,2015,GTA_PA_0060,slaughterhouse,SH_PA_04,slaughter,182
TX00001459,2015,GTA_PA_0060,property,GTA_PA_0064,other,48
TX00001460,2015,GTA_PA_0061,property,GTA_PA_0065,fattening,100
TX00001461,2015,GTA_PA_0062,slaughterhouse,SH_PA_02,slaughter,159
TX00001462,2015,GTA_PA_0062,property,GTA_PA_0070,breeding,123
TX00001463,2015,GTA_PA_0063,slaughterhouse,SH_PA_03,slaughter,164
TX00001464,2015,GTA_PA_0063,slaughterhouse,SH_PA_04,slaughter,53
TX00001465,2015,GTA_PA_0063,property,GTA_PA_0067,other,46
TX00001466,2015,GTA_PA_0064,slaughterhouse,SH_PA_04,slaughter,175
TX00001467,2015,GTA_PA_0064,property,GTA_PA_0068,fattening,50
TX00001468,2015,GTA_PA_0065,slaughterhouse,SH_PA_01,slaughter,197
TX00001469,2015,GTA_PA_0065,slaughterhouse,SH_PA_02,slaughter,43
TX00001470,2015,GTA_PA_0065,property,GTA_PA_0069,breeding,101
TX00001471,2015,GTA_PA_0066,property,GTA_PA_0070,other,87
TX00001472,2015,GTA_PA_0067,slaughterhouse,SH_PA_03,slaughter,131
TX00001473,2015,GTA_PA_0067,slaughterhouse,SH_PA_04,slaughter,16
TX00001474,2015,GTA_PA_0067,property,GTA_PA_0003,fattening,121
TX00001475,2015,GTA_PA_0067,property,GTA_PA_0003,other,6
TX00001476,2015,GTA_PA_0068,slaughterhouse,SH_PA_04,slaughter,214
TX00001477,2015,GTA_PA_0068,property,GTA_PA_0072,breeding,84
TX00001478,2015,GTA_PA_0069,slaughterhouse,SH_PA_01,slaughter,225
TX00001479,2015,GTA_PA_0069,slaughterhouse,SH_PA_02,slaughter,30
TX00001480,2015,GTA_PA_0069,property,GTA_PA_0005,other,76
TX00001481,2015,GTA_PA_0070,slaughterhouse,SH_PA_02,slaughter,187
TX00001482,2015,GTA_PA_0070,property,GTA_PA_0002,fattening,116
TX00001483,2015,GTA_PA_0071,property,GTA_PA_0003,breeding,99
TX00001484,2015,GTA_PA_0072,slaughterhouse,SH_PA_04,slaughter,143
TX00001485,2015,GTA_PA_0072,property,GTA_PA_0004,other,124
TX00001486,2016,GTA_RO_0001,slaughterhouse,SH_RO_01,slaughter,185
TX00001487,2016,GTA_RO_0001,slaughterhouse,SH_RO_02,slaughter,18
TX00001488,2016,GTA_RO_0001,property,GTA_RO_0009,fattening,48
TX00001489,2016,GTA_RO_0001,property,GTA_RO_0009,other,4
TX00001490,2016,GTA_RO_0002,slaughterhouse,SH_RO_02,slaughter,193
TX00001491,2016,GTA_RO_0002,property,GTA_RO_0006,breeding,87
TX00001492,2016,GTA_RO_0003,slaughterhouse,SH_RO_03,slaughter,240
TX00001493,2016,GTA_RO_0003,slaughterhouse,SH_RO_02,slaughter,20
TX00001494,2016,GTA_RO_0003,property,GTA_RO_0007,other,102
TX00001495,2016,GTA_RO_0004,slaughterhouse,SH_RO_03,slaughter,185
TX00001496,2016,GTA_RO_0004,property,GTA_RO_0008,fattening,118
TX00001497,2016,GTA_RO_0005,property,GTA_RO_0009,breeding,24
TX00001498,2016,GTA_RO_0006,slaughterhouse,SH_RO_01,slaughter,224
TX00001499,2016,GTA_RO_0006,property,GTA_RO_0014,other,106
TX00001500,2016,GTA_RO_0007,slaughterhouse,SH_RO_02,slaughter,141
TX00001501,2016,GTA_RO_0007,slaughterhouse,SH_RO_03,slaughter,34
TX00001502,2016,GTA_RO_0007,property,GTA_RO_0011,fattening,40
TX00001503,2016,GTA_RO_0008,slaughterhouse,SH_RO_04,slaughter,137
TX00001504,2016,GTA_RO_0008,property,GTA_RO_0012,breeding,117
TX00001505,2016,GTA_RO_0009,slaughterhouse,SH_RO_02,slaughter,161
TX00001506,2016,GTA_RO_0009,slaughterhouse,SH_RO_01,slaughter,56
TX00001507,2016,GTA_RO_0009,property,GTA_RO_0013,other,24
TX00001508,2016,GTA_RO_0010,property,GTA_RO_0014,fattening,40
TX00001509,2016,GTA_RO_0011,slaughterhouse,SH_RO_04,slaughter,218
TX00001510,2016,GTA_RO_0011,slaughterhouse,SH_RO_03,slaughter,17
TX00001511,2016,GTA_RO_0011,property,GTA_RO_0019,breeding,42
TX00001512,2016,GTA_RO_0012,slaughterhouse,SH_RO_04,slaughter,206
TX00001513,2016,GTA_RO_0012,property,GTA_RO_0016,other,82
TX00001514,2016,GTA_RO_0012,property,GTA_RO_0016,other,2
TX00001515,2016,GTA_RO_0013,slaughterhouse,SH_RO_01,slaughter,255
TX00001516,2016,GTA_RO_0013,slaughterhouse,SH_RO_02,slaughter,26
TX00001517,2016,GTA_RO_0013,property,GTA_RO_0017,fattening,89
TX00001518,2016,GTA_RO_0014,slaughterhouse,SH_RO_02,slaughter,183
TX00001519,2016,GTA_RO_0014,property,GTA_RO_0018,breeding,34
TX00001520,2016,GTA_RO_0015,property,GTA_RO_0019,other,116
TX00001521,2016,GTA_RO_0016,slaughterhouse,SH_RO_04,slaughter,188
TX00001522,2016,GTA_RO_0016,property,GTA_RO_0024,fattening,51
TX00001523,2016,GTA_RO_0017,slaughterhouse,SH_RO_02,slaughter,166
TX00001524,2016,GTA_RO_0017,slaughterhouse,SH_RO_03,slaughter,31
TX00001525,2016,GTA_RO_0017,property,GTA_RO_0021,breeding,64
TX00001526,2016,GTA_RO_0018,slaughterhouse,SH_RO_02,slaughter,227
TX00001527,2016,GTA_RO_0018,property,GTA_RO_0022,other,93
TX00001528,2016,GTA_RO_0019,slaughterhouse,SH_RO_03,slaughter,211
TX00001529,2016,GTA_RO_0019,slaughterhouse,SH_RO_04,slaughter,16
TX00001530,2016,GTA_RO_0019,property,GTA_RO_0023,fattening,85
TX00001531,2016,GTA_RO_0020,property,GTA_RO_0024,breeding,82
TX00001532,2016,GTA_RO_0021,slaughterhouse,SH_RO_01,slaughter,214
TX00001533,2016,GTA_RO_0021,slaughterhouse,SH_RO_02,slaughter,43
TX00001534,2016,GTA_RO_0021,property,GTA_RO_0029,other,87
TX00001535,2016,GTA_RO_0022,slaughterhouse,SH_RO_02,slaughter,189
TX00001536,2016,GTA_RO_0022,property,GTA_RO_0026,fattening,103
TX00001537,2016,GTA_RO_0023,slaughterhouse,SH_RO_03,slaughter,163
TX00001538,2016,GTA_RO_0023,slaughterhouse,SH_RO_04,slaughter,44
TX00001539,2016,GTA_RO_0023,property,GTA_RO_0027,breeding,21
TX00001540,2016,GTA_RO_0023,property,GTA_RO_0027,other,13
TX00001541,2016,GTA_RO_0024,slaughterhouse,SH_RO_03,slaughter,198
TX00001542,2016,GTA_RO_0024,property,GTA_RO_0028,other,94
TX00001543,2016,GTA_RO_0025,property,GTA_RO_0029,fattening,94
TX00001544,2016,GTA_RO_0026,slaughterhouse,SH_RO_02,slaughter,174
TX00001545,2016,GTA_RO_0026,property,GTA_RO_0034,breeding,42
TX00001546,2016,GTA_RO_0027,slaughterhouse,SH_RO_03,slaughter,220
TX00001547,2016,GTA_RO_0027,slaughterhouse,SH_RO_04,slaughter,28
TX00001548,2016,GTA_RO_0027,property,GTA_RO_0031,other,65
TX00001549,2016,GTA_RO_0028,slaughterhouse,SH_RO_03,slaughter,210
TX00001550,2016,GTA_RO_0028,property,GTA_RO_0032,fattening,82
TX00001551,2016,GTA_RO_0029,slaughterhouse,SH_RO_01,slaughter,225
TX00001552,2016,GTA_RO_0029,slaughterhouse,SH_RO_02,slaughter,57
TX00001553,2016,GTA_RO_0029,property,GTA_RO_0033,breeding,120
TX00001554,2016,GTA_RO_0030,property,GTA_RO_0034,other,49
TX00001555,2016,GTA_RO_0031,slaughterhouse,SH_RO_03,slaughter,202
TX00001556,2016,GTA_RO_0031,slaughterhouse,SH_RO_04,slaughter,22
TX00001557,2016,GTA_RO_0031,property,GTA_RO_0039,fattening,82
TX00001558,2016,GTA_RO_0032,slaughterhouse,SH_RO_03,slaughter,157
TX00001559,2016,GTA_RO_0032,property,GTA_RO_0036,breeding,34
TX00001560,2016,GTA_RO_0033,slaughterhouse,SH_RO_02,slaughter,152
TX00001561,2016,GTA_RO_0033,slaughterhouse,SH_RO_01,slaughter,35
TX00001562,2016,GTA_RO_0033,property,GTA_RO_0037,other,46
TX00001563,2016,GTA_RO_0034,slaughterhouse,SH_RO_04,slaughter,203
TX00001564,2016,GTA_RO_0034,property,GTA_RO_0038,fattening,120
TX00001565,2016,GTA_RO_0034,property,GTA_RO_0038,other,8
TX00001566,2016,GTA_RO_0035,property,GTA_RO_0039,breeding,86
TX00001567,2016,GTA_RO_0036,slaughterhouse,SH_RO_04,slaughter,233
TX00001568,2016,GTA_RO_0036,property,GTA_RO_0044,other,29
TX00001569,2016,GTA_RO_0037,slaughterhouse,SH_RO_01,slaughter,184
TX00001570,2016,GTA_RO_0037,slaughterhouse,SH_RO_02,slaughter,38
TX00001571,2016,GTA_RO_0037,property,GTA_RO_0041,fattening,82
TX00001572,2016,GTA_RO_0038,slaughterhouse,SH_RO_01,slaughter,235
TX00001573,2016,GTA_RO_0038,property,GTA_RO_0042,breeding,76
TX00001574,2016,GTA_RO_0039,slaughterhouse,SH_RO_03,slaughter,217
TX00001575,2016,GTA_RO_0039,slaughterhouse,SH_RO_04,slaughter,42
TX00001576,2016,GTA_RO_0039,property,GTA_RO_0043,other,77
TX00001577,2016,GTA_RO_0040,property,GTA_RO_0044,fattening,69
TX00001578,2016,GTA_RO_0041,slaughterhouse,SH_RO_01,slaughter,189
TX00001579,2016,GTA_RO_0041,slaughterhouse,SH_RO_02,slaughter,40
TX00001580,2016,GTA_RO_0041,property,GTA_RO_0049,breeding,57
TX00001581,2016,GTA_RO_0042,slaughterhouse,SH_RO_02,slaughter,238
TX00001582,2016,GTA_RO_0042,property,GTA_RO_0046,other,48
TX00001583,2016,GTA_RO_0043,slaughterhouse,SH_RO_03,slaughter,233
TX00001584,2016,GTA_RO_0043,slaughterhouse,SH_RO_04,slaughter,53
TX00001585,2016,GTA_RO_0043,property,GTA_RO_0047,fattening,74
TX00001586,2016,GTA_RO_0044,slaughterhouse,SH_RO_03,slaughter,230
TX00001587,2016,GTA_RO_0044,property,GTA_RO_0048,breeding,59
TX00001588,2016,GTA_RO_0045,property,GTA_RO_0049,other,22
TX00001589,2016,GTA_RO_0045,property,GTA_RO_0049,other,4
TX00001590,2016,GTA_RO_0046,slaughterhouse,SH_RO_01,slaughter,179
TX00001591,2016,GTA_RO_0046,property,GTA_RO_0054,fattening,122
TX00001592,2016,GTA_RO_0047,slaughterhouse,SH_RO_02,slaughter,181
TX00001593,2016,GTA_RO_0047,slaughterhouse,SH_RO_01,slaughter,43
TX00001594,2016,GTA_RO_0047,property,GTA_RO_0051,breeding,95
TX00001595,2016,GTA_RO_0048,slaughterhouse,SH_RO_03,slaughter,252
TX00001596,2016,GTA_RO_0048,property,GTA_RO_0052,other,111
TX00001597,2016,GTA_RO_0049,slaughterhouse,SH_RO_02,slaughter,84
TX00001598,2016,GTA_RO_0049,slaughterhouse,SH_RO_01,slaughter,16
TX00001599,2016,GTA_RO_0049,property,GTA_RO_0053,fattening,107
TX00001600,2016,GTA_RO_0050,property,GTA_RO_0054,breeding,105
TX00001601,2016,GTA_RO_0051,slaughterhouse,SH_RO_03,slaughter,193
TX00001602,2016,GTA_RO_0051,slaughterhouse,SH_RO_04,slaughter,53
TX00001603,2016,GTA_RO_0051,property,GTA_RO_0059,other,87
TX00001604,2016,GTA_RO_0052,slaughterhouse,SH_RO_04,slaughter,214
TX00001605,2016,GTA_RO_0052,property,GTA_RO_0056,fattening,100
TX00001606,2016,GTA_RO_0053,slaughterhouse,SH_RO_02,slaughter,164
TX00001607,2016,GTA_RO_0053,slaughterhouse,SH_RO_03,slaughter,57
TX00001608,2016,GTA_RO_0053,property,GTA_RO_0057,breeding,105
TX00001609,2016,GTA_RO_0054,slaughterhouse,SH_RO_02,slaughter,247
TX00001610,2016,GTA_RO_0054,property,GTA_RO_0058,other,22
TX00001611,2016,GTA_RO_0055,property,GTA_RO_0059,fattening,81
TX00001612,2016,GTA_RO_0056,slaughterhouse,SH_RO_04,slaughter,156
TX00001613,2016,GTA_RO_0056,property,GTA_RO_0064,breeding,29
TX00001614,2016,GTA_RO_0056,property,GTA_RO_0064,other,5
TX00001615,2016,GTA_RO_0057,slaughterhouse,SH_RO_02,slaughter,226
TX00001616,2016,GTA_RO_0057,slaughterhouse,SH_RO_01,slaughter,39
TX00001617,2016,GTA_RO_0057,property,GTA_RO_0061,other,37
TX00001618,2016,GTA_RO_0058,slaughterhouse,SH_RO_01,slaughter,213
TX00001619,2016,GTA_RO_0058,property,GTA_RO_0062,fattening,123
TX00001620,2016,GTA_RO_0059,slaughterhouse,SH_RO_04,slaughter,187
TX00001621,2016,GTA_RO_0059,slaughterhouse,SH_RO_03,slaughter,17
TX00001622,2016,GTA_RO_0059,property,GTA_RO_0063,breeding,48
TX00001623,2016,GTA_RO_0060,property,GTA_RO_0064,other,67
TX00001624,2016,GTA_RO_0061,slaughterhouse,SH_RO_01,slaughter,202
TX00001625,2016,GTA_RO_0061,slaughterhouse,SH_RO_02,slaughter,20
TX00001626,2016,GTA_RO_0061,property,GTA_RO_0069,fattening,115
TX00001627,2016,GTA_RO_0062,slaughterhouse,SH_RO_02,slaughter,195
TX00001628,2016,GTA_RO_0062,property,GTA_RO_0066,breeding,35
TX00001629,2016,GTA_RO_0063,slaughterhouse,SH_RO_03,slaughter,201
TX00001630,2016,GTA_RO_0063,slaughterhouse,SH_RO_04,slaughter,51
TX00001631,2016,GTA_RO_0063,property,GTA_RO_0067,other,100
TX00001632,2016,GTA_RO_0064,slaughterhouse,SH_RO_04,slaughter,191
TX00001633,2016,GTA_RO_0064,property,GTA_RO_0068,fattening,117
TX00001634,2016,GTA_RO_0065,property,GTA_RO_0069,breeding,114
TX00001635,2016,GTA_RO_0066,slaughterhouse,SH_RO_02,slaughter,194
TX00001636,2016,GTA_RO_0066,property,GTA_RO_0002,other,121
TX00001637,2016,GTA_RO_0067,slaughterhouse,SH_RO_04,slaughter,217
TX00001638,2016,GTA_RO_0067,slaughterhouse,SH_RO_03,slaughter,41
TX00001639,2016,GTA_RO_0067,property,GTA_RO_0071,fattening,91
TX00001640,2016,GTA_RO_0067,property,GTA_RO_0071,other,8
TX00001641,2016,GTA_RO_0068,slaughterhouse,SH_RO_04,slaughter,148
TX00001642,2016,GTA_RO_0068,property,GTA_RO_0072,breeding,92
TX00001643,2016,GTA_RO_0069,slaughterhouse,SH_RO_01,slaughter,206
TX00001644,2016,GTA_RO_0069,slaughterhouse,SH_RO_02,slaughter,42
TX00001645,2016,GTA_RO_0069,property,GTA_RO_0001,other,100
TX00001646,2016,GTA_RO_0070,property,GTA_RO_0002,fattening,33
TX00001647,2016,GTA_RO_0071,slaughterhouse,SH_RO_04,slaughter,219
TX00001648,2016,GTA_RO_0071,slaughterhouse,SH_RO_03,slaughter,32
TX00001649,2016,GTA_RO_0071,property,GTA_RO_0003,breeding,70
TX00001650,2016,GTA_RO_0072,slaughterhouse,SH_RO_04,slaughter,165
TX00001651,2016,GTA_RO_0072,property,GTA_RO_0004,other,45
TX00001652,2016,GTA_MT_0001,slaughterhouse,SH_MT_01,slaughter,280
TX00001653,2016,GTA_MT_0001,slaughterhouse,SH_MT_02,slaughter,21
TX00001654,2016,GTA_MT_0001,property,GTA_MT_0009,fattening,81
TX00001655,2016,GTA_MT_0001,property,GTA_MT_0009,other,11
TX00001656,2016,GTA_MT_0002,slaughterhouse,SH_MT_02,slaughter,195
TX00001657,2016,GTA_MT_0002,property,GTA_MT_0006,breeding,89
TX00001658,2016,GTA_MT_0003,slaughterhouse,SH_MT_04,slaughter,188
TX00001659,2016,GTA_MT_0003,slaughterhouse,SH_MT_03,slaughter,58
TX00001660,2016,GTA_MT_0003,property,GTA_MT_0007,other,83
TX00001661,2016,GTA_MT_0004,slaughterhouse,SH_MT_03,slaughter,238
TX00001662,2016,GTA_MT_0004,property,GTA_MT_0008,fattening,67
TX00001663,2016,GTA_MT_0005,property,GTA_MT_0009,breeding,25
TX00001664,2016,GTA_MT_0006,slaughterhouse,SH_MT_02,slaughter,222
TX00001665,2016,GTA_MT_0006,property,GTA_MT_0014,other,42
TX00001666,2016,GTA_MT_0007,slaughterhouse,SH_MT_03,slaughter,130
TX00001667,2016,GTA_MT_0007,slaughterhouse,SH_MT_04,slaughter,41
TX00001668,2016,GTA_MT_0007,property,GTA_MT_0011,fattening,21
TX00001669,2016,GTA_MT_0008,slaughterhouse,SH_MT_04,slaughter,103
TX00001670,2016,GTA_MT_0008,property,GTA_MT_0012,breeding,80
TX00001671,2016,GTA_MT_0009,slaughterhouse,SH_MT_01,slaughter,228
TX00001672,2016,GTA_MT_0009,slaughterhouse,SH_MT_02,slaughter,25
TX00001673,2016,GTA_MT_0009,property,GTA_MT_0013,other,47
TX00001674,2016,GTA_MT_0010,property,GTA_MT_0014,fattening,73
TX00001675,2016,GTA_MT_0011,slaughterhouse,SH_MT_03,slaughter,176
TX00001676,2016,GTA_MT_0011,slaughterhouse,SH_MT_04,slaughter,34
TX00001677,2016,GTA_MT_0011,property,GTA_MT_0019,breeding,27
TX00001678,2016,GTA_MT_0012,slaughterhouse,SH_MT_04,slaughter,197
TX00001679,2016,GTA_MT_0012,property,GTA_MT_0016,other,19
TX00001680,2016,GTA_MT_0012,property,GTA_MT_0016,other,12
TX00001681,2016,GTA_MT_0013,slaughterhouse,SH_MT_01,slaughter,212
TX00001682,2016,GTA_MT_0013,slaughterhouse,SH_MT_02,slaughter,19
TX00001683,2016,GTA_MT_0013,property,GTA_MT_0017,fattening,63
TX00001684,2016,GTA_MT_0014,slaughterhouse,SH_MT_02,slaughter,99
TX00001685,2016,GTA_MT_0014,property,GTA_MT_0018,breeding,29
TX00001686,2016,GTA_MT_0015,property,GTA_MT_0019,other,39
TX00001687,2016,GTA_MT_0016,slaughterhouse,SH_MT_04,slaughter,181
TX00001688,2016,GTA_MT_0016,property,GTA_MT_0024,fattening,68
TX00001689,2016,GTA_MT_0017,slaughterhouse,SH_MT_02,slaughter,163
TX00001690,2016,GTA_MT_0017,slaughterhouse,SH_MT_01,slaughter,58
TX00001691,2016,GTA_MT_0017,property,GTA_MT_0021,breeding,103
TX00001692,2016,GTA_MT_0018,slaughterhouse,SH_MT_02,slaughter,172
TX00001693,2016,GTA_MT_0018,property,GTA_MT_0022,other,22
TX00001694,2016,GTA_MT_0019,slaughterhouse,SH_MT_03,slaughter,203
TX00001695,2016,GTA_MT_0019,slaughterhouse,SH_MT_04,slaughter,56
TX00001696,2016,GTA_MT_0019,property,GTA_MT_0023,fattening,21
TX00001697,2016,GTA_MT_0020,property,GTA_MT_0024,breeding,80
TX00001698,2016,GTA_MT_0021,slaughterhouse,SH_MT_01,slaughter,199
TX00001699,2016,GTA_MT_0021,slaughterhouse,SH_MT_02,slaughter,49
TX00001700,2016,GTA_MT_0021,property,GTA_MT_0029,other,27
TX00001701,2016,GTA_MT_0022,slaughterhouse,SH_MT_01,slaughter,199
TX00001702,2016,GTA_MT_0022,property,GTA_MT_0026,fattening,18
TX00001703,2016,GTA_MT_0023,slaughterhouse,SH_MT_04,slaughter,218
TX00001704,2016,GTA_MT_0023,slaughterhouse,SH_MT_03,slaughter,52
TX00001705,2016,GTA_MT_0023,property,GTA_MT_0027,breeding,35
TX00001706,2016,GTA_MT_0023,property,GTA_MT_0027,other,4
TX00001707,2016,GTA_MT_0024,slaughterhouse,SH_MT_04,slaughter,176
TX00001708,2016,GTA_MT_0024,property,GTA_MT_0028,other,29
TX00001709,2016,GTA_MT_0025,property,GTA_MT_0029,fattening,80
TX00001710,2016,GTA_MT_0026,slaughterhouse,SH_MT_02,slaughter,124
TX00001711,2016,GTA_MT_0026,property,GTA_MT_0034,breeding,106
TX00001712,2016,GTA_MT_0027,slaughterhouse,SH_MT_04,slaughter,241
TX00001713,2016,GTA_MT_0027,slaughterhouse,SH_MT_03,slaughter,52
TX00001714,2016,GTA_MT_0027,property,GTA_MT_0031,other,24
TX00001715,2016,GTA_MT_0028,slaughterhouse,SH_MT_03,slaughter,156
TX00001716,2016,GTA_MT_0028,property,GTA_MT_0032,fattening,114
TX00001717,2016,GTA_MT_0029,slaughterhouse,SH_MT_01,slaughter,165
TX00001718,2016,GTA_MT_0029,slaughterhouse,SH_MT_02,slaughter,59
TX00001719,2016,GTA_MT_0029,property,GTA_MT_0033,breeding,18
TX00001720,2016,GTA_MT_0030,property,GTA_MT_0034,other,45
TX00001721,2016,GTA_MT_0031,slaughterhouse,SH_MT_03,slaughter,223
TX00001722,2016,GTA_MT_0031,slaughterhouse,SH_MT_04,slaughter,33
TX00001723,2016,GTA_MT_0031,property,GTA_MT_0039,fattening,108
TX00001724,2016,GTA_MT_0032,slaughterhouse,SH_MT_04,slaughter,220
TX00001725,2016,GTA_MT_0032,property,GTA_MT_0036,breeding,93
TX00001726,2016,GTA_MT_0033,slaughterhouse,SH_MT_01,slaughter,192
TX00001727,2016,GTA_MT_0033,slaughterhouse,SH_MT_02,slaughter,58
TX00001728,2016,GTA_MT_0033,property,GTA_MT_0037,other,22
TX00001729,2016,GTA_MT_0034,slaughterhouse,SH_MT_02,slaughter,121
TX00001730,2016,GTA_MT_0034,property,GTA_MT_0038,fattening,24
TX00001731,2016,GTA_MT_0034,property,GTA_MT_0038,other,6
TX00001732,2016,GTA_MT_0035,property,GTA_MT_0039,breeding,98
TX00001733,2016,GTA_MT_0036,slaughterhouse,SH_MT_04,slaughter,172
TX00001734,2016,GTA_MT_0036,property,GTA_MT_0044,other,110
TX00001735,2016,GTA_MT_0037,slaughterhouse,SH_MT_01,slaughter,190
TX00001736,2016,GTA_MT_0037,slaughterhouse,SH_MT_02,slaughter,55
TX00001737,2016,GTA_MT_0037,property,GTA_MT_0041,fattening,56
TX00001738,2016,GTA_MT_0038,slaughterhouse,SH_MT_01,slaughter,161
TX00001739,2016,GTA_MT_0038,property,GTA_MT_0042,breeding,29
TX00001740,2016,GTA_MT_0039,slaughterhouse,SH_MT_03,slaughter,176
TX00001741,2016,GTA_MT_0039,slaughterhouse,SH_MT_04,slaughter,34
TX00001742,2016,GTA_MT_0039,property,GTA_MT_0043,other,72
TX00001743,2016,GTA_MT_0040,property,GTA_MT_0044,fattening,97
TX00001744,2016,GTA_MT_0041,slaughterhouse,SH_MT_01,slaughter,151
TX00001745,2016,GTA_MT_0041,slaughterhouse,SH_MT_02,slaughter,18
TX00001746,2016,GTA_MT_0041,property,GTA_MT_0049,breeding,49
TX00001747,2016,GTA_MT_0042,slaughterhouse,SH_MT_02,slaughter,161
TX00001748,2016,GTA_MT_0042,property,GTA_MT_0046,other,39
TX00001749,2016,GTA_MT_0043,slaughterhouse,SH_MT_03,slaughter,193
TX00001750,2016,GTA_MT_0043,slaughterhouse,SH_MT_04,slaughter,25
TX00001751,2016,GTA_MT_0043,property,GTA_MT_0047,fattening,87
TX00001752,2016,GTA_MT_0044,slaughterhouse,SH_MT_03,slaughter,184
TX00001753,2016,GTA_MT_0044,property,GTA_MT_0048,breeding,45
TX00001754,2016,GTA_MT_0045,property,GTA_MT_0049,other,118
TX00001755,2016,GTA_MT_0045,property,GTA_MT_0049,other,12
TX00001756,2016,GTA_MT_0046,slaughterhouse,SH_MT_02,slaughter,159
TX00001757,2016,GTA_MT_0046,property,GTA_MT_0054,fattening,101
TX00001758,2016,GTA_MT_0047,slaughterhouse,SH_MT_03,slaughter,162
TX00001759,2016,GTA_MT_0047,slaughterhouse,SH_MT_04,slaughter,47
TX00001760,2016,GTA_MT_0047,property,GTA_MT_0051,breeding,30
TX00001761,2016,GTA_MT_0048,slaughterhouse,SH_MT_03,slaughter,146
TX00001762,2016,GTA_MT_0048,property,GTA_MT_0052,other,54
TX00001763,2016,GTA_MT_0049,slaughterhouse,SH_MT_02,slaughter,232
TX00001764,2016,GTA_MT_0049,slaughterhouse,SH_MT_01,slaughter,28
TX00001765,2016,GTA_MT_0049,property,GTA_MT_0053,fattening,46
TX00001766,2016,GTA_MT_0050,property,GTA_MT_0054,breeding,64
TX00001767,2016,GTA_MT_0051,slaughterhouse,SH_MT_03,slaughter,222
TX00001768,2016,GTA_MT_0051,slaughterhouse,SH_MT_04,slaughter,52
TX00001769,2016,GTA_MT_0051,property,GTA_MT_0059,other,65
TX00001770,2016,GTA_MT_0052,slaughterhouse,SH_MT_04,slaughter,206
TX00001771,2016,GTA_MT_0052,property,GTA_MT_0056,fattening,96
TX00001772,2016,GTA_MT_0053,slaughterhouse,SH_MT_01,slaughter,180
TX00001773,2016,GTA_MT_0053,slaughterhouse,SH_MT_02,slaughter,31
TX00001774,2016,GTA_MT_0053,property,GTA_MT_0057,breeding,82
TX00001775,2016,GTA_MT_0054,slaughterhouse,SH_MT_02,slaughter,191
TX00001776,2016,GTA_MT_0054,property,GTA_MT_0058,other,78
TX00001777,2016,GTA_MT_0055,property,GTA_MT_0059,fattening,53
TX00001778,2016,GTA_MT_0056,slaughterhouse,SH_MT_03,slaughter,218
TX00001779,2016,GTA_MT_0056,property,GTA_MT_0064,breeding,79
TX00001780,2016,GTA_MT_0056,property,GTA_MT_0064,other,6
TX00001781,2016,GTA_MT_0057,slaughterhouse,SH_MT_01,slaughter,163
TX00001782,2016,GTA_MT_0057,slaughterhouse,SH_MT_02,slaughter,29
TX00001783,2016,GTA_MT_0057,property,GTA_MT_0061,other,84
TX00001784,2016,GTA_MT_0058,slaughterhouse,SH_MT_02,slaughter,227
TX00001785,2016,GTA_MT_0058,property,GTA_MT_0062,fattening,105
TX00001786,2016,GTA_MT_0059,slaughterhouse,SH_MT_03,slaughter,146
TX00001787,2016,GTA_MT_0059,slaughterhouse,SH_MT_04,slaughter,53
TX00001788,2016,GTA_MT_0059,property,GTA_MT_0063,breeding,116
TX00001789,2016,GTA_MT_0060,property,GTA_MT_0064,other,87
TX00001790,2016,GTA_MT_0061,slaughterhouse,SH_MT_01,slaughter,194
TX00001791,2016,GTA_MT_0061,slaughterhouse,SH_MT_02,slaughter,55
TX00001792,2016,GTA_MT_0061,property,GTA_MT_0069,fattening,107
TX00001793,2016,GTA_MT_0062,slaughterhouse,SH_MT_02,slaughter,154
TX00001794,2016,GTA_MT_0062,property,GTA_MT_0066,breeding,34
TX00001795,2016,GTA_MT_0063,slaughterhouse,SH_MT_03,slaughter,160
TX00001796,2016,GTA_MT_0063,slaughterhouse,SH_MT_04,slaughter,50
TX00001797,2016,GTA_MT_0063,property,GTA_MT_0067,other,69
TX00001798,2016,GTA_MT_0064,slaughterhouse,SH_MT_04,slaughter,201
TX00001799,2016,GTA_MT_0064,property,GTA_MT_0068,fattening,60
TX00001800,2016,GTA_MT_0065,property,GTA_MT_0069,breeding,60
TX00001801,2016,GTA_MT_0066,slaughterhouse,SH_MT_01,slaughter,255
TX00001802,2016,GTA_MT_0066,property,GTA_MT_0002,other,109
TX00001803,2016,GTA_MT_0067,slaughterhouse,SH_MT_03,slaughter,203
TX00001804,2016,GTA_MT_0067,slaughterhouse,SH_MT_04,slaughter,35
TX00001805,2016,GTA_MT_0067,property,GTA_MT_0071,fattening,100
TX00001806,2016,GTA_MT_0067,property,GTA_MT_0071,other,1
TX00001807,2016,GTA_MT_0068,slaughterhouse,SH_MT_04,slaughter,136
TX00001808,2016,GTA_MT_0068,property,GTA_MT_0072,breeding,67
TX00001809,2016,GTA_MT_0069,slaughterhouse,SH_MT_01,slaughter,220
TX00001810,2016,GTA_MT_0069,slaughterhouse,SH_MT_02,slaughter,21
TX00001811,2016,GTA_MT_0069,property,GTA_MT_0001,other,56
TX00001812,2016,GTA_MT_0070,property,GTA_MT_0002,fattening,86
TX00001813,2016,GTA_MT_0071,slaughterhouse,SH_MT_03,slaughter,182
TX00001814,2016,GTA_MT_0071,slaughterhouse,SH_MT_04,slaughter,51
TX00001815,2016,GTA_MT_0071,property,GTA_MT_0003,breeding,83
TX00001816,2016,GTA_MT_0072,slaughterhouse,SH_MT_04,slaughter,201
TX00001817,2016,GTA_MT_0072,property,GTA_MT_0004,other,18
TX00001818,2016,GTA_PA_0001,slaughterhouse,SH_PA_01,slaughter,178
TX00001819,2016,GTA_PA_0001,slaughterhouse,SH_PA_02,slaughter,54
TX00001820,2016,GTA_PA_0001,property,GTA_PA_0009,fattening,114
TX00001821,2016,GTA_PA_0001,property,GTA_PA_0009,other,1
TX00001822,2016,GTA_PA_0002,slaughterhouse,SH_PA_02,slaughter,187
TX00001823,2016,GTA_PA_0002,property,GTA_PA_0006,breeding,87
TX00001824,2016,GTA_PA_0003,slaughterhouse,SH_PA_03,slaughter,156
TX00001825,2016,GTA_PA_0003,slaughterhouse,SH_PA_04,slaughter,16
TX00001826,2016,GTA_PA_0003,property,GTA_PA_0007,other,35
TX00001827,2016,GTA_PA_0004,slaughterhouse,SH_PA_04,slaughter,171
TX00001828,2016,GTA_PA_0004,property,GTA_PA_0008,fattening,92
TX00001829,2016,GTA_PA_0005,property,GTA_PA_0009,breeding,111
TX00001830,2016,GTA_PA_0006,slaughterhouse,SH_PA_02,slaughter,191
TX00001831,2016,GTA_PA_0006,property,GTA_PA_0014,other,111
TX00001832,2016,GTA_PA_0007,slaughterhouse,SH_PA_03,slaughter,202
TX00001833,2016,GTA_PA_0007,slaughterhouse,SH_PA_04,slaughter,49
TX00001834,2016,GTA_PA_0007,property,GTA_PA_0011,fattening,39
TX00001835,2016,GTA_PA_0008,slaughterhouse,SH_PA_04,slaughter,157
TX00001836,2016,GTA_PA_0008,property,GTA_PA_0012,breeding,51
TX00001837,2016,GTA_PA_0009,slaughterhouse,SH_PA_01,slaughter,173
TX00001838,2016,GTA_PA_0009,slaughterhouse,SH_PA_02,slaughter,38
TX00001839,2016,GTA_PA_0009,property,GTA_PA_0013,other,93
TX00001840,2016,GTA_PA_0010,property,GTA_PA_0014,fattening,36
TX00001841,2016,GTA_PA_0011,slaughterhouse,SH_PA_03,slaughter,193
TX00001842,2016,GTA_PA_0011,slaughterhouse,SH_PA_04,slaughter,18
TX00001843,2016,GTA_PA_0011,property,GTA_PA_0019,breeding,124
TX00001844,2016,GTA_PA_0012,slaughterhouse,SH_PA_03,slaughter,176
TX00001845,2016,GTA_PA_0012,property,GTA_PA_0016,other,86
TX00001846,2016,GTA_PA_0012,property,GTA_PA_0016,other,2
TX00001847,2016,GTA_PA_0013,slaughterhouse,SH_PA_01,slaughter,227
TX00001848,2016,GTA_PA_0013,slaughterhouse,SH_PA_02,slaughter,35
TX00001849,2016,GTA_PA_0013,property,GTA_PA_0017,fattening,114
TX00001850,2016,GTA_PA_0014,slaughterhouse,SH_PA_02,slaughter,170
TX00001851,2016,GTA_PA_0014,property,GTA_PA_0018,breeding,59
TX00001852,2016,GTA_PA_0015,property,GTA_PA_0019,other,37
TX00001853,2016,GTA_PA_0016,slaughterhouse,SH_PA_04,slaughter,191
TX00001854,2016,GTA_PA_0016,property,GTA_PA_0024,fattening,81
TX00001855,2016,GTA_PA_0017,slaughterhouse,SH_PA_01,slaughter,191
TX00001856,2016,GTA_PA_0017,slaughterhouse,SH_PA_02,slaughter,20
TX00001857,2016,GTA_PA_0017,property,GTA_PA_0021,breeding,84
TX00001858,2016,GTA_PA_0018,slaughterhouse,SH_PA_02,slaughter,201
TX00001859,2016,GTA_PA_0018,property,GTA_PA_0022,other,95
TX00001860,2016,GTA_PA_0019,slaughterhouse,SH_PA_03,slaughter,216
TX00001861,2016,GTA_PA_0019,slaughterhouse,SH_PA_04,slaughter,40
TX00001862,2016,GTA_PA_0019,property,GTA_PA_0023,fattening,74
TX00001863,2016,GTA_PA_0020,property,GTA_PA_0024,breeding,21
TX00001864,2016,GTA_PA_0021,slaughterhouse,SH_PA_02,slaughter,164
TX00001865,2016,GTA_PA_0021,slaughterhouse,SH_PA_01,slaughter,21
TX00001866,2016,GTA_PA_0021,property,GTA_PA_0029,other,70
TX00001867,2016,GTA_PA_0022,slaughterhouse,SH_PA_02,slaughter,180
TX00001868,2016,GTA_PA_0022,property,GTA_PA_0026,fattening,42
TX00001869,2016,GTA_PA_0023,slaughterhouse,SH_PA_03,slaughter,254
TX00001870,2016,GTA_PA_0023,slaughterhouse,SH_PA_04,slaughter,31
TX00001871,2016,GTA_PA_0023,property,GTA_PA_0027,breeding,122
TX00001872,2016,GTA_PA_0023,property,GTA_PA_0027,other,11
TX00001873,2016,GTA_PA_0024,slaughterhouse,SH_PA_03,slaughter,145
TX00001874,2016,GTA_PA_0024,property,GTA_PA_0028,other,118
TX00001875,2016,GTA_PA_0025,property,GTA_PA_0029,fattening,112
TX00001876,2016,GTA_PA_0026,slaughterhouse,SH_PA_02,slaughter,168
TX00001877,2016,GTA_PA_0026,property,GTA_PA_0034,breeding,60
TX00001878,2016,GTA_PA_0027,slaughterhouse,SH_PA_03,slaughter,161
TX00001879,2016,GTA_PA_0027,slaughterhouse,SH_PA_04,slaughter,27
TX00001880,2016,GTA_PA_0027,property,GTA_PA_0031,other,95
TX00001881,2016,GTA_PA_0028,slaughterhouse,SH_PA_03,slaughter,163
TX00001882,2016,GTA_PA_0028,property,GTA_PA_0032,fattening,48
TX00001883,2016,GTA_PA_0029,slaughterhouse,SH_PA_01,slaughter,174
TX00001884,2016,GTA_PA_0029,slaughterhouse,SH_PA_02,slaughter,18
TX00001885,2016,GTA_PA_0029,property,GTA_PA_0033,breeding,73
TX00001886,2016,GTA_PA_0030,property,GTA_PA_0034,other,70
TX00001887,2016,GTA_PA_0031,slaughterhouse,SH_PA_03,slaughter,194
TX00001888,2016,GTA_PA_0031,slaughterhouse,SH_PA_04,slaughter,31
TX00001889,2016,GTA_PA_0031,property,GTA_PA_0039,fattening,50
TX00001890,2016,GTA_PA_0032,slaughterhouse,SH_PA_04,slaughter,216
TX00001891,2016,GTA_PA_0032,property,GTA_PA_0036,breeding,60
TX00001892,2016,GTA_PA_0033,slaughterhouse,SH_PA_01,slaughter,240
TX00001893,2016,GTA_PA_0033,slaughterhouse,SH_PA_02,slaughter,55
TX00001894,2016,GTA_PA_0033,property,GTA_PA_0037,other,26
TX00001895,2016,GTA_PA_0034,slaughterhouse,SH_PA_02,slaughter,243
TX00001896,2016,GTA_PA_0034,property,GTA_PA_0038,fattening,81
TX00001897,2016,GTA_PA_0034,property,GTA_PA_0038,other,14
TX00001898,2016,GTA_PA_0035,property,GTA_PA_0039,breeding,116
TX00001899,2016,GTA_PA_0036,slaughterhouse,SH_PA_04,slaughter,133
TX00001900,2016,GTA_PA_0036,property,GTA_PA_0044,other,42
TX00001901,2016,GTA_PA_0037,slaughterhouse,SH_PA_01,slaughter,174
TX00001902,2016,GTA_PA_0037,slaughterhouse,SH_PA_02,slaughter,41
TX00001903,2016,GTA_PA_0037,property,GTA_PA_0041,fattening,53
TX00001904,2016,GTA_PA_0038,slaughterhouse,SH_PA_01,slaughter,103
TX00001905,2016,GTA_PA_0038,property,GTA_PA_0042,breeding,31
TX00001906,2016,GTA_PA_0039,slaughterhouse,SH_PA_03,slaughter,209
TX00001907,2016,GTA_PA_0039,slaughterhouse,SH_PA_04,slaughter,18
TX00001908,2016,GTA_PA_0039,property,GTA_PA_0043,other,37
TX00001909,2016,GTA_PA_0040,property,GTA_PA_0044,fattening,120
TX00001910,2016,GTA_PA_0041,slaughterhouse,SH_PA_02,slaughter,201
TX00001911,2016,GTA_PA_0041,slaughterhouse,SH_PA_01,slaughter,44
TX00001912,2016,GTA_PA_0041,property,GTA_PA_0049,breeding,79
TX00001913,2016,GTA_PA_0042,slaughterhouse,SH_PA_02,slaughter,195
TX00001914,2016,GTA_PA_0042,property,GTA_PA_0046,other,73
TX00001915,2016,GTA_PA_0043,slaughterhouse,SH_PA_03,slaughter,247
TX00001916,2016,GTA_PA_0043,slaughterhouse,SH_PA_04,slaughter,24
TX00001917,2016,GTA_PA_0043,property,GTA_PA_0047,fattening,35
TX00001918,2016,GTA_PA_0044,slaughterhouse,SH_PA_04,slaughter,219
TX00001919,2016,GTA_PA_0044,property,GTA_PA_0048,breeding,47
TX00001920,2016,GTA_PA_0045,property,GTA_PA_0049,other,106
TX00001921,2016,GTA_PA_0045,property,GTA_PA_0049,other,8
TX00001922,2016,GTA_PA_0046,slaughterhouse,SH_PA_02,slaughter,186
TX00001923,2016,GTA_PA_0046,property,GTA_PA_0054,fattening,114
TX00001924,2016,GTA_PA_0047,slaughterhouse,SH_PA_03,slaughter,231
TX00001925,2016,GTA_PA_0047,slaughterhouse,SH_PA_04,slaughter,43
TX00001926,2016,GTA_PA_0047,property,GTA_PA_0051,breeding,36
TX00001927,2016,GTA_PA_0048,slaughterhouse,SH_PA_04,slaughter,134
TX00001928,2016,GTA_PA_0048,property,GTA_PA_0052,other,89
TX00001929,2016,GTA_PA_0049,slaughterhouse,SH_PA_01,slaughter,230
TX00001930,2016,GTA_PA_0049,slaughterhouse,SH_PA_02,slaughter,38
TX00001931,2016,GTA_PA_0049,property,GTA_PA_0053,fattening,82
TX00001932,2016,GTA_PA_0050,property,GTA_PA_0054,breeding,95
TX00001933,2016,GTA_PA_0051,slaughterhouse,SH_PA_03,slaughter,233
TX00001934,2016,GTA_PA_0051,slaughterhouse,SH_PA_04,slaughter,32
TX00001935,2016,GTA_PA_0051,property,GTA_PA_0059,other,79
TX00001936,2016,GTA_PA_0052,slaughterhouse,SH_PA_04,slaughter,155
TX00001937,2016,GTA_PA_0052,property,GTA_PA_0056,fattening,59
TX00001938,2016,GTA_PA_0053,slaughterhouse,SH_PA_01,slaughter,253
TX00001939,2016,GTA_PA_0053,slaughterhouse,SH_PA_02,slaughter,18
TX00001940,2016,GTA_PA_0053,property,GTA_PA_0057,breeding,73
TX00001941,2016,GTA_PA_0054,slaughterhouse,SH_PA_02,slaughter,152
TX00001942,2016,GTA_PA_0054,property,GTA_PA_0058,other,39
TX00001943,2016,GTA_PA_0055,property,GTA_PA_0059,fattening,107
TX00001944,2016,GTA_PA_0056,slaughterhouse,SH_PA_04,slaughter,252
TX00001945,2016,GTA_PA_0056,property,GTA_PA_0064,breeding,53
TX00001946,2016,GTA_PA_0056,property,GTA_PA_0064,other,10
TX00001947,2016,GTA_PA_0057,slaughterhouse,SH_PA_01,slaughter,264
TX00001948,2016,GTA_PA_0057,slaughterhouse,SH_PA_02,slaughter,50
TX00001949,2016,GTA_PA_0057,property,GTA_PA_0061,other,66
TX00001950,2016,GTA_PA_0058,slaughterhouse,SH_PA_02,slaughter,230
TX00001951,2016,GTA_PA_0058,property,GTA_PA_0062,fattening,121
TX00001952,2016,GTA_PA_0059,slaughterhouse,SH_PA_03,slaughter,184
TX00001953,2016,GTA_PA_0059,slaughterhouse,SH_PA_04,slaughter,35
TX00001954,2016,GTA_PA_0059,property,GTA_PA_0063,breeding,74
TX00001955,2016,GTA_PA_0060,property,GTA_PA_0064,other,89
TX00001956,2016,GTA_PA_0061,slaughterhouse,SH_PA_02,slaughter,194
TX00001957,2016,GTA_PA_0061,slaughterhouse,SH_PA_01,slaughter,54
TX00001958,2016,GTA_PA_0061,property,GTA_PA_0069,fattening,36
TX00001959,2016,GTA_PA_0062,slaughterhouse,SH_PA_02,slaughter,117
TX00001960,2016,GTA_PA_0062,property,GTA_PA_0066,breeding,64
TX00001961,2016,GTA_PA_0063,slaughterhouse,SH_PA_03,slaughter,217
TX00001962,2016,GTA_PA_0063,slaughterhouse,SH_PA_04,slaughter,26
TX00001963,2016,GTA_PA_0063,property,GTA_PA_0067,other,80
TX00001964,2016,GTA_PA_0064,slaughterhouse,SH_PA_04,slaughter,216
TX00001965,2016,GTA_PA_0064,property,GTA_PA_0068,fattening,87
TX00001966,2016,GTA_PA_0065,property,GTA_PA_0069,breeding,112
TX00001967,2016,GTA_PA_0066,slaughterhouse,SH_PA_02,slaughter,241
TX00001968,2016,GTA_PA_0066,property,GTA_PA_0002,other,41
TX00001969,2016,GTA_PA_0067,slaughterhouse,SH_PA_03,slaughter,165
TX00001970,2016,GTA_PA_0067,slaughterhouse,SH_PA_04,slaughter,44
TX00001971,2016,GTA_PA_0067,property,GTA_PA_0071,fattening,122
TX00001972,2016,GTA_PA_0067,property,GTA_PA_0071,other,3
TX00001973,2016,GTA_PA_0068,slaughterhouse,SH_PA_04,slaughter,242
TX00001974,2016,GTA_PA_0068,property,GTA_PA_0072,breeding,121
TX00001975,2016,GTA_PA_0069,slaughterhouse,SH_PA_01,slaughter,208
TX00001976,2016,GTA_PA_0069,slaughterhouse,SH_PA_02,slaughter,52
TX00001977,2016,GTA_PA_0069,property,GTA_PA_0001,other,95
TX00001978,2016,GTA_PA_0070,property,GTA_PA_0002,fattening,115
TX00001979,2016,GTA_PA_0071,slaughterhouse,SH_PA_03,slaughter,188
TX00001980,2016,GTA_PA_0071,slaughterhouse,SH_PA_04,slaughter,52
TX00001981,2016,GTA_PA_0071,property,GTA_PA_0003,breeding,78
TX00001982,2016,GTA_PA_0072,slaughterhouse,SH_PA_04,slaughter,146
TX00001983,2016,GTA_PA_0072,property,GTA_PA_0004,other,77
TX00001984,2017,GTA_RO_0001,slaughterhouse,SH_RO_01,slaughter,196
TX00001985,2017,GTA_RO_0001,slaughterhouse,SH_RO_02,slaughter,48
TX00001986,2017,GTA_RO_0001,property,GTA_RO_0005,fattening,27
TX00001987,2017,GTA_RO_0001,property,GTA_RO_0005,other,14
TX00001988,2017,GTA_RO_0002,slaughterhouse,SH_RO_02,slaughter,184
TX00001989,2017,GTA_RO_0002,property,GTA_RO_0006,breeding,84
TX00001990,2017,GTA_RO_0003,slaughterhouse,SH_RO_03,slaughter,175
TX00001991,2017,GTA_RO_0003,slaughterhouse,SH_RO_02,slaughter,54
TX00001992,2017,GTA_RO_0003,property,GTA_RO_0007,other,73
TX00001993,2017,GTA_RO_0004,property,GTA_RO_0008,fattening,70
TX00001994,2017,GTA_RO_0005,slaughterhouse,SH_RO_02,slaughter,213
TX00001995,2017,GTA_RO_0005,slaughterhouse,SH_RO_01,slaughter,26
TX00001996,2017,GTA_RO_0005,property,GTA_RO_0013,breeding,96
TX00001997,2017,GTA_RO_0006,slaughterhouse,SH_RO_01,slaughter,196
TX00001998,2017,GTA_RO_0006,property,GTA_RO_0010,other,107
TX00001999,2017,GTA_RO_0007,slaughterhouse,SH_RO_02,slaughter,125
TX00002000,2017,GTA_RO_0007,slaughterhouse,SH_RO_03,slaughter,50
TX00002001,2017,GTA_RO_0007,property,GTA_RO_0011,fattening,121
TX00002002,2017,GTA_RO_0008,slaughterhouse,SH_RO_04,slaughter,147
TX00002003,2017,GTA_RO_0008,property,GTA_RO_0012,breeding,96
TX00002004,2017,GTA_RO_0009,property,GTA_RO_0013,other,89
TX00002005,2017,GTA_RO_0010,slaughterhouse,SH_RO_02,slaughter,154
TX00002006,2017,GTA_RO_0010,property,GTA_RO_0018,fattening,61
TX00002007,2017,GTA_RO_0011,slaughterhouse,SH_RO_04,slaughter,238
TX00002008,2017,GTA_RO_0011,slaughterhouse,SH_RO_03,slaughter,25
TX00002009,2017,GTA_RO_0011,property,GTA_RO_0015,breeding,92
TX00002010,2017,GTA_RO_0012,slaughterhouse,SH_RO_04,slaughter,217
TX00002011,2017,GTA_RO_0012,property,GTA_RO_0016,other,101
TX00002012,2017,GTA_RO_0012,property,GTA_RO_0016,other,7
TX00002013,2017,GTA_RO_0013,slaughterhouse,SH_RO_01,slaughter,216
TX00002014,2017,GTA_RO_0013,slaughterhouse,SH_RO_02,slaughter,19
TX00002015,2017,GTA_RO_0013,property,GTA_RO_0017,fattening,98
TX00002016,2017,GTA_RO_0014,property,GTA_RO_0018,breeding,84
TX00002017,2017,GTA_RO_0015,slaughterhouse,SH_RO_04,slaughter,263
TX00002018,2017,GTA_RO_0015,slaughterhouse,SH_RO_03,slaughter,39
TX00002019,2017,GTA_RO_0015,property,GTA_RO_0023,other,90
TX00002020,2017,GTA_RO_0016,slaughterhouse,SH_RO_04,slaughter,163
TX00002021,2017,GTA_RO_0016,property,GTA_RO_0020,fattening,81
TX00002022,2017,GTA_RO_0017,slaughterhouse,SH_RO_02,slaughter,191
TX00002023,2017,GTA_RO_0017,slaughterhouse,SH_RO_03,slaughter,58
TX00002024,2017,GTA_RO_0017,property,GTA_RO_0021,breeding,60
TX00002025,2017,GTA_RO_0018,slaughterhouse,SH_RO_02,slaughter,116
TX00002026,2017,GTA_RO_0018,property,GTA_RO_0022,other,33
TX00002027,2017,GTA_RO_0019,property,GTA_RO_0023,fattening,52
TX00002028,2017,GTA_RO_0020,slaughterhouse,SH_RO_04,slaughter,192
TX00002029,2017,GTA_RO_0020,property,GTA_RO_0028,breeding,42
TX00002030,2017,GTA_RO_0021,slaughterhouse,SH_RO_01,slaughter,188
TX00002031,2017,GTA_RO_0021,slaughterhouse,SH_RO_02,slaughter,54
TX00002032,2017,GTA_RO_0021,property,GTA_RO_0025,other,36
TX00002033,2017,GTA_RO_0022,slaughterhouse,SH_RO_02,slaughter,232
TX00002034,2017,GTA_RO_0022,property,GTA_RO_0026,fattening,80
TX00002035,2017,GTA_RO_0023,slaughterhouse,SH_RO_03,slaughter,189
TX00002036,2017,GTA_RO_0023,slaughterhouse,SH_RO_04,slaughter,17
TX00002037,2017,GTA_RO_0023,property,GTA_RO_0027,breeding,118
TX00002038,2017,GTA_RO_0023,property,GTA_RO_0027,other,5
TX00002039,2017,GTA_RO_0024,property,GTA_RO_0028,other,20
TX00002040,2017,GTA_RO_0025,slaughterhouse,SH_RO_01,slaughter,216
TX00002041,2017,GTA_RO_0025,slaughterhouse,SH_RO_02,slaughter,59
TX00002042,2017,GTA_RO_0025,property,GTA_RO_0033,fattening,111
TX00002043,2017,GTA_RO_0026,slaughterhouse,SH_RO_02,slaughter,231
TX00002044,2017,GTA_RO_0026,property,GTA_RO_0030,breeding,27
TX00002045,2017,GTA_RO_0027,slaughterhouse,SH_RO_03,slaughter,223
TX00002046,2017,GTA_RO_0027,slaughterhouse,SH_RO_04,slaughter,40
TX00002047,2017,GTA_RO_0027,property,GTA_RO_0031,other,19
TX00002048,2017,GTA_RO_0028,slaughterhouse,SH_RO_03,slaughter,201
TX00002049,2017,GTA_RO_0028,property,GTA_RO_0032,fattening,30
TX00002050,2017,GTA_RO_0029,property,GTA_RO_0033,breeding,29
TX00002051,2017,GTA_RO_0030,slaughterhouse,SH_RO_02,slaughter,217
TX00002052,2017,GTA_RO_0030,property,GTA_RO_0038,other,32
TX00002053,2017,GTA_RO_0031,slaughterhouse,SH_RO_03,slaughter,206
TX00002054,2017,GTA_RO_0031,slaughterhouse,SH_RO_04,slaughter,48
TX00002055,2017,GTA_RO_0031,property,GTA_RO_0035,fattening,72
TX00002056,2017,GTA_RO_0032,slaughterhouse,SH_RO_03,slaughter,97
TX00002057,2017,GTA_RO_0032,property,GTA_RO_0036,breeding,66
TX00002058,2017,GTA_RO_0033,slaughterhouse,SH_RO_02,slaughter,205
TX00002059,2017,GTA_RO_0033,slaughterhouse,SH_RO_01,slaughter,46
TX00002060,2017,GTA_RO_0033,property,GTA_RO_0037,other,19
TX00002061,2017,GTA_RO_0034,property,GTA_RO_0038,fattening,43
TX00002062,2017,GTA_RO_0034,property,GTA_RO_0038,other,7
TX00002063,2017,GTA_RO_0035,slaughterhouse,SH_RO_03,slaughter,169
TX00002064,2017,GTA_RO_0035,slaughterhouse,SH_RO_04,slaughter,47
TX00002065,2017,GTA_RO_0035,property,GTA_RO_0043,breeding,40
TX00002066,2017,GTA_RO_0036,slaughterhouse,SH_RO_04,slaughter,244
TX00002067,2017,GTA_RO_0036,property,GTA_RO_0040,other,75
TX00002068,2017,GTA_RO_0037,slaughterhouse,SH_RO_01,slaughter,244
TX00002069,2017,GTA_RO_0037,slaughterhouse,SH_RO_02,slaughter,58
TX00002070,2017,GTA_RO_0037,property,GTA_RO_0041,fattening,79
TX00002071,2017,GTA_RO_0038,slaughterhouse,SH_RO_01,slaughter,223
TX00002072,2017,GTA_RO_0038,property,GTA_RO_0042,breeding,29
TX00002073,2017,GTA_RO_0039,property,GTA_RO_0043,other,57
TX00002074,2017,GTA_RO_0040,slaughterhouse,SH_RO_04,slaughter,158
TX00002075,2017,GTA_RO_0040,property,GTA_RO_0048,fattening,116
TX00002076,2017,GTA_RO_0041,slaughterhouse,SH_RO_01,slaughter,167
TX00002077,2017,GTA_RO_0041,slaughterhouse,SH_RO_02,slaughter,59
TX00002078,2017,GTA_RO_0041,property,GTA_RO_0045,breeding,120
TX00002079,2017,GTA_RO_0042,slaughterhouse,SH_RO_02,slaughter,242
TX00002080,2017,GTA_RO_0042,property,GTA_RO_0046,other,37
TX00002081,2017,GTA_RO_0043,slaughterhouse,SH_RO_03,slaughter,210
TX00002082,2017,GTA_RO_0043,slaughterhouse,SH_RO_04,slaughter,29
TX00002083,2017,GTA_RO_0043,property,GTA_RO_0047,fattening,76
TX00002084,2017,GTA_RO_0044,property,GTA_RO_0048,breeding,31
TX00002085,2017,GTA_RO_0045,slaughterhouse,SH_RO_02,slaughter,231
TX00002086,2017,GTA_RO_0045,slaughterhouse,SH_RO_01,slaughter,42
TX00002087,2017,GTA_RO_0045,property,GTA_RO_0053,other,50
TX00002088,2017,GTA_RO_0045,property,GTA_RO_0053,other,5
TX00002089,2017,GTA_RO_0046,slaughterhouse,SH_RO_01,slaughter,179
TX00002090,2017,GTA_RO_0046,property,GTA_RO_0050,fattening,31
TX00002091,2017,GTA_RO_0047,slaughterhouse,SH_RO_02,slaughter,154
TX00002092,2017,GTA_RO_0047,slaughterhouse,SH_RO_01,slaughter,25
TX00002093,2017,GTA_RO_0047,property,GTA_RO_0051,breeding,97
TX00002094,2017,GTA_RO_0048,slaughterhouse,SH_RO_03,slaughter,250
TX00002095,2017,GTA_RO_0048,property,GTA_RO_0052,other,32
TX00002096,2017,GTA_RO_0049,property,GTA_RO_0053,fattening,119
TX00002097,2017,GTA_RO_0050,slaughterhouse,SH_RO_02,slaughter,177
TX00002098,2017,GTA_RO_0050,property,GTA_RO_0058,breeding,39
TX00002099,2017,GTA_RO_0051,slaughterhouse,SH_RO_03,slaughter,210
TX00002100,2017,GTA_RO_0051,slaughterhouse,SH_RO_04,slaughter,34
TX00002101,2017,GTA_RO_0051,property,GTA_RO_0055,other,64
TX00002102,2017,GTA_RO_0052,slaughterhouse,SH_RO_04,slaughter,161
TX00002103,2017,GTA_RO_0052,property,GTA_RO_0056,fattening,99
TX00002104,2017,GTA_RO_0053,slaughterhouse,SH_RO_02,slaughter,172
TX00002105,2017,GTA_RO_0053,slaughterhouse,SH_RO_03,slaughter,56
TX00002106,2017,GTA_RO_0053,property,GTA_RO_0057,breeding,71
TX00002107,2017,GTA_RO_0054,property,GTA_RO_0058,other,64
TX00002108,2017,GTA_RO_0055,slaughterhouse,SH_RO_03,slaughter,227
TX00002109,2017,GTA_RO_0055,slaughterhouse,SH_RO_04,slaughter,23
TX00002110,2017,GTA_RO_0055,property,GTA_RO_0063,fattening,28
TX00002111,2017,GTA_RO_0056,slaughterhouse,SH_RO_04,slaughter,167
TX00002112,2017,GTA_RO_0056,property,GTA_RO_0060,breeding,86
TX00002113,2017,GTA_RO_0056,property,GTA_RO_0060,other,12
TX00002114,2017,GTA_RO_0057,slaughterhouse,SH_RO_02,slaughter,232
TX00002115,2017,GTA_RO_0057,slaughterhouse,SH_RO_01,slaughter,18
TX00002116,2017,GTA_RO_0057,property,GTA_RO_0061,other,82
TX00002117,2017,GTA_RO_0058,slaughterhouse,SH_RO_01,slaughter,239
TX00002118,2017,GTA_RO_0058,property,GTA_RO_0062,fattening,67
TX00002119,2017,GTA_RO_0059,property,GTA_RO_0063,breeding,58
TX00002120,2017,GTA_RO_0060,slaughterhouse,SH_RO_03,slaughter,213
TX00002121,2017,GTA_RO_0060,property,GTA_RO_0068,other,51
TX00002122,2017,GTA_RO_0061,slaughterhouse,SH_RO_01,slaughter,237
TX00002123,2017,GTA_RO_0061,slaughterhouse,SH_RO_02,slaughter,43
TX00002124,2017,GTA_RO_0061,property,GTA_RO_0065,fattening,120
TX00002125,2017,GTA_RO_0062,slaughterhouse,SH_RO_02,slaughter,235
TX00002126,2017,GTA_RO_0062,property,GTA_RO_0066,breeding,31
TX00002127,2017,GTA_RO_0063,slaughterhouse,SH_RO_03,slaughter,217
TX00002128,2017,GTA_RO_0063,slaughterhouse,SH_RO_04,slaughter,45
TX00002129,2017,GTA_RO_0063,property,GTA_RO_0067,other,24
TX00002130,2017,GTA_RO_0064,property,GTA_RO_0068,fattening,22
TX00002131,2017,GTA_RO_0065,slaughterhouse,SH_RO_02,slaughter,222
TX00002132,2017,GTA_RO_0065,slaughterhouse,SH_RO_01,slaughter,52
TX00002133,2017,GTA_RO_0065,property,GTA_RO_0001,breeding,82
TX00002134,2017,GTA_RO_0066,slaughterhouse,SH_RO_02,slaughter,203
TX00002135,2017,GTA_RO_0066,property,GTA_RO_0070,other,83
TX00002136,2017,GTA_RO_0067,slaughterhouse,SH_RO_04,slaughter,251
TX00002137,2017,GTA_RO_0067,slaughterhouse,SH_RO_03,slaughter,43
TX00002138,2017,GTA_RO_0067,property,GTA_RO_0071,fattening,111
TX00002139,2017,GTA_RO_0067,property,GTA_RO_0071,other,12
TX00002140,2017,GTA_RO_0068,slaughterhouse,SH_RO_04,slaughter,180
TX00002141,2017,GTA_RO_0068,property,GTA_RO_0072,breeding,45
TX00002142,2017,GTA_RO_0069,property,GTA_RO_0001,other,41
TX00002143,2017,GTA_RO_0070,slaughterhouse,SH_RO_02,slaughter,111
TX00002144,2017,GTA_RO_0070,property,GTA_RO_0002,fattening,35
TX00002145,2017,GTA_RO_0071,slaughterhouse,SH_RO_04,slaughter,228
TX00002146,2017,GTA_RO_0071,slaughterhouse,SH_RO_03,slaughter,52
TX00002147,2017,GTA_RO_0071,property,GTA_RO_0003,breeding,117
TX00002148,2017,GTA_RO_0072,slaughterhouse,SH_RO_04,slaughter,188
TX00002149,2017,GTA_RO_0072,property,GTA_RO_0008,other,64
TX00002150,2017,GTA_MT_0001,slaughterhouse,SH_MT_01,slaughter,265
TX00002151,2017,GTA_MT_0001,slaughterhouse,SH_MT_02,slaughter,40
TX00002152,2017,GTA_MT_0001,property,GTA_MT_0005,fattening,123
TX00002153,2017,GTA_MT_0001,property,GTA_MT_0005,other,10
TX00002154,2017,GTA_MT_0002,slaughterhouse,SH_MT_02,slaughter,178
TX00002155,2017,GTA_MT_0002,property,GTA_MT_0006,breeding,43
TX00002156,2017,GTA_MT_0003,slaughterhouse,SH_MT_04,slaughter,217
TX00002157,2017,GTA_MT_0003,slaughterhouse,SH_MT_03,slaughter,39
TX00002158,2017,GTA_MT_0003,property,GTA_MT_0007,other,43
TX00002159,2017,GTA_MT_0004,property,GTA_MT_0008,fattening,119
TX00002160,2017,GTA_MT_0005,slaughterhouse,SH_MT_01,slaughter,214
TX00002161,2017,GTA_MT_0005,slaughterhouse,SH_MT_02,slaughter,41
TX00002162,2017,GTA_MT_0005,property,GTA_MT_0013,breeding,42
TX00002163,2017,GTA_MT_0006,slaughterhouse,SH_MT_02,slaughter,241
TX00002164,2017,GTA_MT_0006,property,GTA_MT_0010,other,27
TX00002165,2017,GTA_MT_0007,slaughterhouse,SH_MT_03,slaughter,209
TX00002166,2017,GTA_MT_0007,slaughterhouse,SH_MT_04,slaughter,59
TX00002167,2017,GTA_MT_0007,property,GTA_MT_0011,fattening,88
TX00002168,2017,GTA_MT_0008,slaughterhouse,SH_MT_04,slaughter,177
TX00002169,2017,GTA_MT_0008,property,GTA_MT_0012,breeding,106
TX00002170,2017,GTA_MT_0009,property,GTA_MT_0013,other,102
TX00002171,2017,GTA_MT_0010,slaughterhouse,SH_MT_02,slaughter,127
TX00002172,2017,GTA_MT_0010,property,GTA_MT_0018,fattening,68
TX00002173,2017,GTA_MT_0011,slaughterhouse,SH_MT_03,slaughter,161
TX00002174,2017,GTA_MT_0011,slaughterhouse,SH_MT_04,slaughter,42
TX00002175,2017,GTA_MT_0011,property,GTA_MT_0015,breeding,119
TX00002176,2017,GTA_MT_0012,slaughterhouse,SH_MT_04,slaughter,201
TX00002177,2017,GTA_MT_0012,property,GTA_MT_0016,other,63
TX00002178,2017,GTA_MT_0012,property,GTA_MT_0016,other,2
TX00002179,2017,GTA_MT_0013,slaughterhouse,SH_MT_01,slaughter,236
TX00002180,2017,GTA_MT_0013,slaughterhouse,SH_MT_02,slaughter,39
TX00002181,2017,GTA_MT_0013,property,GTA_MT_0017,fattening,94
TX00002182,2017,GTA_MT_0014,property,GTA_MT_0018,breeding,28
TX00002183,2017,GTA_MT_0015,slaughterhouse,SH_MT_03,slaughter,161
TX00002184,2017,GTA_MT_0015,slaughterhouse,SH_MT_04,slaughter,28
TX00002185,2017,GTA_MT_0015,property,GTA_MT_0023,other,100
TX00002186,2017,GTA_MT_0016,slaughterhouse,SH_MT_04,slaughter,149
TX00002187,2017,GTA_MT_0016,property,GTA_MT_0020,fattening,51
TX00002188,2017,GTA_MT_0017,slaughterhouse,SH_MT_02,slaughter,177
TX00002189,2017,GTA_MT_0017,slaughterhouse,SH_MT_01,slaughter,21
TX00002190,2017,GTA_MT_0017,property,GTA_MT_0021,breeding,47
TX00002191,2017,GTA_MT_0018,slaughterhouse,SH_MT_02,slaughter,193
TX00002192,2017,GTA_MT_0018,property,GTA_MT_0022,other,116
TX00002193,2017,GTA_MT_0019,property,GTA_MT_0023,fattening,40
TX00002194,2017,GTA_MT_0020,slaughterhouse,SH_MT_04,slaughter,231
TX00002195,2017,GTA_MT_0020,property,GTA_MT_0028,breeding,64
TX00002196,2017,GTA_MT_0021,slaughterhouse,SH_MT_01,slaughter,158
TX00002197,2017,GTA_MT_0021,slaughterhouse,SH_MT_02,slaughter,36
TX00002198,2017,GTA_MT_0021,property,GTA_MT_0025,other,49
TX00002199,2017,GTA_MT_0022,slaughterhouse,SH_MT_01,slaughter,209
TX00002200,2017,GTA_MT_0022,property,GTA_MT_0026,fattening,96
TX00002201,2017,GTA_MT_0023,slaughterhouse,SH_MT_04,slaughter,211
TX00002202,2017,GTA_MT_0023,slaughterhouse,SH_MT_03,slaughter,21
TX00002203,2017,GTA_MT_0023,property,GTA_MT_0027,breeding,79
TX00002204,2017,GTA_MT_0023,property,GTA_MT_0027,other,6
TX00002205,2017,GTA_MT_0024,property,GTA_MT_0028,other,53
TX00002206,2017,GTA_MT_0025,slaughterhouse,SH_MT_01,slaughter,220
TX00002207,2017,GTA_MT_0025,slaughterhouse,SH_MT_02,slaughter,53
TX00002208,2017,GTA_MT_0025,property,GTA_MT_0033,fattening,57
TX00002209,2017,GTA_MT_0026,slaughterhouse,SH_MT_02,slaughter,135
TX00002210,2017,GTA_MT_0026,property,GTA_MT_0030,breeding,27
TX00002211,2017,GTA_MT_0027,slaughterhouse,SH_MT_04,slaughter,233
TX00002212,2017,GTA_MT_0027,slaughterhouse,SH_MT_03,slaughter,52
TX00002213,2017,GTA_MT_0027,property,GTA_MT_0031,other,60
TX00002214,2017,GTA_MT_0028,slaughterhouse,SH_MT_03,slaughter,183
TX00002215,2017,GTA_MT_0028,property,GTA_MT_0032,fattening,52
TX00002216,2017,GTA_MT_0029,property,GTA_MT_0033,breeding,38
TX00002217,2017,GTA_MT_0030,slaughterhouse,SH_MT_02,slaughter,160
TX00002218,2017,GTA_MT_0030,property,GTA_MT_0038,other,59
TX00002219,2017,GTA_MT_0031,slaughterhouse,SH_MT_03,slaughter,200
TX00002220,2017,GTA_MT_0031,slaughterhouse,SH_MT_04,slaughter,39
TX00002221,2017,GTA_MT_0031,property,GTA_MT_0035,fattening,60
TX00002222,2017,GTA_MT_0032,slaughterhouse,SH_MT_04,slaughter,207
TX00002223,2017,GTA_MT_0032,property,GTA_MT_0036,breeding,51
TX00002224,2017,GTA_MT_0033,slaughterhouse,SH_MT_01,slaughter,251
TX00002225,2017,GTA_MT_0033,slaughterhouse,SH_MT_02,slaughter,39
TX00002226,2017,GTA_MT_0033,property,GTA_MT_0037,other,28
TX00002227,2017,GTA_MT_0034,property,GTA_MT_0038,fattening,45
TX00002228,2017,GTA_MT_0034,property,GTA_MT_0038,other,13
TX00002229,2017,GTA_MT_0035,slaughterhouse,SH_MT_03,slaughter,135
TX00002230,2017,GTA_MT_0035,slaughterhouse,SH_MT_04,slaughter,23
TX00002231,2017,GTA_MT_0035,property,GTA_MT_0043,breeding,112
TX00002232,2017,GTA_MT_0036,slaughterhouse,SH_MT_04,slaughter,218
TX00002233,2017,GTA_MT_0036,property,GTA_MT_0040,other,120
TX00002234,2017,GTA_MT_0037,slaughterhouse,SH_MT_01,slaughter,201
TX00002235,2017,GTA_MT_0037,slaughterhouse,SH_MT_02,slaughter,42
TX00002236,2017,GTA_MT_0037,property,GTA_MT_0041,fattening,101
TX00002237,2017,GTA_MT_0038,slaughterhouse,SH_MT_01,slaughter,173
TX00002238,2017,GTA_MT_0038,property,GTA_MT_0042,breeding,58
TX00002239,2017,GTA_MT_0039,property,GTA_MT_0043,other,68
TX00002240,2017,GTA_MT_0040,slaughterhouse,SH_MT_04,slaughter,208
TX00002241,2017,GTA_MT_0040,property,GTA_MT_0048,fattening,122
TX00002242,2017,GTA_MT_0041,slaughterhouse,SH_MT_01,slaughter,183
TX00002243,2017,GTA_MT_0041,slaughterhouse,SH_MT_02,slaughter,46
TX00002244,2017,GTA_MT_0041,property,GTA_MT_0045,breeding,118
TX00002245,2017,GTA_MT_0042,slaughterhouse,SH_MT_02,slaughter,169
TX00002246,2017,GTA_MT_0042,property,GTA_MT_0046,other,24
TX00002247,2017,GTA_MT_0043,slaughterhouse,SH_MT_03,slaughter,164
TX00002248,2017,GTA_MT_0043,slaughterhouse,SH_MT_04,slaughter,47
TX00002249,2017,GTA_MT_0043,property,GTA_MT_0047,fattening,101
TX00002250,2017,GTA_MT_0044,property,GTA_MT_0048,breeding,62
TX00002251,2017,GTA_MT_0045,slaughterhouse,SH_MT_01,slaughter,158
TX00002252,2017,GTA_MT_0045,slaughterhouse,SH_MT_02,slaughter,30
TX00002253,2017,GTA_MT_0045,property,GTA_MT_0053,other,63
TX00002254,2017,GTA_MT_0045,property,GTA_MT_0053,other,7
TX00002255,2017,GTA_MT_0046,slaughterhouse,SH_MT_02,slaughter,167
TX00002256,2017,GTA_MT_0046,property,GTA_MT_0050,fattening,78
TX00002257,2017,GTA_MT_0047,slaughterhouse,SH_MT_03,slaughter,159
TX00002258,2017,GTA_MT_0047,slaughterhouse,SH_MT_04,slaughter,43
TX00002259,2017,GTA_MT_0047,property,GTA_MT_0051,breeding,53
TX00002260,2017,GTA_MT_0048,slaughterhouse,SH_MT_03,slaughter,178
TX00002261,2017,GTA_MT_0048,property,GTA_MT_0052,other,78
TX00002262,2017,GTA_MT_0049,property,GTA_MT_0053,fattening,101
TX00002263,2017,GTA_MT_0050,slaughterhouse,SH_MT_02,slaughter,224
TX00002264,2017,GTA_MT_0050,property,GTA_MT_0058,breeding,107
TX00002265,2017,GTA_MT_0051,slaughterhouse,SH_MT_03,slaughter,138
TX00002266,2017,GTA_MT_0051,slaughterhouse,SH_MT_04,slaughter,44
TX00002267,2017,GTA_MT_0051,property,GTA_MT_0055,other,123
TX00002268,2017,GTA_MT_0052,slaughterhouse,SH_MT_04,slaughter,176
TX00002269,2017,GTA_MT_0052,property,GTA_MT_0056,fattening,51
TX00002270,2017,GTA_MT_0053,slaughterhouse,SH_MT_01,slaughter,199
TX00002271,2017,GTA_MT_0053,slaughterhouse,SH_MT_02,slaughter,20
TX00002272,2017,GTA_MT_0053,property,GTA_MT_0057,breeding,70
TX00002273,2017,GTA_MT_0054,property,GTA_MT_0058,other,99
TX00002274,2017,GTA_MT_0055,slaughterhouse,SH_MT_03,slaughter,162
TX00002275,2017,GTA_MT_0055,slaughterhouse,SH_MT_04,slaughter,23
TX00002276,2017,GTA_MT_0055,property,GTA_MT_0063,fattening,104
TX00002277,2017,GTA_MT_0056,slaughterhouse,SH_MT_03,slaughter,219
TX00002278,2017,GTA_MT_0056,property,GTA_MT_0060,breeding,60
TX00002279,2017,GTA_MT_0056,property,GTA_MT_0060,other,13
TX00002280,2017,GTA_MT_0057,slaughterhouse,SH_MT_01,slaughter,146
TX00002281,2017,GTA_MT_0057,slaughterhouse,SH_MT_02,slaughter,22
TX00002282,2017,GTA_MT_0057,property,GTA_MT_0061,other,100
TX00002283,2017,GTA_MT_0058,slaughterhouse,SH_MT_02,slaughter,210
TX00002284,2017,GTA_MT_0058,property,GTA_MT_0062,fattening,111
TX00002285,2017,GTA_MT_0059,property,GTA_MT_0063,breeding,61
TX00002286,2017,GTA_MT_0060,slaughterhouse,SH_MT_04,slaughter,263
TX00002287,2017,GTA_MT_0060,property,GTA_MT_0068,other,110
TX00002288,2017,GTA_MT_0061,slaughterhouse,SH_MT_01,slaughter,183
TX00002289,2017,GTA_MT_0061,slaughterhouse,SH_MT_02,slaughter,17
TX00002290,2017,GTA_MT_0061,property,GTA_MT_0065,fattening,18
TX00002291,2017,GTA_MT_0062,slaughterhouse,SH_MT_02,slaughter,137
TX00002292,2017,GTA_MT_0062,property,GTA_MT_0066,breeding,32
TX00002293,2017,GTA_MT_0063,slaughterhouse,SH_MT_03,slaughter,164
TX00002294,2017,GTA_MT_0063,slaughterhouse,SH_MT_04,slaughter,41
TX00002295,2017,GTA_MT_0063,property,GTA_MT_0067,other,124
TX00002296,2017,GTA_MT_0064,property,GTA_MT_0068,fattening,118
TX00002297,2017,GTA_MT_0065,slaughterhouse,SH_MT_01,slaughter,171
TX00002298,2017,GTA_MT_0065,slaughterhouse,SH_MT_02,slaughter,36
TX00002299,2017,GTA_MT_0065,property,GTA_MT_0001,breeding,39
TX00002300,2017,GTA_MT_0066,slaughterhouse,SH_MT_01,slaughter,205
TX00002301,2017,GTA_MT_0066,property,GTA_MT_0070,other,39
TX00002302,2017,GTA_MT_0067,slaughterhouse,SH_MT_03,slaughter,148
TX00002303,2017,GTA_MT_0067,slaughterhouse,SH_MT_04,slaughter,34
TX00002304,2017,GTA_MT_0067,property,GTA_MT_0071,fattening,30
TX00002305,2017,GTA_MT_0067,property,GTA_MT_0071,other,3
TX00002306,2017,GTA_MT_0068,slaughterhouse,SH_MT_04,slaughter,181
TX00002307,2017,GTA_MT_0068,property,GTA_MT_0072,breeding,62
TX00002308,2017,GTA_MT_0069,property,GTA_MT_0001,other,92
TX00002309,2017,GTA_MT_0070,slaughterhouse,SH_MT_01,slaughter,224
TX00002310,2017,GTA_MT_0070,property,GTA_MT_0002,fattening,22
TX00002311,2017,GTA_MT_0071,slaughterhouse,SH_MT_03,slaughter,215
TX00002312,2017,GTA_MT_0071,slaughterhouse,SH_MT_04,slaughter,27
TX00002313,2017,GTA_MT_0071,property,GTA_MT_0003,breeding,51
TX00002314,2017,GTA_MT_0072,slaughterhouse,SH_MT_04,slaughter,128
TX00002315,2017,GTA_MT_0072,property,GTA_MT_0008,other,18
TX00002316,2017,GTA_PA_0001,slaughterhouse,SH_PA_01,slaughter,148
TX00002317,2017,GTA_PA_0001,slaughterhouse,SH_PA_02,slaughter,36
TX00002318,2017,GTA_PA_0001,property,GTA_PA_0005,fattening,24
TX00002319,2017,GTA_PA_0001,property,GTA_PA_0005,other,5
TX00002320,2017,GTA_PA_0002,slaughterhouse,SH_PA_02,slaughter,220
TX00002321,2017,GTA_PA_0002,property,GTA_PA_0006,breeding,36
TX00002322,2017,GTA_PA_0003,slaughterhouse,SH_PA_03,slaughter,120
TX00002323,2017,GTA_PA_0003,slaughterhouse,SH_PA_04,slaughter,25
TX00002324,2017,GTA_PA_0003,property,GTA_PA_0007,other,92
TX00002325,2017,GTA_PA_0004,property,GTA_PA_0008,fattening,35
TX00002326,2017,GTA_PA_0005,slaughterhouse,SH_PA_01,slaughter,202
TX00002327,2017,GTA_PA_0005,slaughterhouse,SH_PA_02,slaughter,34
TX00002328,2017,GTA_PA_0005,property,GTA_PA_0013,breeding,25
TX00002329,2017,GTA_PA_0006,slaughterhouse,SH_PA_02,slaughter,140
TX00002330,2017,GTA_PA_0006,property,GTA_PA_0010,other,101
TX00002331,2017,GTA_PA_0007,slaughterhouse,SH_PA_03,slaughter,214
TX00002332,2017,GTA_PA_0007,slaughterhouse,SH_PA_04,slaughter,33
TX00002333,2017,GTA_PA_0007,property,GTA_PA_0011,fattening,29
TX00002334,2017,GTA_PA_0008,slaughterhouse,SH_PA_04,slaughter,210
TX00002335,2017,GTA_PA_0008,property,GTA_PA_0012,breeding,90
TX00002336,2017,GTA_PA_0009,property,GTA_PA_0013,other,32
TX00002337,2017,GTA_PA_0010,slaughterhouse,SH_PA_02,slaughter,218
TX00002338,2017,GTA_PA_0010,property,GTA_PA_0018,fattening,53
TX00002339,2017,GTA_PA_0011,slaughterhouse,SH_PA_03,slaughter,157
TX00002340,2017,GTA_PA_0011,slaughterhouse,SH_PA_04,slaughter,20
TX00002341,2017,GTA_PA_0011,property,GTA_PA_0015,breeding,28
TX00002342,2017,GTA_PA_0012,slaughterhouse,SH_PA_03,slaughter,186
TX00002343,2017,GTA_PA_0012,property,GTA_PA_0016,other,72
TX00002344,2017,GTA_PA_0012,property,GTA_PA_0016,other,11
TX00002345,2017,GTA_PA_0013,slaughterhouse,SH_PA_01,slaughter,176
TX00002346,2017,GTA_PA_0013,slaughterhouse,SH_PA_02,slaughter,51
TX00002347,2017,GTA_PA_0013,property,GTA_PA_0017,fattening,36
TX00002348,2017,GTA_PA_0014,property,GTA_PA_0018,breeding,81
TX00002349,2017,GTA_PA_0015,slaughterhouse,SH_PA_03,slaughter,235
TX00002350,2017,GTA_PA_0015,slaughterhouse,SH_PA_04,slaughter,55
TX00002351,2017,GTA_PA_0015,property,GTA_PA_0023,other,64
TX00002352,2017,GTA_PA_0016,slaughterhouse,SH_PA_04,slaughter,195
TX00002353,2017,GTA_PA_0016,property,GTA_PA_0020,fattening,96
TX00002354,2017,GTA_PA_0017,slaughterhouse,SH_PA_01,slaughter,174
TX00002355,2017,GTA_PA_0017,slaughterhouse,SH_PA_02,slaughter,46
TX00002356,2017,GTA_PA_0017,property,GTA_PA_0021,breeding,33
TX00002357,2017,GTA_PA_0018,slaughterhouse,SH_PA_02,slaughter,193
TX00002358,2017,GTA_PA_0018,property,GTA_PA_0022,other,38
TX00002359,2017,GTA_PA_0019,property,GTA_PA_0023,fattening,82
TX00002360,2017,GTA_PA_0020,slaughterhouse,SH_PA_04,slaughter,191
TX00002361,2017,GTA_PA_0020,property,GTA_PA_0028,breeding,69
TX00002362,2017,GTA_PA_0021,slaughterhouse,SH_PA_02,slaughter,175
TX00002363,2017,GTA_PA_0021,slaughterhouse,SH_PA_01,slaughter,39
TX00002364,2017,GTA_PA_0021,property,GTA_PA_0025,other,113
TX00002365,2017,GTA_PA_0022,slaughterhouse,SH_PA_02,slaughter,151
TX00002366,2017,GTA_PA_0022,property,GTA_PA_0026,fattening,94
TX00002367,2017,GTA_PA_0023,slaughterhouse,SH_PA_03,slaughter,208
TX00002368,2017,GTA_PA_0023,slaughterhouse,SH_PA_04,slaughter,29
TX00002369,2017,GTA_PA_0023,property,GTA_PA_0027,breeding,53
TX00002370,2017,GTA_PA_0023,property,GTA_PA_0027,other,4
TX00002371,2017,GTA_PA_0024,property,GTA_PA_0028,other,114
TX00002372,2017,GTA_PA_0025,slaughterhouse,SH_PA_01,slaughter,182
TX00002373,2017,GTA_PA_0025,slaughterhouse,SH_PA_02,slaughter,52
TX00002374,2017,GTA_PA_0025,property,GTA_PA_0033,fattening,52
TX00002375,2017,GTA_PA_0026,slaughterhouse,SH_PA_02,slaughter,150
TX00002376,2017,GTA_PA_0026,property,GTA_PA_0030,breeding,33
TX00002377,2017,GTA_PA_0027,slaughterhouse,SH_PA_03,slaughter,171
TX00002378,2017,GTA_PA_0027,slaughterhouse,SH_PA_04,slaughter,39
TX00002379,2017,GTA_PA_0027,property,GTA_PA_0031,other,67
TX00002380,2017,GTA_PA_0028,slaughterhouse,SH_PA_03,slaughter,175
TX00002381,2017,GTA_PA_0028,property,GTA_PA_0032,fattening,49
TX00002382,2017,GTA_PA_0029,property,GTA_PA_0033,breeding,91
TX00002383,2017,GTA_PA_0030,slaughterhouse,SH_PA_02,slaughter,157
TX00002384,2017,GTA_PA_0030,property,GTA_PA_0038,other,48
TX00002385,2017,GTA_PA_0031,slaughterhouse,SH_PA_03,slaughter,229
TX00002386,2017,GTA_PA_0031,slaughterhouse,SH_PA_04,slaughter,39
TX00002387,2017,GTA_PA_0031,property,GTA_PA_0035,fattening,23
TX00002388,2017,GTA_PA_0032,slaughterhouse,SH_PA_04,slaughter,231
TX00002389,2017,GTA_PA_0032,property,GTA_PA_0036,breeding,90
TX00002390,2017,GTA_PA_0033,slaughterhouse,SH_PA_01,slaughter,193
TX00002391,2017,GTA_PA_0033,slaughterhouse,SH_PA_02,slaughter,45
TX00002392,2017,GTA_PA_0033,property,GTA_PA_0037,other,90
TX00002393,2017,GTA_PA_0034,property,GTA_PA_0038,fattening,64
TX00002394,2017,GTA_PA_0034,property,GTA_PA_0038,other,7
TX00002395,2017,GTA_PA_0035,slaughterhouse,SH_PA_03,slaughter,208
TX00002396,2017,GTA_PA_0035,slaughterhouse,SH_PA_04,slaughter,30
TX00002397,2017,GTA_PA_0035,property,GTA_PA_0043,breeding,75
TX00002398,2017,GTA_PA_0036,slaughterhouse,SH_PA_04,slaughter,149
TX00002399,2017,GTA_PA_0036,property,GTA_PA_0040,other,52
TX00002400,2017,GTA_PA_0037,slaughterhouse,SH_PA_01,slaughter,213
TX00002401,2017,GTA_PA_0037,slaughterhouse,SH_PA_02,slaughter,29
TX00002402,2017,GTA_PA_0037,property,GTA_PA_0041,fattening,49
TX00002403,2017,GTA_PA_0038,slaughterhouse,SH_PA_01,slaughter,90
TX00002404,2017,GTA_PA_0038,property,GTA_PA_0042,breeding,23
TX00002405,2017,GTA_PA_0039,property,GTA_PA_0043,other,76
TX00002406,2017,GTA_PA_0040,slaughterhouse,SH_PA_04,slaughter,170
TX00002407,2017,GTA_PA_0040,property,GTA_PA_0048,fattening,64
TX00002408,2017,GTA_PA_0041,slaughterhouse,SH_PA_02,slaughter,182
TX00002409,2017,GTA_PA_0041,slaughterhouse,SH_PA_01,slaughter,18
TX00002410,2017,GTA_PA_0041,property,GTA_PA_0045,breeding,48
TX00002411,2017,GTA_PA_0042,slaughterhouse,SH_PA_02,slaughter,246
TX00002412,2017,GTA_PA_0042,property,GTA_PA_0046,other,81
TX00002413,2017,GTA_PA_0043,slaughterhouse,SH_PA_03,slaughter,224
TX00002414,2017,GTA_PA_0043,slaughterhouse,SH_PA_04,slaughter,30
TX00002415,2017,GTA_PA_0043,property,GTA_PA_0047,fattening,45
TX00002416,2017,GTA_PA_0044,property,GTA_PA_0048,breeding,113
TX00002417,2017,GTA_PA_0045,slaughterhouse,SH_PA_01,slaughter,86
TX00002418,2017,GTA_PA_0045,slaughterhouse,SH_PA_02,slaughter,59
TX00002419,2017,GTA_PA_0045,property,GTA_PA_0053,other,78
TX00002420,2017,GTA_PA_0045,property,GTA_PA_0053,other,1
TX00002421,2017,GTA_PA_0046,slaughterhouse,SH_PA_02,slaughter,230
TX00002422,2017,GTA_PA_0046,property,GTA_PA_0050,fattening,57
TX00002423,2017,GTA_PA_0047,slaughterhouse,SH_PA_03,slaughter,200
TX00002424,2017,GTA_PA_0047,slaughterhouse,SH_PA_04,slaughter,58
TX00002425,2017,GTA_PA_0047,property,GTA_PA_0051,breeding,33
TX00002426,2017,GTA_PA_0048,slaughterhouse,SH_PA_04,slaughter,120
TX00002427,2017,GTA_PA_0048,property,GTA_PA_0052,other,66
TX00002428,2017,GTA_PA_0049,property,GTA_PA_0053,fattening,55
TX00002429,2017,GTA_PA_0050,slaughterhouse,SH_PA_02,slaughter,220
TX00002430,2017,GTA_PA_0050,property,GTA_PA_0058,breeding,53
TX00002431,2017,GTA_PA_0051,slaughterhouse,SH_PA_03,slaughter,229
TX00002432,2017,GTA_PA_0051,slaughterhouse,SH_PA_04,slaughter,26
TX00002433,2017,GTA_PA_0051,property,GTA_PA_0055,other,47
TX00002434,2017,GTA_PA_0052,slaughterhouse,SH_PA_04,slaughter,152
TX00002435,2017,GTA_PA_0052,property,GTA_PA_0056,fattening,118
TX00002436,2017,GTA_PA_0053,slaughterhouse,SH_PA_01,slaughter,250
TX00002437,2017,GTA_PA_0053,slaughterhouse,SH_PA_02,slaughter,18
TX00002438,2017,GTA_PA_0053,property,GTA_PA_0057,breeding,54
TX00002439,2017,GTA_PA_0054,property,GTA_PA_0058,other,92
TX00002440,2017,GTA_PA_0055,slaughterhouse,SH_PA_03,slaughter,246
TX00002441,2017,GTA_PA_0055,slaughterhouse,SH_PA_04,slaughter,26
TX00002442,2017,GTA_PA_0055,property,GTA_PA_0063,fattening,44
TX00002443,2017,GTA_PA_0056,slaughterhouse,SH_PA_04,slaughter,250
TX00002444,2017,GTA_PA_0056,property,GTA_PA_0060,breeding,30
TX00002445,2017,GTA_PA_0056,property,GTA_PA_0060,other,9
TX00002446,2017,GTA_PA_0057,slaughterhouse,SH_PA_01,slaughter,187
TX00002447,2017,GTA_PA_0057,slaughterhouse,SH_PA_02,slaughter,20
TX00002448,2017,GTA_PA_0057,property,GTA_PA_0061,other,66
TX00002449,2017,GTA_PA_0058,slaughterhouse,SH_PA_02,slaughter,200
TX00002450,2017,GTA_PA_0058,property,GTA_PA_0062,fattening,18
TX00002451,2017,GTA_PA_0059,property,GTA_PA_0063,breeding,118
TX00002452,2017,GTA_PA_0060,slaughterhouse,SH_PA_04,slaughter,97
TX00002453,2017,GTA_PA_0060,property,GTA_PA_0068,other,92
TX00002454,2017,GTA_PA_0061,slaughterhouse,SH_PA_02,slaughter,158
TX00002455,2017,GTA_PA_0061,slaughterhouse,SH_PA_01,slaughter,33
TX00002456,2017,GTA_PA_0061,property,GTA_PA_0065,fattening,61
TX00002457,2017,GTA_PA_0062,slaughterhouse,SH_PA_02,slaughter,109
TX00002458,2017,GTA_PA_0062,property,GTA_PA_0066,breeding,30
TX00002459,2017,GTA_PA_0063,slaughterhouse,SH_PA_03,slaughter,193
TX00002460,2017,GTA_PA_0063,slaughterhouse,SH_PA_04,slaughter,57
TX00002461,2017,GTA_PA_0063,property,GTA_PA_0067,other,40
TX00002462,2017,GTA_PA_0064,property,GTA_PA_0068,fattening,45
TX00002463,2017,GTA_PA_0065,slaughterhouse,SH_PA_01,slaughter,233
TX00002464,2017,GTA_PA_0065,slaughterhouse,SH_PA_02,slaughter,17
TX00002465,2017,GTA_PA_0065,property,GTA_PA_0001,breeding,70
TX00002466,2017,GTA_PA_0066,slaughterhouse,SH_PA_02,slaughter,185
TX00002467,2017,GTA_PA_0066,property,GTA_PA_0070,other,123
TX00002468,2017,GTA_PA_0067,slaughterhouse,SH_PA_03,slaughter,209
TX00002469,2017,GTA_PA_0067,slaughterhouse,SH_PA_04,slaughter,37
TX00002470,2017,GTA_PA_0067,property,GTA_PA_0071,fattening,92
TX00002471,2017,GTA_PA_0067,property,GTA_PA_0071,other,6
TX00002472,2017,GTA_PA_0068,slaughterhouse,SH_PA_04,slaughter,212
TX00002473,2017,GTA_PA_0068,property,GTA_PA_0072,breeding,62
TX00002474,2017,GTA_PA_0069,property,GTA_PA_0001,other,79
TX00002475,2017,GTA_PA_0070,slaughterhouse,SH_PA_02,slaughter,186
TX00002476,2017,GTA_PA_0070,property,GTA_PA_0002,fattening,70
TX00002477,2017,GTA_PA_0071,slaughterhouse,SH_PA_03,slaughter,238
TX00002478,2017,GTA_PA_0071,slaughterhouse,SH_PA_04,slaughter,21
TX00002479,2017,GTA_PA_0071,property,GTA_PA_0003,breeding,91
TX00002480,2017,GTA_PA_0072,slaughterhouse,SH_PA_04,slaughter,106
TX00002481,2017,GTA_PA_0072,property,GTA_PA_0008,other,113
TX00002482,2018,GTA_RO_0001,slaughterhouse,SH_RO_01,slaughter,189
TX00002483,2018,GTA_RO_0001,slaughterhouse,SH_RO_02,slaughter,33
TX00002484,2018,GTA_RO_0001,property,GTA_RO_0005,fattening,49
TX00002485,2018,GTA_RO_0001,property,GTA_RO_0005,other,11
TX00002486,2018,GTA_RO_0002,slaughterhouse,SH_RO_02,slaughter,234
TX00002487,2018,GTA_RO_0002,property,GTA_RO_0006,breeding,76
TX00002488,2018,GTA_RO_0003,property,GTA_RO_0007,other,31
TX00002489,2018,GTA_RO_0004,slaughterhouse,SH_RO_03,slaughter,235
TX00002490,2018,GTA_RO_0004,property,GTA_RO_0012,fattening,61
TX00002491,2018,GTA_RO_0005,slaughterhouse,SH_RO_02,slaughter,243
TX00002492,2018,GTA_RO_0005,slaughterhouse,SH_RO_01,slaughter,48
TX00002493,2018,GTA_RO_0005,property,GTA_RO_0009,breeding,67
TX00002494,2018,GTA_RO_0006,slaughterhouse,SH_RO_01,slaughter,256
TX00002495,2018,GTA_RO_0006,property,GTA_RO_0010,other,82
TX00002496,2018,GTA_RO_0007,slaughterhouse,SH_RO_02,slaughter,157
TX00002497,2018,GTA_RO_0007,slaughterhouse,SH_RO_03,slaughter,55
TX00002498,2018,GTA_RO_0007,property,GTA_RO_0011,fattening,96
TX00002499,2018,GTA_RO_0008,property,GTA_RO_0012,breeding,75
TX00002500,2018,GTA_RO_0009,slaughterhouse,SH_RO_02,slaughter,169
TX00002501,2018,GTA_RO_0009,slaughterhouse,SH_RO_01,slaughter,55
TX00002502,2018,GTA_RO_0009,property,GTA_RO_0017,other,117
TX00002503,2018,GTA_RO_0010,slaughterhouse,SH_RO_02,slaughter,175
TX00002504,2018,GTA_RO_0010,property,GTA_RO_0014,fattening,54
TX00002505,2018,GTA_RO_0011,slaughterhouse,SH_RO_04,slaughter,239
TX00002506,2018,GTA_RO_0011,slaughterhouse,SH_RO_03,slaughter,41
TX00002507,2018,GTA_RO_0011,property,GTA_RO_0015,breeding,20
TX00002508,2018,GTA_RO_0012,slaughterhouse,SH_RO_04,slaughter,228
TX00002509,2018,GTA_RO_0012,property,GTA_RO_0016,other,86
TX00002510,2018,GTA_RO_0012,property,GTA_RO_0016,other,12
TX00002511,2018,GTA_RO_0013,property,GTA_RO_0017,fattening,62
TX00002512,2018,GTA_RO_0014,slaughterhouse,SH_RO_02,slaughter,154
TX00002513,2018,GTA_RO_0014,property,GTA_RO_0022,breeding,24
TX00002514,2018,GTA_RO_0015,slaughterhouse,SH_RO_04,slaughter,250
TX00002515,2018,GTA_RO_0015,slaughterhouse,SH_RO_03,slaughter,50
TX00002516,2018,GTA_RO_0015,property,GTA_RO_0019,other,31
TX00002517,2018,GTA_RO_0016,slaughterhouse,SH_RO_04,slaughter,206
TX00002518,2018,GTA_RO_0016,property,GTA_RO_0020,fattening,63
TX00002519,2018,GTA_RO_0017,slaughterhouse,SH_RO_02,slaughter,193
TX00002520,2018,GTA_RO_0017,slaughterhouse,SH_RO_03,slaughter,51
TX00002521,2018,GTA_RO_0017,property,GTA_RO_0021,breeding,53
TX00002522,2018,GTA_RO_0018,property,GTA_RO_0022,other,74
TX00002523,2018,GTA_RO_0019,slaughterhouse,SH_RO_03,slaughter,233
TX00002524,2018,GTA_RO_0019,slaughterhouse,SH_RO_04,slaughter,17
TX00002525,2018,GTA_RO_0019,property,GTA_RO_0027,fattening,73
TX00002526,2018,GTA_RO_0020,slaughterhouse,SH_RO_04,slaughter,125
TX00002527,2018,GTA_RO_0020,property,GTA_RO_0024,breeding,99
TX00002528,2018,GTA_RO_0021,slaughterhouse,SH_RO_01,slaughter,185
TX00002529,2018,GTA_RO_0021,slaughterhouse,SH_RO_02,slaughter,52
TX00002530,2018,GTA_RO_0021,property,GTA_RO_0025,other,82
TX00002531,2018,GTA_RO_0022,slaughterhouse,SH_RO_02,slaughter,207
TX00002532,2018,GTA_RO_0022,property,GTA_RO_0026,fattening,106
TX00002533,2018,GTA_RO_0023,property,GTA_RO_0027,breeding,122
TX00002534,2018,GTA_RO_0023,property,GTA_RO_0027,other,7
TX00002535,2018,GTA_RO_0024,slaughterhouse,SH_RO_03,slaughter,233
TX00002536,2018,GTA_RO_0024,property,GTA_RO_0032,other,77
TX00002537,2018,GTA_RO_0025,slaughterhouse,SH_RO_01,slaughter,175
TX00002538,2018,GTA_RO_0025,slaughterhouse,SH_RO_02,slaughter,17
TX00002539,2018,GTA_RO_0025,property,GTA_RO_0029,fattening,111
TX00002540,2018,GTA_RO_0026,slaughterhouse,SH_RO_02,slaughter,282
TX00002541,2018,GTA_RO_0026,property,GTA_RO_0030,breeding,104
TX00002542,2018,GTA_RO_0027,slaughterhouse,SH_RO_03,slaughter,228
TX00002543,2018,GTA_RO_0027,slaughterhouse,SH_RO_04,slaughter,56
TX00002544,2018,GTA_RO_0027,property,GTA_RO_0031,other,85
TX00002545,2018,GTA_RO_0028,property,GTA_RO_0032,fattening,85
TX00002546,2018,GTA_RO_0029,slaughterhouse,SH_RO_01,slaughter,264
TX00002547,2018,GTA_RO_0029,slaughterhouse,SH_RO_02,slaughter,35
TX00002548,2018,GTA_RO_0029,property,GTA_RO_0037,breeding,117
TX00002549,2018,GTA_RO_0030,slaughterhouse,SH_RO_02,slaughter,197
TX00002550,2018,GTA_RO_0030,property,GTA_RO_0034,other,46
TX00002551,2018,GTA_RO_0031,slaughterhouse,SH_RO_03,slaughter,234
TX00002552,2018,GTA_RO_0031,slaughterhouse,SH_RO_04,slaughter,24
TX00002553,2018,GTA_RO_0031,property,GTA_RO_0035,fattening,75
TX00002554,2018,GTA_RO_0032,slaughterhouse,SH_RO_03,slaughter,167
TX00002555,2018,GTA_RO_0032,property,GTA_RO_0036,breeding,36
TX00002556,2018,GTA_RO_0033,property,GTA_RO_0037,other,103
TX00002557,2018,GTA_RO_0034,slaughterhouse,SH_RO_04,slaughter,239
TX00002558,2018,GTA_RO_0034,property,GTA_RO_0042,fattening,94
TX00002559,2018,GTA_RO_0034,property,GTA_RO_0042,other,10
TX00002560,2018,GTA_RO_0035,slaughterhouse,SH_RO_03,slaughter,240
TX00002561,2018,GTA_RO_0035,slaughterhouse,SH_RO_04,slaughter,44
TX00002562,2018,GTA_RO_0035,property,GTA_RO_0039,breeding,75
TX00002563,2018,GTA_RO_0036,slaughterhouse,SH_RO_04,slaughter,236
TX00002564,2018,GTA_RO_0036,property,GTA_RO_0040,other,74
TX00002565,2018,GTA_RO_0037,slaughterhouse,SH_RO_01,slaughter,198
TX00002566,2018,GTA_RO_0037,slaughterhouse,SH_RO_02,slaughter,46
TX00002567,2018,GTA_RO_0037,property,GTA_RO_0041,fattening,40
TX00002568,2018,GTA_RO_0038,property,GTA_RO_0042,breeding,105
TX00002569,2018,GTA_RO_0039,slaughterhouse,SH_RO_03,slaughter,214
TX00002570,2018,GTA_RO_0039,slaughterhouse,SH_RO_04,slaughter,50
TX00002571,2018,GTA_RO_0039,property,GTA_RO_0047,other,61
TX00002572,2018,GTA_RO_0040,slaughterhouse,SH_RO_04,slaughter,237
TX00002573,2018,GTA_RO_0040,property,GTA_RO_0044,fattening,85
TX00002574,2018,GTA_RO_0041,slaughterhouse,SH_RO_01,slaughter,187
TX00002575,2018,GTA_RO_0041,slaughterhouse,SH_RO_02,slaughter,56
TX00002576,2018,GTA_RO_0041,property,GTA_RO_0045,breeding,94
TX00002577,2018,GTA_RO_0042,slaughterhouse,SH_RO_02,slaughter,243
TX00002578,2018,GTA_RO_0042,property,GTA_RO_0046,other,98
TX00002579,2018,GTA_RO_0043,property,GTA_RO_0047,fattening,27
TX00002580,2018,GTA_RO_0044,slaughterhouse,SH_RO_03,slaughter,244
TX00002581,2018,GTA_RO_0044,property,GTA_RO_0052,breeding,57
TX00002582,2018,GTA_RO_0045,slaughterhouse,SH_RO_02,slaughter,221
TX00002583,2018,GTA_RO_0045,slaughterhouse,SH_RO_01,slaughter,35
TX00002584,2018,GTA_RO_0045,property,GTA_RO_0049,other,78
TX00002585,2018,GTA_RO_0045,property,GTA_RO_0049,other,2
TX00002586,2018,GTA_RO_0046,slaughterhouse,SH_RO_01,slaughter,183
TX00002587,2018,GTA_RO_0046,property,GTA_RO_0050,fattening,105
TX00002588,2018,GTA_RO_0047,slaughterhouse,SH_RO_02,slaughter,138
TX00002589,2018,GTA_RO_0047,slaughterhouse,SH_RO_01,slaughter,40
TX00002590,2018,GTA_RO_0047,property,GTA_RO_0051,breeding,108
TX00002591,2018,GTA_RO_0048,property,GTA_RO_0052,other,113
TX00002592,2018,GTA_RO_0049,slaughterhouse,SH_RO_02,slaughter,91
TX00002593,2018,GTA_RO_0049,slaughterhouse,SH_RO_01,slaughter,30
TX00002594,2018,GTA_RO_0049,property,GTA_RO_0057,fattening,62
TX00002595,2018,GTA_RO_0050,slaughterhouse,SH_RO_02,slaughter,196
TX00002596,2018,GTA_RO_0050,property,GTA_RO_0054,breeding,18
TX00002597,2018,GTA_RO_0051,slaughterhouse,SH_RO_03,slaughter,203
TX00002598,2018,GTA_RO_0051,slaughterhouse,SH_RO_04,slaughter,46
TX00002599,2018,GTA_RO_0051,property,GTA_RO_0055,other,80
TX00002600,2018,GTA_RO_0052,slaughterhouse,SH_RO_04,slaughter,225
TX00002601,2018,GTA_RO_0052,property,GTA_RO_0056,fattening,117
TX00002602,2018,GTA_RO_0053,property,GTA_RO_0057,breeding,47
TX00002603,2018,GTA_RO_0054,slaughterhouse,SH_RO_02,slaughter,206
TX00002604,2018,GTA_RO_0054,property,GTA_RO_0062,other,44
TX00002605,2018,GTA_RO_0055,slaughterhouse,SH_RO_03,slaughter,269
TX00002606,2018,GTA_RO_0055,slaughterhouse,SH_RO_04,slaughter,46
TX00002607,2018,GTA_RO_0055,property,GTA_RO_0059,fattening,19
TX00002608,2018,GTA_RO_0056,slaughterhouse,SH_RO_04,slaughter,138
TX00002609,2018,GTA_RO_0056,property,GTA_RO_0060,breeding,108
TX00002610,2018,GTA_RO_0056,property,GTA_RO_0060,other,13
TX00002611,2018,GTA_RO_0057,slaughterhouse,SH_RO_02,slaughter,247
TX00002612,2018,GTA_RO_0057,slaughterhouse,SH_RO_01,slaughter,35
TX00002613,2018,GTA_RO_0057,property,GTA_RO_0061,other,36
TX00002614,2018,GTA_RO_0058,property,GTA_RO_0062,fattening,104
TX00002615,2018,GTA_RO_0059,slaughterhouse,SH_RO_04,slaughter,156
TX00002616,2018,GTA_RO_0059,slaughterhouse,SH_RO_03,slaughter,45
TX00002617,2018,GTA_RO_0059,property,GTA_RO_0067,breeding,108
TX00002618,2018,GTA_RO_0060,slaughterhouse,SH_RO_03,slaughter,185
TX00002619,2018,GTA_RO_0060,property,GTA_RO_0064,other,47
TX00002620,2018,GTA_RO_0061,slaughterhouse,SH_RO_01,slaughter,181
TX00002621,2018,GTA_RO_0061,slaughterhouse,SH_RO_02,slaughter,47
TX00002622,2018,GTA_RO_0061,property,GTA_RO_0065,fattening,69
TX00002623,2018,GTA_RO_0062,slaughterhouse,SH_RO_02,slaughter,199
TX00002624,2018,GTA_RO_0062,property,GTA_RO_0066,breeding,58
TX00002625,2018,GTA_RO_0063,property,GTA_RO_0067,other,60
TX00002626,2018,GTA_RO_0064,slaughterhouse,SH_RO_04,slaughter,171
TX00002627,2018,GTA_RO_0064,property,GTA_RO_0072,fattening,36
TX00002628,2018,GTA_RO_0065,slaughterhouse,SH_RO_02,slaughter,192
TX00002629,2018,GTA_RO_0065,slaughterhouse,SH_RO_01,slaughter,17
TX00002630,2018,GTA_RO_0065,property,GTA_RO_0069,breeding,68
TX00002631,2018,GTA_RO_0066,slaughterhouse,SH_RO_02,slaughter,202
TX00002632,2018,GTA_RO_0066,property,GTA_RO_0070,other,24
TX00002633,2018,GTA_RO_0067,slaughterhouse,SH_RO_04,slaughter,206
TX00002634,2018,GTA_RO_0067,slaughterhouse,SH_RO_03,slaughter,45
TX00002635,2018,GTA_RO_0067,property,GTA_RO_0071,fattening,79
TX00002636,2018,GTA_RO_0067,property,GTA_RO_0071,other,9
TX00002637,2018,GTA_RO_0068,property,GTA_RO_0072,breeding,57
TX00002638,2018,GTA_RO_0069,slaughterhouse,SH_RO_01,slaughter,191
TX00002639,2018,GTA_RO_0069,slaughterhouse,SH_RO_02,slaughter,46
TX00002640,2018,GTA_RO_0069,property,GTA_RO_0001,other,39
TX00002641,2018,GTA_RO_0070,slaughterhouse,SH_RO_02,slaughter,166
TX00002642,2018,GTA_RO_0070,property,GTA_RO_0002,fattening,86
TX00002643,2018,GTA_RO_0071,slaughterhouse,SH_RO_04,slaughter,251
TX00002644,2018,GTA_RO_0071,slaughterhouse,SH_RO_03,slaughter,54
TX00002645,2018,GTA_RO_0071,property,GTA_RO_0007,breeding,74
TX00002646,2018,GTA_RO_0072,slaughterhouse,SH_RO_04,slaughter,176
TX00002647,2018,GTA_RO_0072,property,GTA_RO_0004,other,106
TX00002648,2018,GTA_MT_0001,slaughterhouse,SH_MT_01,slaughter,179
TX00002649,2018,GTA_MT_0001,slaughterhouse,SH_MT_02,slaughter,34
TX00002650,2018,GTA_MT_0001,property,GTA_MT_0005,fattening,108
TX00002651,2018,GTA_MT_0001,property,GTA_MT_0005,other,2
TX00002652,2018,GTA_MT_0002,slaughterhouse,SH_MT_02,slaughter,200
TX00002653,2018,GTA_MT_0002,property,GTA_MT_0006,breeding,124
TX00002654,2018,GTA_MT_0003,property,GTA_MT_0007,other,74
TX00002655,2018,GTA_MT_0004,slaughterhouse,SH_MT_03,slaughter,243
TX00002656,2018,GTA_MT_0004,property,GTA_MT_0012,fattening,122
TX00002657,2018,GTA_MT_0005,slaughterhouse,SH_MT_01,slaughter,172
TX00002658,2018,GTA_MT_0005,slaughterhouse,SH_MT_02,slaughter,42
TX00002659,2018,GTA_MT_0005,property,GTA_MT_0009,breeding,41
TX00002660,2018,GTA_MT_0006,slaughterhouse,SH_MT_02,slaughter,247
TX00002661,2018,GTA_MT_0006,property,GTA_MT_0010,other,109
TX00002662,2018,GTA_MT_0007,slaughterhouse,SH_MT_03,slaughter,213
TX00002663,2018,GTA_MT_0007,slaughterhouse,SH_MT_04,slaughter,33
TX00002664,2018,GTA_MT_0007,property,GTA_MT_0011,fattening,33
TX00002665,2018,GTA_MT_0008,property,GTA_MT_0012,breeding,100
TX00002666,2018,GTA_MT_0009,slaughterhouse,SH_MT_01,slaughter,177
TX00002667,2018,GTA_MT_0009,slaughterhouse,SH_MT_02,slaughter,39
TX00002668,2018,GTA_MT_0009,property,GTA_MT_0017,other,76
TX00002669,2018,GTA_MT_0010,slaughterhouse,SH_MT_02,slaughter,147
TX00002670,2018,GTA_MT_0010,property,GTA_MT_0014,fattening,118
TX00002671,2018,GTA_MT_0011,slaughterhouse,SH_MT_03,slaughter,195
TX00002672,2018,GTA_MT_0011,slaughterhouse,SH_MT_04,slaughter,54
TX00002673,2018,GTA_MT_0011,property,GTA_MT_0015,breeding,100
TX00002674,2018,GTA_MT_0012,slaughterhouse,SH_MT_04,slaughter,145
TX00002675,2018,GTA_MT_0012,property,GTA_MT_0016,other,45
TX00002676,2018,GTA_MT_0012,property,GTA_MT_0016,other,3
TX00002677,2018,GTA_MT_0013,property,GTA_MT_0017,fattening,71
TX00002678,2018,GTA_MT_0014,slaughterhouse,SH_MT_02,slaughter,171
TX00002679,2018,GTA_MT_0014,property,GTA_MT_0022,breeding,67
TX00002680,2018,GTA_MT_0015,slaughterhouse,SH_MT_03,slaughter,188
TX00002681,2018,GTA_MT_0015,slaughterhouse,SH_MT_04,slaughter,40
TX00002682,2018,GTA_MT_0015,property,GTA_MT_0019,other,77
TX00002683,2018,GTA_MT_0016,slaughterhouse,SH_MT_04,slaughter,222
TX00002684,2018,GTA_MT_0016,property,GTA_MT_0020,fattening,110
TX00002685,2018,GTA_MT_0017,slaughterhouse,SH_MT_02,slaughter,226
TX00002686,2018,GTA_MT_0017,slaughterhouse,SH_MT_01,slaughter,32
TX00002687,2018,GTA_MT_0017,property,GTA_MT_0021,breeding,82
TX00002688,2018,GTA_MT_0018,property,GTA_MT_0022,other,18
TX00002689,2018,GTA_MT_0019,slaughterhouse,SH_MT_03,slaughter,185
TX00002690,2018,GTA_MT_0019,slaughterhouse,SH_MT_04,slaughter,26
TX00002691,2018,GTA_MT_0019,property,GTA_MT_0027,fattening,83
TX00002692,2018,GTA_MT_0020,slaughterhouse,SH_MT_04,slaughter,233
TX00002693,2018,GTA_MT_0020,property,GTA_MT_0024,breeding,28
TX00002694,2018,GTA_MT_0021,slaughterhouse,SH_MT_01,slaughter,145
TX00002695,2018,GTA_MT_0021,slaughterhouse,SH_MT_02,slaughter,26
TX00002696,2018,GTA_MT_0021,property,GTA_MT_0025,other,40
TX00002697,2018,GTA_MT_0022,slaughterhouse,SH_MT_01,slaughter,201
TX00002698,2018,GTA_MT_0022,property,GTA_MT_0026,fattening,88
TX00002699,2018,GTA_MT_0023,property,GTA_MT_0027,breeding,45
TX00002700,2018,GTA_MT_0023,property,GTA_MT_0027,other,10
TX00002701,2018,GTA_MT_0024,slaughterhouse,SH_MT_04,slaughter,183
TX00002702,2018,GTA_MT_0024,property,GTA_MT_0032,other,115
TX00002703,2018,GTA_MT_0025,slaughterhouse,SH_MT_01,slaughter,169
TX00002704,2018,GTA_MT_0025,slaughterhouse,SH_MT_02,slaughter,33
TX00002705,2018,GTA_MT_0025,property,GTA_MT_0029,fattening,46
TX00002706,2018,GTA_MT_0026,slaughterhouse,SH_MT_02,slaughter,134
TX00002707,2018,GTA_MT_0026,property,GTA_MT_0030,breeding,76
TX00002708,2018,GTA_MT_0027,slaughterhouse,SH_MT_04,slaughter,231
TX00002709,2018,GTA_MT_0027,slaughterhouse,SH_MT_03,slaughter,40
TX00002710,2018,GTA_MT_0027,property,GTA_MT_0031,other,81
TX00002711,2018,GTA_MT_0028,property,GTA_MT_0032,fattening,18
TX00002712,2018,GTA_MT_0029,slaughterhouse,SH_MT_01,slaughter,147
TX00002713,2018,GTA_MT_0029,slaughterhouse,SH_MT_02,slaughter,27
TX00002714,2018,GTA_MT_0029,property,GTA_MT_0037,breeding,94
TX00002715,2018,GTA_MT_0030,slaughterhouse,SH_MT_02,slaughter,125
TX00002716,2018,GTA_MT_0030,property,GTA_MT_0034,other,88
TX00002717,2018,GTA_MT_0031,slaughterhouse,SH_MT_03,slaughter,248
TX00002718,2018,GTA_MT_0031,slaughterhouse,SH_MT_04,slaughter,32
TX00002719,2018,GTA_MT_0031,property,GTA_MT_0035,fattening,82
TX00002720,2018,GTA_MT_0032,slaughterhouse,SH_MT_04,slaughter,236
TX00002721,2018,GTA_MT_0032,property,GTA_MT_0036,breeding,76
TX00002722,2018,GTA_MT_0033,property,GTA_MT_0037,other,61
TX00002723,2018,GTA_MT_0034,slaughterhouse,SH_MT_02,slaughter,157
TX00002724,2018,GTA_MT_0034,property,GTA_MT_0042,fattening,45
TX00002725,2018,GTA_MT_0034,property,GTA_MT_0042,other,9
TX00002726,2018,GTA_MT_0035,slaughterhouse,SH_MT_03,slaughter,176
TX00002727,2018,GTA_MT_0035,slaughterhouse,SH_MT_04,slaughter,38
TX00002728,2018,GTA_MT_0035,property,GTA_MT_0039,breeding,113
TX00002729,2018,GTA_MT_0036,slaughterhouse,SH_MT_04,slaughter,165
TX00002730,2018,GTA_MT_0036,property,GTA_MT_0040,other,74
TX00002731,2018,GTA_MT_0037,slaughterhouse,SH_MT_01,slaughter,167
TX00002732,2018,GTA_MT_0037,slaughterhouse,SH_MT_02,slaughter,41
TX00002733,2018,GTA_MT_0037,property,GTA_MT_0041,fattening,113
TX00002734,2018,GTA_MT_0038,property,GTA_MT_0042,breeding,89
TX00002735,2018,GTA_MT_0039,slaughterhouse,SH_MT_03,slaughter,192
TX00002736,2018,GTA_MT_0039,slaughterhouse,SH_MT_04,slaughter,56
TX00002737,2018,GTA_MT_0039,property,GTA_MT_0047,other,110
TX00002738,2018,GTA_MT_0040,slaughterhouse,SH_MT_04,slaughter,252
TX00002739,2018,GTA_MT_0040,property,GTA_MT_0044,fattening,86
TX00002740,2018,GTA_MT_0041,slaughterhouse,SH_MT_01,slaughter,167
TX00002741,2018,GTA_MT_0041,slaughterhouse,SH_MT_02,slaughter,57
TX00002742,2018,GTA_MT_0041,property,GTA_MT_0045,breeding,28
TX00002743,2018,GTA_MT_0042,slaughterhouse,SH_MT_02,slaughter,154
TX00002744,2018,GTA_MT_0042,property,GTA_MT_0046,other,42
TX00002745,2018,GTA_MT_0043,property,GTA_MT_0047,fattening,78
TX00002746,2018,GTA_MT_0044,slaughterhouse,SH_MT_03,slaughter,210
TX00002747,2018,GTA_MT_0044,property,GTA_MT_0052,breeding,103
TX00002748,2018,GTA_MT_0045,slaughterhouse,SH_MT_01,slaughter,170
TX00002749,2018,GTA_MT_0045,slaughterhouse,SH_MT_02,slaughter,58
TX00002750,2018,GTA_MT_0045,property,GTA_MT_0049,other,59
TX00002751,2018,GTA_MT_0045,property,GTA_MT_0049,other,4
TX00002752,2018,GTA_MT_0046,slaughterhouse,SH_MT_02,slaughter,152
TX00002753,2018,GTA_MT_0046,property,GTA_MT_0050,fattening,64
TX00002754,2018,GTA_MT_0047,slaughterhouse,SH_MT_03,slaughter,147
TX00002755,2018,GTA_MT_0047,slaughterhouse,SH_MT_04,slaughter,32
TX00002756,2018,GTA_MT_0047,property,GTA_MT_0051,breeding,86
TX00002757,2018,GTA_MT_0048,property,GTA_MT_0052,other,26
TX00002758,2018,GTA_MT_0049,slaughterhouse,SH_MT_02,slaughter,193
TX00002759,2018,GTA_MT_0049,slaughterhouse,SH_MT_01,slaughter,21
TX00002760,2018,GTA_MT_0049,property,GTA_MT_0057,fattening,89
TX00002761,2018,GTA_MT_0050,slaughterhouse,SH_MT_02,slaughter,188
TX00002762,2018,GTA_MT_0050,property,GTA_MT_0054,breeding,50
TX00002763,2018,GTA_MT_0051,slaughterhouse,SH_MT_03,slaughter,177
TX00002764,2018,GTA_MT_0051,slaughterhouse,SH_MT_04,slaughter,39
TX00002765,2018,GTA_MT_0051,property,GTA_MT_0055,other,19
TX00002766,2018,GTA_MT_0052,slaughterhouse,SH_MT_04,slaughter,205
TX00002767,2018,GTA_MT_0052,property,GTA_MT_0056,fattening,54
TX00002768,2018,GTA_MT_0053,property,GTA_MT_0057,breeding,72
TX00002769,2018,GTA_MT_0054,slaughterhouse,SH_MT_02,slaughter,196
TX00002770,2018,GTA_MT_0054,property,GTA_MT_0062,other,40
TX00002771,2018,GTA_MT_0055,slaughterhouse,SH_MT_03,slaughter,138
TX00002772,2018,GTA_MT_0055,slaughterhouse,SH_MT_04,slaughter,24
TX00002773,2018,GTA_MT_0055,property,GTA_MT_0059,fattening,122
TX00002774,2018,GTA_MT_0056,slaughterhouse,SH_MT_03,slaughter,164
TX00002775,2018,GTA_MT_0056,property,GTA_MT_0060,breeding,74
TX00002776,2018,GTA_MT_0056,property,GTA_MT_0060,other,1
TX00002777,2018,GTA_MT_0057,slaughterhouse,SH_MT_01,slaughter,170
TX00002778,2018,GTA_MT_0057,slaughterhouse,SH_MT_02,slaughter,53
TX00002779,2018,GTA_MT_0057,property,GTA_MT_0061,other,29
TX00002780,2018,GTA_MT_0058,property,GTA_MT_0062,fattening,101
TX00002781,2018,GTA_MT_0059,slaughterhouse,SH_MT_03,slaughter,125
TX00002782,2018,GTA_MT_0059,slaughterhouse,SH_MT_04,slaughter,44
TX00002783,2018,GTA_MT_0059,property,GTA_MT_0067,breeding,105
TX00002784,2018,GTA_MT_0060,slaughterhouse,SH_MT_04,slaughter,220
TX00002785,2018,GTA_MT_0060,property,GTA_MT_0064,other,104
TX00002786,2018,GTA_MT_0061,slaughterhouse,SH_MT_01,slaughter,227
TX00002787,2018,GTA_MT_0061,slaughterhouse,SH_MT_02,slaughter,47
TX00002788,2018,GTA_MT_0061,property,GTA_MT_0065,fattening,88
TX00002789,2018,GTA_MT_0062,slaughterhouse,SH_MT_02,slaughter,146
TX00002790,2018,GTA_MT_0062,property,GTA_MT_0066,breeding,18
TX00002791,2018,GTA_MT_0063,property,GTA_MT_0067,other,103
TX00002792,2018,GTA_MT_0064,slaughterhouse,SH_MT_04,slaughter,147
TX00002793,2018,GTA_MT_0064,property,GTA_MT_0072,fattening,24
TX00002794,2018,GTA_MT_0065,slaughterhouse,SH_MT_01,slaughter,168
TX00002795,2018,GTA_MT_0065,slaughterhouse,SH_MT_02,slaughter,25
TX00002796,2018,GTA_MT_0065,property,GTA_MT_0069,breeding,22
TX00002797,2018,GTA_MT_0066,slaughterhouse,SH_MT_01,slaughter,228
TX00002798,2018,GTA_MT_0066,property,GTA_MT_0070,other,38
TX00002799,2018,GTA_MT_0067,slaughterhouse,SH_MT_03,slaughter,181
TX00002800,2018,GTA_MT_0067,slaughterhouse,SH_MT_04,slaughter,19
TX00002801,2018,GTA_MT_0067,property,GTA_MT_0071,fattening,97
TX00002802,2018,GTA_MT_0067,property,GTA_MT_0071,other,3
TX00002803,2018,GTA_MT_0068,property,GTA_MT_0072,breeding,28
TX00002804,2018,GTA_MT_0069,slaughterhouse,SH_MT_01,slaughter,220
TX00002805,2018,GTA_MT_0069,slaughterhouse,SH_MT_02,slaughter,54
TX00002806,2018,GTA_MT_0069,property,GTA_MT_0001,other,20
TX00002807,2018,GTA_MT_0070,slaughterhouse,SH_MT_01,slaughter,223
TX00002808,2018,GTA_MT_0070,property,GTA_MT_0002,fattening,99
TX00002809,2018,GTA_MT_0071,slaughterhouse,SH_MT_03,slaughter,209
TX00002810,2018,GTA_MT_0071,slaughterhouse,SH_MT_04,slaughter,54
TX00002811,2018,GTA_MT_0071,property,GTA_MT_0007,breeding,111
TX00002812,2018,GTA_MT_0072,slaughterhouse,SH_MT_04,slaughter,152
TX00002813,2018,GTA_MT_0072,property,GTA_MT_0004,other,24
TX00002814,2018,GTA_PA_0001,slaughterhouse,SH_PA_01,slaughter,162
TX00002815,2018,GTA_PA_0001,slaughterhouse,SH_PA_02,slaughter,42
TX00002816,2018,GTA_PA_0001,property,GTA_PA_0005,fattening,79
TX00002817,2018,GTA_PA_0001,property,GTA_PA_0005,other,14
TX00002818,2018,GTA_PA_0002,slaughterhouse,SH_PA_02,slaughter,192
TX00002819,2018,GTA_PA_0002,property,GTA_PA_0006,breeding,26
TX00002820,2018,GTA_PA_0003,property,GTA_PA_0007,other,115
TX00002821,2018,GTA_PA_0004,slaughterhouse,SH_PA_04,slaughter,218
TX00002822,2018,GTA_PA_0004,property,GTA_PA_0012,fattening,88
TX00002823,2018,GTA_PA_0005,slaughterhouse,SH_PA_01,slaughter,130
TX00002824,2018,GTA_PA_0005,slaughterhouse,SH_PA_02,slaughter,32
TX00002825,2018,GTA_PA_0005,property,GTA_PA_0009,breeding,110
TX00002826,2018,GTA_PA_0006,slaughterhouse,SH_PA_02,slaughter,206
TX00002827,2018,GTA_PA_0006,property,GTA_PA_0010,other,121
TX00002828,2018,GTA_PA_0007,slaughterhouse,SH_PA_03,slaughter,191
TX00002829,2018,GTA_PA_0007,slaughterhouse,SH_PA_04,slaughter,40
TX00002830,2018,GTA_PA_0007,property,GTA_PA_0011,fattening,95
TX00002831,2018,GTA_PA_0008,property,GTA_PA_0012,breeding,57
TX00002832,2018,GTA_PA_0009,slaughterhouse,SH_PA_01,slaughter,228
TX00002833,2018,GTA_PA_0009,slaughterhouse,SH_PA_02,slaughter,20
TX00002834,2018,GTA_PA_0009,property,GTA_PA_0017,other,23
TX00002835,2018,GTA_PA_0010,slaughterhouse,SH_PA_02,slaughter,174
TX00002836,2018,GTA_PA_0010,property,GTA_PA_0014,fattening,52
TX00002837,2018,GTA_PA_0011,slaughterhouse,SH_PA_03,slaughter,180
TX00002838,2018,GTA_PA_0011,slaughterhouse,SH_PA_04,slaughter,57
TX00002839,2018,GTA_PA_0011,property,GTA_PA_0015,breeding,115
TX00002840,2018,GTA_PA_0012,slaughterhouse,SH_PA_03,slaughter,173
TX00002841,2018,GTA_PA_0012,property,GTA_PA_0016,other,107
TX00002842,2018,GTA_PA_0012,property,GTA_PA_0016,other,8
TX00002843,2018,GTA_PA_0013,property,GTA_PA_0017,fattening,45
TX00002844,2018,GTA_PA_0014,slaughterhouse,SH_PA_02,slaughter,193
TX00002845,2018,GTA_PA_0014,property,GTA_PA_0022,breeding,121
TX00002846,2018,GTA_PA_0015,slaughterhouse,SH_PA_03,slaughter,190
TX00002847,2018,GTA_PA_0015,slaughterhouse,SH_PA_04,slaughter,43
TX00002848,2018,GTA_PA_0015,property,GTA_PA_0019,other,93
TX00002849,2018,GTA_PA_0016,slaughterhouse,SH_PA_04,slaughter,196
TX00002850,2018,GTA_PA_0016,property,GTA_PA_0020,fattening,72
TX00002851,2018,GTA_PA_0017,slaughterhouse,SH_PA_01,slaughter,181
TX00002852,2018,GTA_PA_0017,slaughterhouse,SH_PA_02,slaughter,28
TX00002853,2018,GTA_PA_0017,property,GTA_PA_0021,breeding,113
TX00002854,2018,GTA_PA_0018,property,GTA_PA_0022,other,116
TX00002855,2018,GTA_PA_0019,slaughterhouse,SH_PA_03,slaughter,230
TX00002856,2018,GTA_PA_0019,slaughterhouse,SH_PA_04,slaughter,28
TX00002857,2018,GTA_PA_0019,property,GTA_PA_0027,fattening,58
TX00002858,2018,GTA_PA_0020,slaughterhouse,SH_PA_04,slaughter,211
TX00002859,2018,GTA_PA_0020,property,GTA_PA_0024,breeding,122
TX00002860,2018,GTA_PA_0021,slaughterhouse,SH_PA_02,slaughter,144
TX00002861,2018,GTA_PA_0021,slaughterhouse,SH_PA_01,slaughter,16
TX00002862,2018,GTA_PA_0021,property,GTA_PA_0025,other,58
TX00002863,2018,GTA_PA_0022,slaughterhouse,SH_PA_02,slaughter,172
TX00002864,2018,GTA_PA_0022,property,GTA_PA_0026,fattening,18
TX00002865,2018,GTA_PA_0023,property,GTA_PA_0027,breeding,76
TX00002866,2018,GTA_PA_0023,property,GTA_PA_0027,other,8
TX00002867,2018,GTA_PA_0024,slaughterhouse,SH_PA_03,slaughter,157
TX00002868,2018,GTA_PA_0024,property,GTA_PA_0032,other,53
TX00002869,2018,GTA_PA_0025,slaughterhouse,SH_PA_01,slaughter,221
TX00002870,2018,GTA_PA_0025,slaughterhouse,SH_PA_02,slaughter,44
TX00002871,2018,GTA_PA_0025,property,GTA_PA_0029,fattening,33
TX00002872,2018,GTA_PA_0026,slaughterhouse,SH_PA_02,slaughter,153
TX00002873,2018,GTA_PA_0026,property,GTA_PA_0030,breeding,58
TX00002874,2018,GTA_PA_0027,slaughterhouse,SH_PA_03,slaughter,171
TX00002875,2018,GTA_PA_0027,slaughterhouse,SH_PA_04,slaughter,17
TX00002876,2018,GTA_PA_0027,property,GTA_PA_0031,other,63
TX00002877,2018,GTA_PA_0028,property,GTA_PA_0032,fattening,21
TX00002878,2018,GTA_PA_0029,slaughterhouse,SH_PA_01,slaughter,209
TX00002879,2018,GTA_PA_0029,slaughterhouse,SH_PA_02,slaughter,26
TX00002880,2018,GTA_PA_0029,property,GTA_PA_0037,breeding,25
TX00002881,2018,GTA_PA_0030,slaughterhouse,SH_PA_02,slaughter,135
TX00002882,2018,GTA_PA_0030,property,GTA_PA_0034,other,53
TX00002883,2018,GTA_PA_0031,slaughterhouse,SH_PA_03,slaughter,226
TX00002884,2018,GTA_PA_0031,slaughterhouse,SH_PA_04,slaughter,31
TX00002885,2018,GTA_PA_0031,property,GTA_PA_0035,fattening,94
TX00002886,2018,GTA_PA_0032,slaughterhouse,SH_PA_04,slaughter,152
TX00002887,2018,GTA_PA_0032,property,GTA_PA_0036,breeding,52
TX00002888,2018,GTA_PA_0033,property,GTA_PA_0037,other,33
TX00002889,2018,GTA_PA_0034,slaughterhouse,SH_PA_02,slaughter,268
TX00002890,2018,GTA_PA_0034,property,GTA_PA_0042,fattening,25
TX00002891,2018,GTA_PA_0034,property,GTA_PA_0042,other,4
TX00002892,2018,GTA_PA_0035,slaughterhouse,SH_PA_03,slaughter,219
TX00002893,2018,GTA_PA_0035,slaughterhouse,SH_PA_04,slaughter,35
TX00002894,2018,GTA_PA_0035,property,GTA_PA_0039,breeding,48
TX00002895,2018,GTA_PA_0036,slaughterhouse,SH_PA_04,slaughter,150
TX00002896,2018,GTA_PA_0036,property,GTA_PA_0040,other,57
TX00002897,2018,GTA_PA_0037,slaughterhouse,SH_PA_01,slaughter,158
TX00002898,2018,GTA_PA_0037,slaughterhouse,SH_PA_02,slaughter,19
TX00002899,2018,GTA_PA_0037,property,GTA_PA_0041,fattening,49
TX00002900,2018,GTA_PA_0038,property,GTA_PA_0042,breeding,25
TX00002901,2018,GTA_PA_0039,slaughterhouse,SH_PA_03,slaughter,214
TX00002902,2018,GTA_PA_0039,slaughterhouse,SH_PA_04,slaughter,52
TX00002903,2018,GTA_PA_0039,property,GTA_PA_0047,other,55
TX00002904,2018,GTA_PA_0040,slaughterhouse,SH_PA_04,slaughter,197
TX00002905,2018,GTA_PA_0040,property,GTA_PA_0044,fattening,77
TX00002906,2018,GTA_PA_0041,slaughterhouse,SH_PA_02,slaughter,165
TX00002907,2018,GTA_PA_0041,slaughterhouse,SH_PA_01,slaughter,52
TX00002908,2018,GTA_PA_0041,property,GTA_PA_0045,breeding,32
TX00002909,2018,GTA_PA_0042,slaughterhouse,SH_PA_02,slaughter,203
TX00002910,2018,GTA_PA_0042,property,GTA_PA_0046,other,68
TX00002911,2018,GTA_PA_0043,property,GTA_PA_0047,fattening,89
TX00002912,2018,GTA_PA_0044,slaughterhouse,SH_PA_04,slaughter,234
TX00002913,2018,GTA_PA_0044,property,GTA_PA_0052,breeding,96
TX00002914,2018,GTA_PA_0045,slaughterhouse,SH_PA_01,slaughter,106
TX00002915,2018,GTA_PA_0045,slaughterhouse,SH_PA_02,slaughter,50
TX00002916,2018,GTA_PA_0045,property,GTA_PA_0049,other,33
TX00002917,2018,GTA_PA_0045,property,GTA_PA_0049,other,12
TX00002918,2018,GTA_PA_0046,slaughterhouse,SH_PA_02,slaughter,210
TX00002919,2018,GTA_PA_0046,property,GTA_PA_0050,fattening,123
TX00002920,2018,GTA_PA_0047,slaughterhouse,SH_PA_03,slaughter,222
TX00002921,2018,GTA_PA_0047,slaughterhouse,SH_PA_04,slaughter,28
TX00002922,2018,GTA_PA_0047,property,GTA_PA_0051,breeding,112
TX00002923,2018,GTA_PA_0048,property,GTA_PA_0052,other,82
TX00002924,2018,GTA_PA_0049,slaughterhouse,SH_PA_01,slaughter,164
TX00002925,2018,GTA_PA_0049,slaughterhouse,SH_PA_02,slaughter,36
TX00002926,2018,GTA_PA_0049,property,GTA_PA_0057,fattening,18
TX00002927,2018,GTA_PA_0050,slaughterhouse,SH_PA_02,slaughter,208
TX00002928,2018,GTA_PA_0050,property,GTA_PA_0054,breeding,89
TX00002929,2018,GTA_PA_0051,slaughterhouse,SH_PA_03,slaughter,188
TX00002930,2018,GTA_PA_0051,slaughterhouse,SH_PA_04,slaughter,57
TX00002931,2018,GTA_PA_0051,property,GTA_PA_0055,other,48
TX00002932,2018,GTA_PA_0052,slaughterhouse,SH_PA_04,slaughter,160
TX00002933,2018,GTA_PA_0052,property,GTA_PA_0056,fattening,87
TX00002934,2018,GTA_PA_0053,property,GTA_PA_0057,breeding,92
TX00002935,2018,GTA_PA_0054,slaughterhouse,SH_PA_02,slaughter,162
TX00002936,2018,GTA_PA_0054,property,GTA_PA_0062,other,108
TX00002937,2018,GTA_PA_0055,slaughterhouse,SH_PA_03,slaughter,187
TX00002938,2018,GTA_PA_0055,slaughterhouse,SH_PA_04,slaughter,52
TX00002939,2018,GTA_PA_0055,property,GTA_PA_0059,fattening,18
TX00002940,2018,GTA_PA_0056,slaughterhouse,SH_PA_04,slaughter,238
TX00002941,2018,GTA_PA_0056,property,GTA_PA_0060,breeding,34
TX00002942,2018,GTA_PA_0056,property,GTA_PA_0060,other,6
TX00002943,2018,GTA_PA_0057,slaughterhouse,SH_PA_01,slaughter,149
TX00002944,2018,GTA_PA_0057,slaughterhouse,SH_PA_02,slaughter,33
TX00002945,2018,GTA_PA_0057,property,GTA_PA_0061,other,124
TX00002946,2018,GTA_PA_0058,property,GTA_PA_0062,fattening,109
TX00002947,2018,GTA_PA_0059,slaughterhouse,SH_PA_03,slaughter,189
TX00002948,2018,GTA_PA_0059,slaughterhouse,SH_PA_04,slaughter,50
TX00002949,2018,GTA_PA_0059,property,GTA_PA_0067,breeding,93
TX00002950,2018,GTA_PA_0060,slaughterhouse,SH_PA_04,slaughter,182
TX00002951,2018,GTA_PA_0060,property,GTA_PA_0064,other,80
TX00002952,2018,GTA_PA_0061,slaughterhouse,SH_PA_02,slaughter,160
TX00002953,2018,GTA_PA_0061,slaughterhouse,SH_PA_01,slaughter,43
TX00002954,2018,GTA_PA_0061,property,GTA_PA_0065,fattening,113
TX00002955,2018,GTA_PA_0062,slaughterhouse,SH_PA_02,slaughter,190
TX00002956,2018,GTA_PA_0062,property,GTA_PA_0066,breeding,50
TX00002957,2018,GTA_PA_0063,property,GTA_PA_0067,other,81
TX00002958,2018,GTA_PA_0064,slaughterhouse,SH_PA_04,slaughter,182
TX00002959,2018,GTA_PA_0064,property,GTA_PA_0072,fattening,20
TX00002960,2018,GTA_PA_0065,slaughterhouse,SH_PA_01,slaughter,200
TX00002961,2018,GTA_PA_0065,slaughterhouse,SH_PA_02,slaughter,22
TX00002962,2018,GTA_PA_0065,property,GTA_PA_0069,breeding,92
TX00002963,2018,GTA_PA_0066,slaughterhouse,SH_PA_02,slaughter,208
TX00002964,2018,GTA_PA_0066,property,GTA_PA_0070,other,69
TX00002965,2018,GTA_PA_0067,slaughterhouse,SH_PA_03,slaughter,165
TX00002966,2018,GTA_PA_0067,slaughterhouse,SH_PA_04,slaughter,42
TX00002967,2018,GTA_PA_0067,property,GTA_PA_0071,fattening,73
TX00002968,2018,GTA_PA_0067,property,GTA_PA_0071,other,14
TX00002969,2018,GTA_PA_0068,property,GTA_PA_0072,breeding,47
TX00002970,2018,GTA_PA_0069,slaughterhouse,SH_PA_01,slaughter,203
TX00002971,2018,GTA_PA_0069,slaughterhouse,SH_PA_02,slaughter,41
TX00002972,2018,GTA_PA_0069,property,GTA_PA_0001,other,97
TX00002973,2018,GTA_PA_0070,slaughterhouse,SH_PA_02,slaughter,185
TX00002974,2018,GTA_PA_0070,property,GTA_PA_0002,fattening,107
TX00002975,2018,GTA_PA_0071,slaughterhouse,SH_PA_03,slaughter,184
TX00002976,2018,GTA_PA_0071,slaughterhouse,SH_PA_04,slaughter,32
TX00002977,2018,GTA_PA_0071,property,GTA_PA_0007,breeding,24
TX00002978,2018,GTA_PA_0072,slaughterhouse,SH_PA_04,slaughter,110
TX00002979,2018,GTA_PA_0072,property,GTA_PA_0004,other,64
